station,month,n,baseline_mae,ridge_mae,gain,alpha,is_eligible
25913,12,31,6.7612903225806456,4.741855077675439,2.019435244905207,0.29867601427510215,1
25913,10,31,3.8709677419354844,2.2117949611131182,1.6591727808223662,0.4286196350457779,1
25913,1,31,5.516129032258065,4.09561471293671,1.420514319321355,0.2575201397600117,1
25913,11,30,4.39,3.219666209497232,1.1703337905027675,0.2665908406612227,1
25913,3,31,3.5999999999999996,2.498295149855253,1.1017048501447468,0.30602912504020746,1
25913,2,28,2.439285714285714,1.5716191149438734,0.8676665993418406,0.35570519445931975,1
37235,8,31,1.425806451612903,0.7151178422231746,0.7106886093897283,0.49844676224166473,1
22113,2,28,3.225,2.629024698355415,0.595975301644585,0.18479854314560776,1
22113,12,31,2.8580645161290326,2.2903288568474762,0.5677356592815563,0.19864340223169577,1
22113,11,30,1.8733333333333335,1.3426035331411432,0.5307298001921903,0.28330772252252145,1
29570,11,30,1.56,1.0627777200931612,0.49722227990683887,0.31873223070951207,1
37235,6,30,1.0199999999999998,0.5316994305544275,0.4883005694455723,0.4787260484760514,1
29570,12,31,2.967741935483872,2.4814068587209452,0.48633507676292664,0.1638737758657687,1
22113,1,31,2.4387096774193546,1.9612087601136834,0.47750091730567124,0.19580064069412448,1
37235,7,31,0.9967741935483871,0.5841919169800329,0.4125822765683542,0.4139174942918764,1
30823,12,31,1.6806451612903226,1.3084998511958381,0.3721453100944845,0.2214300309583305,1
29570,1,31,2.832258064516129,2.461668128852806,0.37058993566332266,0.13084610484695902,1
30710,12,31,1.935483870967742,1.5812398106075507,0.3542440603601913,0.1830260978527655,1
37235,9,30,1.0833333333333333,0.7353397563388085,0.3479935769945247,0.3212248403026382,1
30710,1,31,2.035483870967742,1.742979436036099,0.292504434931643,0.14370265424533968,1
34391,8,31,1.2709677419354832,0.9792875913452086,0.29168015059027463,0.2294945347283888,1
26063,10,31,0.7806451612903228,0.491621931369343,0.2890232299209798,0.3702363689070401,1
30710,11,30,1.7266666666666666,1.4435908015917818,0.2830758650748848,0.16394355120167076,1
22837,6,30,1.2566666666666664,0.9751207493516688,0.28154591731499756,0.22404184401723948,1
37235,5,31,0.8161290322580643,0.5354429046668056,0.28068612759125877,0.3439237136493685,1
34163,8,31,1.5806451612903225,1.3028213427346311,0.2778238185556914,0.17576608929033538,1
27595,3,31,1.4322580645161291,1.1641223513026846,0.26813571321344454,0.18721187183821578,1
24959,12,31,1.1096774193548389,0.845047580579671,0.2646298387751679,0.2384745640125059,1
34163,7,26,1.8884615384615389,1.6243663359710696,0.26409520249046925,0.13984674673629732,1
28440,3,31,0.9580645161290323,0.6944237872585515,0.26364072887048084,0.2751805587537005,1
29570,3,31,1.7838709677419355,1.5402548503713749,0.24361611737056066,0.1365659970793378,1
28138,8,31,3.04516129032258,2.81306331458163,0.2320979757409498,0.07621861491493057,1
26063,1,31,0.8000000000000003,0.5744765540897782,0.2255234459102221,0.28190430738777755,1
26063,6,30,0.6166666666666668,0.3931943017307955,0.2234723649358713,0.36238761881492637,1
30823,10,31,1.2548387096774192,1.042086325490877,0.2127523841865422,0.16954560179390255,1
37235,10,31,0.7967741935483874,0.5857627892592858,0.2110114042891016,0.2648321268405727,1
24343,11,30,1.9233333333333336,1.7132303834160494,0.21010294991728418,0.10923896876115294,1
30823,11,30,2.083333333333333,1.8742399181885623,0.20909341514477076,0.10036483926948998,1
35121,8,31,1.3032258064516131,1.0966744325483115,0.20655137390330158,0.15849239086639474,1
35121,3,31,1.532258064516129,1.32722981738069,0.205028247135439,0.13380790865681283,1
30636,7,31,1.2322580645161292,1.0280045125651058,0.20425355195102335,0.16575550027439065,1
24688,6,30,1.4833333333333336,1.2800361325559393,0.20329720077739433,0.1370542926589175,1
37235,4,30,0.8533333333333332,0.6519742235127465,0.2013591098205867,0.23596770682100007,1
30823,8,31,0.538709677419355,0.33794173730357435,0.2007679401157807,0.3726830026101317,1
22113,3,31,1.206451612903226,1.0061557950348365,0.20029581786838935,0.16602059769839758,1
29838,6,30,1.2766666666666662,1.077176613895747,0.19949005277091914,0.15625852697461035,1
26063,7,31,0.7129032258064514,0.518928159486489,0.19397506631996242,0.2720917219872777,1
25563,5,31,1.4387096774193546,1.2448432930095954,0.19386638440975923,0.13475017750454119,1
27595,2,28,1.65,1.4566118759595343,0.19338812404046557,0.11720492366088824,1
34861,3,31,0.5806451612903226,0.39481791818062323,0.1858272431096994,0.3200358075778156,1
34172,2,28,1.3464285714285713,1.1621282998045548,0.18430027162401652,0.13688083834144466,1
35121,9,30,1.0133333333333334,0.8305317367055328,0.1828015966278006,0.1803963124616453,1
24641,8,31,0.9419354838709676,0.7592170052413387,0.18271847862962887,0.19398194649035944,1
30710,8,31,0.7290322580645159,0.548519353605998,0.18051290445851786,0.24760619638115292,1
22837,8,31,0.8516129032258073,0.6719868267437623,0.17962607648204498,0.2109245595054314,1
28722,5,31,1.0161290322580645,0.8381314233206958,0.1779976089373687,0.17517225006534698,1
30710,2,28,1.7892857142857146,1.6151344024643792,0.17415131182133536,0.09733007447100578,1
29570,2,28,1.9678571428571432,1.7941035508072674,0.17375359204987584,0.08829583625039061,1
25563,12,31,4.648387096774194,4.475885632228417,0.17250146454577653,0.03710996114447656,1
30710,9,30,1.0333333333333337,0.8650478455135999,0.16828548781973374,0.16285692369651647,1
29612,5,31,1.2387096774193551,1.071861888354915,0.1668477890644402,0.13469482971348035,1
30393,12,31,1.6645161290322574,1.498853176593189,0.16566295243906848,0.09952619235680474,1
25563,6,30,2.2766666666666664,2.1162645911918925,0.16040207547477392,0.07045479157017889,1
29866,8,31,1.2161290322580651,1.057012200561311,0.15911683169675417,0.13083877407425404,1
28900,7,31,0.6419354838709679,0.48834743170326983,0.15358805216769805,0.2392577697084743,1
30710,7,31,0.8322580645161293,0.679697086769462,0.15256097774666721,0.18330970194366986,1
26063,4,30,0.5466666666666667,0.3944162370667171,0.15225042959994967,0.27850688341454205,1
24908,1,31,2.7645161290322586,2.6127495616230854,0.15176656740917327,0.054898058222688104,1
31707,12,31,1.8451612903225811,1.6948716554672774,0.15028963485530378,0.08145067623276951,1
28138,7,27,2.5444444444444447,2.396035660450945,0.14840878399349977,0.05832659632932305,1
29866,6,19,1.1473684210526323,1.000078942597868,0.14728947845476426,0.1283715637908495,1
28440,6,30,0.8500000000000001,0.7033767282575059,0.14662327174249423,0.17249796675587556,1
28138,12,31,2.6741935483870964,2.5276957824539292,0.1464977659331672,0.05478203551179957,1
30636,6,30,1.313333333333333,1.1679585595655975,0.14537477376773555,0.11069145210741288,1
29866,3,19,1.5947368421052632,1.4530755725706088,0.1416612695346544,0.08883049904813313,1
34861,2,28,0.942857142857143,0.8032200655033377,0.13963707735380526,0.14809993052676315,1
34861,4,30,0.52,0.38056692055815927,0.13943307944184075,0.2681405373881553,1
26063,2,28,0.6678571428571428,0.5289571073987481,0.1389000354583947,0.20797866271845195,1
24738,8,31,1.0225806451612902,0.8839940309179372,0.13858661424335306,0.13552634200454086,1
35121,7,31,0.8645161290322579,0.7268136412828983,0.13770248774935967,0.15928272836679666,1
31388,9,30,1.0299999999999996,0.8930151052473919,0.13698489475260767,0.1329950434491337,1
31004,12,31,1.2935483870967734,1.1566278289676408,0.13692055812913262,0.10584881052376842,1
34861,5,31,0.7064516129032259,0.5699346731125592,0.1365169397906667,0.19324315678130902,1
30710,4,30,0.8766666666666667,0.7404848803311534,0.13618178633551326,0.15534044068689723,1
30230,6,30,0.8366666666666662,0.7024083765703395,0.13425829009632673,0.1604680758123428,1
30393,11,30,1.573333333333333,1.4392377606732325,0.13409557266010053,0.0852302368602334,1
31873,4,30,1.7866666666666668,1.6548655737738283,0.1318010928928386,0.07376926841017084,1
31004,1,31,1.4354838709677415,1.3046647012133932,0.13081916975434837,0.09113245533448991,1
29838,9,30,1.3866666666666665,1.2560484784612271,0.13061818820543936,0.09419580880199954,1
29866,7,30,0.8833333333333333,0.7537173843295771,0.12961594900375617,0.14673503660802587,1
35121,6,30,0.876666666666667,0.7471064479559618,0.12956021871070522,0.14778732172323783,1
31388,8,20,0.6050000000000005,0.4787489439045616,0.12625105609543896,0.20867943156270885,1
30521,1,31,1.7000000000000004,1.5740158986586277,0.12598410134137272,0.07410829490668983,1
30710,10,31,0.9580645161290322,0.8326297363088689,0.12543477982016327,0.13092519105808287,1
35121,5,31,1.1451612903225805,1.0201098748161241,0.12505141550645638,0.10919982762535628,1
30710,6,30,0.8533333333333333,0.7283019490688563,0.12503138426447702,0.14652115343493402,1
30965,2,28,2.9142857142857146,2.7896265209337554,0.12465919335195919,0.04277521340508403,1
21946,7,31,1.4709677419354839,1.3479452306295168,0.12302251130596709,0.08363372479133728,1
31004,7,31,0.9387096774193546,0.8160934988801384,0.12261617853921625,0.13062204586651904,1
29612,7,31,0.6290322580645162,0.5067387725969345,0.12229348546758179,0.19441528458948895,1
37235,3,31,0.7161290322580646,0.5948111022253023,0.12131793003276226,0.16940792031601937,1
21946,10,31,1.3000000000000003,1.178908392799161,0.12109160720083922,0.0931473901544917,1
34391,7,31,0.829032258064516,0.7091528446810446,0.11987941338347141,0.14460162703842858,1
32411,2,28,2.15,2.0301509515274723,0.11984904847252764,0.05574374347559426,1
30252,7,31,1.058064516129032,0.9383334601992693,0.11973105592976274,0.11316044920190993,1
29430,1,31,0.8774193548387098,0.7608982302937252,0.11652112454498464,0.13279981106229866,1
21982,10,31,0.9580645161290322,0.8420150937784345,0.11604942235059768,0.12112902669591004,1
29866,12,31,2.0258064516129033,1.9097712957810604,0.11603515583184287,0.057278500490240906,1
30054,4,30,1.16,1.043991214771015,0.11600878522898483,0.10000757347326279,1
27333,7,26,1.6076923076923075,1.4918715407340402,0.11582076695826737,0.07204162538074048,1
25551,1,30,2.386666666666667,2.2713644120167413,0.11530225464992583,0.04831100055164489,1
25551,11,30,3.2833333333333328,3.168065269896567,0.11526806343676599,0.03510702439698457,1
30054,5,31,0.6806451612903228,0.5662079025074326,0.11443725878289024,0.16813056977581026,1
24688,9,30,2.413333333333333,2.2991068134684225,0.11422651986491061,0.04733143088325026,1
25563,7,31,1.470967741935484,1.3585577883161244,0.11240995361935968,0.07641904741666995,1
24908,9,30,1.4766666666666668,1.3663975912622441,0.11026907540442266,0.07467431742963158,1
22837,7,31,1.2516129032258065,1.1421693654726284,0.10944353775317817,0.08744200181310625,1
25703,8,31,1.7322580645161292,1.6253261941588906,0.10693187035723861,0.06172975756190683,1
22837,5,31,1.4322580645161294,1.3254440297900143,0.10681403472611506,0.07457736658805329,1
24908,6,30,1.22,1.1136465764682795,0.1063534235317205,0.08717493732108238,1
28900,2,28,0.7535714285714287,0.6477866287391519,0.10578479983227673,0.14037793342671792,1
34861,1,31,0.5129032258064516,0.4072248418771892,0.10567838392926243,0.20603961646585756,1
24959,11,30,1.5266666666666673,1.4218242101886285,0.1048424564780388,0.06867409812971971,1
28434,8,31,1.3096774193548386,1.2049823606159213,0.10469505873891727,0.07993957686961664,1
23891,8,31,1.0225806451612904,0.9183198672798155,0.10426077788147492,0.10195848941090606,1
26063,8,31,0.5677419354838712,0.4635025361099022,0.10423939937396898,0.1836034875336953,1
37235,12,31,0.9032258064516128,0.7993463351128064,0.10387947133880637,0.11500941469653564,1
21946,1,31,2.0322580645161294,1.9286486478444926,0.10360941667163681,0.050982411378106995,1
29612,12,31,1.5096774193548386,1.4063436787572774,0.10333374059756117,0.06844756321633326,1
29866,4,20,1.36,1.257369559815291,0.10263044018470913,0.07546355895934494,1
34172,3,31,1.2580645161290323,1.1554514868266228,0.10261302930240945,0.08156420277883829,1
24966,4,29,2.0275862068965513,1.9250950929078128,0.10249111398873856,0.050548338531860866,1
25551,2,28,2.224999999999999,2.1225551115279147,0.10244488847208455,0.04604264650430768,1
30823,2,28,1.4428571428571426,1.340914400481447,0.10194274237569556,0.07065338580493753,1
29263,8,31,0.8354838709677421,0.7336022041538603,0.10188166681388178,0.12194330776951098,1
23891,4,30,1.6600000000000001,1.558684517637727,0.10131548236227306,0.06103342310980304,1
27648,6,30,0.5666666666666671,0.46585890612062486,0.10080776054604224,0.17789604802242734,1
31329,9,30,0.7000000000000001,0.5993673811515305,0.10063261884846952,0.14376088406924217,1
21946,11,30,1.9700000000000002,1.8705704142656687,0.09942958573433147,0.05047187093113272,1
28434,6,30,1.1,1.0013575233489547,0.09864247665104542,0.08967497877367765,1
24125,6,30,0.6366666666666669,0.5380862625304175,0.09858040413624947,0.15483833110405668,1
21982,11,30,1.5066666666666668,1.4089114691579696,0.09775519750869721,0.06488176825798486,1
24908,7,31,0.9451612903225806,0.8475728266625343,0.09758846366004625,0.10325059295090219,1
24817,4,30,2.3466666666666662,2.2490900229311843,0.09757664373548192,0.04158095613727923,1
25703,2,28,2.5642857142857145,2.4667093205975013,0.09757639368821325,0.03805207553300795,1
24738,7,31,1.1096774193548384,1.0125058164656755,0.09717160288916293,0.08756743283616429,1
28224,8,31,1.3387096774193545,1.2415979002218116,0.09711177719754294,0.07254132754515256,1
37031,6,30,0.73,0.6330553153946714,0.09694468460532857,0.13280093781551858,1
26063,3,31,0.5903225806451612,0.49339222053490983,0.09693036011025136,0.1641989706785679,1
28722,8,31,1.1774193548387093,1.081249087439366,0.0961702673993432,0.08167885724327781,1
25551,3,31,3.4000000000000012,3.3045347862134187,0.09546521378658257,0.028078004054877218,1
28698,5,31,0.7548387096774194,0.6594665648655961,0.09537214481182332,0.12634771321224456,1
24966,11,30,2.6133333333333337,2.5182834827816545,0.09504985055167925,0.03637111628253032,1
31594,5,31,1.2967741935483872,1.2021205326545328,0.09465366089385441,0.07299162904749966,1
29866,5,17,1.1999999999999997,1.1055558081995795,0.09444419180042019,0.07870349316701684,1
30393,1,30,1.6233333333333329,1.528897501829724,0.0944358315036089,0.0581740235135168,1
29231,5,31,1.5677419354838709,1.4734187131462357,0.09432322233763513,0.060165018363512124,1
30521,9,30,1.39,1.2959400205064806,0.0940599794935193,0.06766904999533763,1
28440,5,31,1.2322580645161287,1.1392507670064458,0.09300729750968295,0.0754771262513134,1
23891,6,30,1.0266666666666666,0.9340301141610209,0.09263655250564573,0.09023040828471987,1
24641,3,31,1.654838709677419,1.5626553216615546,0.09218338801586445,0.05570536117917736,1
34172,1,30,1.7133333333333332,1.621183357136868,0.09214997619646526,0.05378403279949334,1
27459,1,31,1.2387096774193553,1.1466664362751782,0.09204324114417717,0.07430574154868466,1
24738,9,30,1.0599999999999998,0.967987395047206,0.09201260495279384,0.08680434429508854,1
31329,5,31,0.8000000000000002,0.7088711572010923,0.09112884279890787,0.11391105349863481,1
23921,8,31,1.1258064516129025,1.0353628858297876,0.09044356578311485,0.08033669166981554,1
28434,7,31,0.9096774193548386,0.8211580734963148,0.08851934585852383,0.09730850076646239,1
30636,8,31,0.9645161290322581,0.8760429727550448,0.0884731562772133,0.09172802155831479,1
31594,10,31,1.3064516129032258,1.2183355315652462,0.08811608133797955,0.06744687707351521,1
37031,7,31,1.5774193548387099,1.4898414066560242,0.08757794818268572,0.05551976265160034,1
22217,1,31,1.4096774193548387,1.3221282709976232,0.0875491483572155,0.06210580318246409,1
25703,11,30,2.9133333333333336,2.8261107535074235,0.08722257982591008,0.029939100626742588,1
30393,9,30,1.2433333333333332,1.1568086110627325,0.0865247222706007,0.06959092944016143,1
24908,4,30,2.4099999999999997,2.3242371358544562,0.08576286414554346,0.03558625068279812,1
31915,4,30,1.4533333333333327,1.3681446668640456,0.08518866646928713,0.05861605491005998,1
28440,8,31,1.0064516129032257,0.9215253277774875,0.08492628512573819,0.08438188586211166,1
24688,10,31,2.2096774193548385,2.1255223704185235,0.08415504893631498,0.03808476667190897,1
31416,4,30,1.97,1.8860845161451931,0.08391548385480685,0.0425966923120847,1
24266,11,30,3.4400000000000004,3.3579303640282867,0.08206963597171368,0.023857452317358627,1
29231,7,31,0.8677419354838714,0.7864551534489593,0.08128678203491202,0.09367621721495432,1
32098,1,31,2.6774193548387095,2.596754740188667,0.08066461465004249,0.030127747640377317,1
30777,4,30,1.2566666666666668,1.176116253980016,0.08055041268665075,0.06409847163393959,1
29838,8,31,1.0935483870967742,1.0145569772893124,0.07899140980746178,0.07223403256729544,1
31416,1,31,2.029032258064516,1.9501303017615716,0.07890195630294428,0.03888649674707906,1
31416,5,31,1.1387096774193548,1.0600894620915973,0.07862021532775754,0.06904324858811568,1
29838,7,31,1.2580645161290318,1.1796271462131596,0.07843736991587225,0.06234765301005232,1
25551,10,31,2.4580645161290318,2.3800137872668987,0.07805072886213305,0.03175292119063156,1
21946,8,31,1.2935483870967743,1.2156536707256027,0.07789471637117162,0.06021786053631721,1
24507,11,30,2.5366666666666666,2.45901083627577,0.07765583039089652,0.030613336553572873,1
28900,12,31,0.8516129032258064,0.7750238582303838,0.07658904499542263,0.08993410586583718,1
31329,6,30,1.1200000000000003,1.043508616936723,0.07649138306327741,0.0682958777350691,1
23405,6,30,0.956666666666667,0.8804793396774254,0.07618732698924158,0.07963832089467758,1
25563,8,31,1.6096774193548389,1.5338696890384886,0.07580773031635024,0.047094982761660464,1
32389,1,31,2.1580645161290324,2.082304731602416,0.07575978452661625,0.03510543079708675,1
31369,6,30,1.32,1.2449062430267404,0.0750937569732597,0.056889209828227046,1
27595,12,31,1.4838709677419355,1.4089287586644357,0.07494220907749982,0.050504532204402056,1
29612,4,30,0.7733333333333332,0.6985436439457615,0.07478968938757169,0.09671080524254962,1
31329,3,31,1.1419354838709677,1.067309329837694,0.07462615403327355,0.06535058686529605,1
31594,3,31,2.1225806451612907,2.048036416346507,0.07454422881478395,0.035119621478089696,1
30054,7,31,0.7290322580645165,0.6548548799965404,0.0741773780679762,0.10174773097819738,1
27823,7,31,0.7741935483870964,0.7000163946626502,0.07417715372444622,0.0958121568940764,1
30230,8,31,0.5806451612903227,0.5064926852719499,0.07415247601837283,0.12770704203164204,1
29282,7,31,0.7612903225806454,0.687164086219111,0.07412623636153448,0.0973692087799817,1
24507,7,31,0.9709677419354834,0.8972297586192138,0.07373798331626957,0.07594277351509494,1
31369,7,31,1.0774193548387097,1.0036818263354266,0.07373752850328308,0.068439023461131,1
25703,1,30,2.52,2.4464917044555468,0.07350829554445326,0.029169958549386216,1
32098,10,31,1.7516129032258065,1.6784741611286897,0.0731387420971168,0.0417550829652048,1
28900,8,31,0.6,0.5269229958797625,0.07307700412023743,0.12179500686706239,1
21946,5,31,1.2000000000000002,1.127076377883648,0.07292362211635228,0.06076968509696023,1
29866,2,15,1.7733333333333334,1.7007882919339086,0.07254504139942486,0.0409088579320065,1
30372,3,31,2.2322580645161296,2.160040269754278,0.07221779476185164,0.032351902277708094,1
31329,4,30,1.2,1.1280499947379858,0.07195000526201412,0.0599583377183451,1
24951,9,30,1.3299999999999998,1.2582419291813816,0.07175807081861829,0.053953436705728046,1
32061,3,31,2.1580645161290315,2.0863264890739197,0.07173802705511179,0.033241836154087684,1
24507,12,31,2.254838709677419,2.1831299319510253,0.07170877772639361,0.031802176101834084,1
31532,4,30,1.943333333333333,1.8718221704140316,0.07151116291930126,0.0367981970425221,1
30710,5,31,1.0419354838709676,0.9704983329483551,0.07143715092261249,0.06856197147371479,1
36034,5,31,1.561290322580645,1.4903560719157407,0.07093425066490422,0.045433094434132876,1
30823,1,31,2.1838709677419357,2.1130391960877732,0.07083177165416243,0.032434046104564775,1
30965,4,30,1.7333333333333334,1.6625052570617795,0.07082807627155385,0.04086235169512722,1
37031,8,31,0.9032258064516127,0.8326223852263498,0.07060342122526286,0.0781680734993982,1
30823,7,31,0.5612903225806449,0.49113819239677237,0.07015213018387256,0.12498368021264657,1
24966,9,30,1.903333333333333,1.8332122812124416,0.07012105212089148,0.03684118325090621,1
30710,3,31,1.12258064516129,1.0528048688276643,0.06977577633362575,0.06215658236616088,1
30521,6,30,0.9733333333333332,0.9035776480544515,0.06975568527888165,0.0716667999440565,1
28440,2,28,1.1,1.0307123261277045,0.06928767387229562,0.06298879442935965,1
31594,12,31,1.9709677419354834,1.9023623727619656,0.06860536917351778,0.03480796144646566,1
24641,4,30,1.1133333333333335,1.0448285973328255,0.06850473600050799,0.06153120000045627,1
23884,1,31,2.1870967741935488,2.118757989575657,0.06833878461789178,0.031246346949183552,1
29263,4,30,1.613333333333333,1.5450047315847755,0.0683286017485576,0.042352439100345626,1
23891,7,31,0.9709677419354844,0.9030496343169847,0.0679181076184997,0.06994888160044815,1
28064,6,30,0.7499999999999997,0.6822277825489333,0.06777221745106632,0.0903629566014218,1
29282,6,30,1.21,1.142536807914523,0.06746319208547691,0.05575470420287348,1
28275,6,30,0.7533333333333336,0.6861335687740241,0.06719976455930954,0.08920322729111882,1
29838,5,31,1.8806451612903228,1.8135227893015031,0.06712237198881965,0.03569114119474115,1
27595,1,31,1.4677419354838712,1.4006979534447561,0.0670439820391151,0.04567831743324325,1
31909,1,31,1.7548387096774194,1.6878096271493495,0.06702908252806994,0.03819671982298103,1
29698,6,30,1.0899999999999996,1.023221239232468,0.06677876076753164,0.06126491813535015,1
30949,6,30,1.02,0.9532603305500854,0.06673966944991461,0.06543104848030844,1
23933,6,30,0.8866666666666665,0.8209038200366489,0.06576284663001764,0.0741686240188169,1
30372,4,30,1.8033333333333337,1.7377418595789222,0.06559147375441143,0.036372351434978606,1
25551,8,31,1.6419354838709674,1.576675712711553,0.0652597711594145,0.039745636658975445,1
29570,4,30,0.7766666666666667,0.711916818881336,0.06474984778533077,0.08336890272789368,1
34861,11,30,0.7100000000000002,0.6453467155022552,0.06465328449774499,0.09106096408133095,1
24688,11,30,2.3600000000000003,2.295436046649836,0.0645639533501643,0.027357607351764526,1
27459,11,30,0.8766666666666667,0.8123529489018687,0.064313717764798,0.07336165524501673,1
22602,2,28,1.0464285714285715,0.9822001705716569,0.06422840085691461,0.0613786765868126,1
28440,7,31,0.729032258064516,0.6651376509662107,0.0638946070983053,0.08764304513484357,1
24507,6,30,0.85,0.7861426178904114,0.06385738210958858,0.07512633189363363,1
30372,7,31,0.938709677419355,0.8749764527021796,0.06373322471717535,0.06789450055781565,1
31915,1,31,1.5129032258064519,1.4492273073374358,0.0636759184690161,0.04208856018207886,1
31168,12,31,1.8451612903225802,1.7815269005578487,0.06363438976473157,0.03448716927808879,1
31960,1,31,2.1709677419354843,2.107528708976122,0.06343903295936215,0.02922154564249965,1
24817,7,31,1.1483870967741938,1.0852067480820604,0.0631803486921334,0.05501659577123975,1
29698,7,31,1.0483870967741933,0.9853045771585621,0.06308251961563116,0.06017101871029435,1
26063,12,31,0.5903225806451613,0.5273139071339126,0.06300867351124873,0.10673600430867271,1
30372,9,30,0.9766666666666667,0.9138889166413001,0.06277775002536656,0.06427755975293505,1
31873,10,31,1.5870967741935489,1.5246501491301605,0.062446625063388383,0.03934645075132193,1
24266,4,30,2.4533333333333327,2.391062998065283,0.06227033526804959,0.025381930136433264,1
29866,11,30,1.75,1.6880221302053855,0.061977869794614504,0.035415925596922575,1
30777,1,31,1.3806451612903232,1.3194171141596107,0.061228047130712504,0.04434741731430109,1
31960,3,31,1.3322580645161295,1.2711441866924644,0.061113877823665064,0.0458724022405234,1
31369,3,31,2.0290322580645164,1.968140139683366,0.060892118381150384,0.030010424003428644,1
31168,10,31,1.4193548387096775,1.3584990972122524,0.06085574149742512,0.04287563605500406,1
24266,9,30,1.5766666666666667,1.5162325736759241,0.06043409299074254,0.03833029153746884,1
29612,8,31,0.6838709677419356,0.6235328474402648,0.06033812030167074,0.08823027025244305,1
31369,12,31,2.3451612903225802,2.2848527586362515,0.06030853168632877,0.025716155189493703,1
25703,6,30,1.1433333333333335,1.0831883793670598,0.06014495396627373,0.052604916005487216,1
31909,4,30,1.6866666666666665,1.6268408260408704,0.0598258406257961,0.03546986598367358,1
23891,5,31,1.3806451612903226,1.3210945533204608,0.05955060796986178,0.04313244969779709,1
30372,2,28,3.0285714285714285,2.9693485759311984,0.059222852640230084,0.019554715494415596,1
23724,6,30,0.8733333333333337,0.8142727905343038,0.05906054279902995,0.06762657572408005,1
29612,3,31,0.9903225806451617,0.9314304556743942,0.05889212497076746,0.05946761804865767,1
24944,9,30,0.9700000000000001,0.9115587153018111,0.05844128469818899,0.060248747111535036,1
28224,5,31,1.0548387096774199,0.9964686150766077,0.05837009460081222,0.05533556368884336,1
28722,7,31,0.9225806451612901,0.8642539355043786,0.05832670965691156,0.06322125871903002,1
31329,2,28,1.6607142857142863,1.6024562028909113,0.05825808282337497,0.03508013589364513,1
31369,10,31,1.3451612903225807,1.2869921878150898,0.058169102507490855,0.04324321769142006,1
34824,6,30,0.7400000000000002,0.6822527436299215,0.057747256370078714,0.07803683293253878,1
24908,5,31,1.2516129032258065,1.1938685816324708,0.05774432159333576,0.04613592704622187,1
29698,1,31,2.2677419354838704,2.210223461834087,0.05751847364978335,0.025363765051824815,1
24951,3,31,2.648387096774194,2.590943690282312,0.057443406491882065,0.021689958602294078,1
31873,5,31,1.1129032258064515,1.0557142744723287,0.05718895133412283,0.05138717366254515,1
36034,4,30,1.48,1.4229657547082109,0.05703424529178913,0.038536652224181844,1
30777,9,30,1.2633333333333334,1.2064890129113164,0.056844320422017036,0.04499550429183406,1
23631,5,31,1.1096774193548384,1.0528532553546923,0.056824164000146116,0.05120782220943401,1
23631,6,30,0.9400000000000002,0.8832313967742774,0.05676860322572275,0.0603921310911944,1
27459,12,31,1.6387096774193548,1.581975571757064,0.05673410566229076,0.03462120621124042,1
22887,7,31,0.6677419354838714,0.6114858261683078,0.056256109315563574,0.08424827965132704,1
26063,11,30,0.42,0.3637802114883948,0.056219788511605195,0.1338566393133457,1
30758,5,31,0.703225806451613,0.6471694026490696,0.0560564038025434,0.07971323476508463,1
31873,3,31,1.4903225806451614,1.4344346912231023,0.055887889422059134,0.037500531863286425,1
31915,10,31,1.7,1.6441873062936212,0.05581269370637876,0.032830996297869855,1
24951,11,30,1.5733333333333335,1.517733126827254,0.05560020650607944,0.035339114304711504,1
23472,7,31,1.0967741935483875,1.0415546680345544,0.05521952551383302,0.050347214439083035,1
24817,8,31,1.4129032258064516,1.3577152661113718,0.055187959695079725,0.03905997147368657,1
29698,4,30,1.4966666666666666,1.4415945043519645,0.05507216231470213,0.03679654497641568,1
30393,6,30,0.7766666666666667,0.7216890331891078,0.05497763347755891,0.07078665254621318,1
31388,6,30,0.7566666666666663,0.7019859681766731,0.05468069848999313,0.07226524029514514,1
30673,10,31,1.6290322580645165,1.5744086392043308,0.05462361886018563,0.033531330389420876,1
32098,2,28,2.060714285714286,2.0060981343404314,0.05461615137385456,0.02650350499944415,1
30949,3,31,1.3322580645161293,1.2779680135820632,0.054290050934066025,0.04075040142750718,1
31707,1,31,1.6935483870967742,1.6392806395259887,0.05426774757078556,0.032043812851321,1
22113,9,30,0.7666666666666667,0.7124321774533964,0.05423448921327034,0.07074063810426566,1
28722,6,30,0.9599999999999996,0.905910194557624,0.05408980544237563,0.056343547335807966,1
29263,7,31,0.7967741935483869,0.7432610791210221,0.05351311442736473,0.06716220839061972,1
30925,4,30,1.3466666666666665,1.2931680300039845,0.05349863666268195,0.039726710393080664,1
23884,12,31,2.948387096774194,2.894896315342951,0.05349078143124286,0.018142387575148015,1
30777,6,30,0.5266666666666665,0.4733109437692171,0.05335572289744939,0.10130833461541026,1
30925,5,31,1.1548387096774195,1.101574002705141,0.053264706972278475,0.04612307028325789,1
31168,7,31,0.9322580645161287,0.8790304057965632,0.053227658719565474,0.05709541246735399,1
30673,5,31,1.1741935483870967,1.1210566435174047,0.053136904869691914,0.045253957443968394,1
28661,9,30,0.8000000000000002,0.7470421338522261,0.05295786614777409,0.0661973326847176,1
23631,7,31,0.8516129032258064,0.7992778892939362,0.05233501393187023,0.061453993632120354,1
29698,5,31,1.2161290322580647,1.163795245732774,0.05233378652529064,0.04303308706323633,1
22583,8,31,0.7451612903225807,0.6929927984834594,0.05216849183912131,0.07000966437284678,1
22641,7,31,0.7935483870967742,0.7414306119983559,0.052117775098418306,0.06567687105898241,1
36034,6,30,1.1800000000000002,1.1280030684813989,0.0519969315186013,0.04406519620220448,1
30925,12,31,1.2741935483870968,1.2222620253779524,0.05193152300914439,0.040756385146417114,1
30054,8,31,0.6580645161290325,0.6062153370197334,0.05184917910929909,0.07879041923471918,1
31707,2,28,1.721428571428571,1.6696211656295212,0.051807405799049855,0.030095588430983325,1
29838,4,30,1.3766666666666665,1.324865257370552,0.05180140929611454,0.03762814234584592,1
30965,10,31,1.4096774193548387,1.3582469205527867,0.05143049880205197,0.03648387786873252,1
29430,10,31,0.5774193548387099,0.5261720300712968,0.051247324767413116,0.08875235015585509,1
31532,11,30,2.1066666666666665,2.0554862449870432,0.05118042167962322,0.02429450396184647,1
21946,12,31,1.8258064516129036,1.7746280485565735,0.051178403056330035,0.02803057411212422,1
30054,10,31,0.8677419354838709,0.8168394484294033,0.05090248705446765,0.05866085868730473,1
28698,2,28,1.407142857142858,1.3563707135450638,0.05077214359779414,0.03608172641467602,1
31594,11,30,1.7133333333333334,1.662585204495574,0.050748128837759365,0.029619530450054103,1
28224,10,31,0.8451612903225805,0.7944218382741529,0.05073945204842756,0.06003522952294865,1
24125,8,31,1.0193548387096774,0.9686317735745967,0.050723065135080625,0.04975996896162973,1
34824,9,30,0.6766666666666665,0.6260192866503961,0.05064738001627045,0.07484834485163122,1
28722,1,31,0.9129032258064516,0.8624402650872302,0.050462960719221406,0.05527744813766303,1
24688,1,31,1.4258064516129036,1.3753986161872669,0.05040783542563676,0.035353911723862874,1
23884,7,31,1.0483870967741937,0.998137171276791,0.0502499254974027,0.04793069816675334,1
31707,6,30,0.7633333333333332,0.7132462933226692,0.050087040010664,0.06561620962095721,1
22820,5,31,0.7741935483870968,0.7243109237008305,0.04988262468626625,0.06443172355309391,1
31388,3,31,1.6161290322580646,1.566438168464282,0.049690863793782514,0.03074684186840834,1
23724,8,31,0.703225806451613,0.6536795634486533,0.04954624300295973,0.07045566665558493,1
23205,10,31,0.7645161290322581,0.715303814607497,0.04921231442476104,0.06437053785517266,1
30252,6,30,0.8566666666666667,0.8074848495737563,0.04918181709291036,0.057410681431412876,1
31532,5,31,1.1451612903225812,1.0960250472822037,0.04913624304037745,0.04290770519018874,1
30777,3,31,1.532258064516129,1.4832917614059045,0.04896630311022454,0.03195695571404128,1
29698,9,30,1.0066666666666666,0.9577032715235186,0.04896339514314796,0.04863913424816023,1
30673,9,30,1.3766666666666663,1.3282382242098008,0.048428442456865506,0.03517804536818318,1
31909,10,31,1.5645161290322582,1.5161173528259997,0.04839877620625854,0.030935300255546694,1
28224,7,27,1.348148148148148,1.2998178819546293,0.04833026619351877,0.03584937327541227,1
30521,4,30,1.1699999999999997,1.1216933676643832,0.048306632335616495,0.04128771994497137,1
22550,6,30,0.7466666666666665,0.6984577633652692,0.048208903301397266,0.06456549549294278,1
34391,1,31,1.5451612903225806,1.4969951749113752,0.04816611541120541,0.031172225005164256,1
31510,5,31,0.8548387096774192,0.8066991890425848,0.0481395206348344,0.056314156214334596,1
24966,5,31,0.9548387096774191,0.9067925986156997,0.04804611106171941,0.05031856226058453,1
30949,2,28,2.0785714285714287,2.0306303342674004,0.047941094304028375,0.023064443995065197,1
29231,4,30,1.2633333333333334,1.2154545736808324,0.04787875965250099,0.037898754342349066,1
32098,3,31,2.103225806451613,2.055373326507189,0.04785247994442399,0.02275194598584576,1
23921,7,31,0.967741935483871,0.9199376647975256,0.04780427068634541,0.049397746375890256,1
30925,8,31,0.9612903225806453,0.9137441677485862,0.04754615483205904,0.04946076509375268,1
29430,12,31,0.8709677419354838,0.8236045015393841,0.047363240396099626,0.054380016751077356,1
24817,5,31,1.0225806451612904,0.9753146015091956,0.04726604365209486,0.04622231398154386,1
23955,5,31,1.6419354838709679,1.5950065204211117,0.0469289634498562,0.0285814905097356,1
31594,9,30,1.5266666666666666,1.4799143365709782,0.046752330095688466,0.030623797005909476,1
30965,9,30,1.2100000000000002,1.1632566881055006,0.04674331189449954,0.038630836276445896,1
27648,7,31,1.0451612903225804,0.9984657734284489,0.04669551689413154,0.044677809374014756,1
24966,3,28,2.982142857142857,2.9355173876640377,0.046625469478819515,0.015634887968945466,1
28493,8,31,1.0548387096774197,1.0082619750786017,0.04657673459881795,0.04415531414566838,1
23933,7,31,0.7193548387096769,0.6729004394529802,0.0464543992566967,0.06457786443756049,1
24959,9,30,0.9799999999999999,0.933551003240265,0.046448996759734906,0.04739693546911726,1
31004,9,30,1.3599999999999999,1.3137650563130525,0.04623494368694736,0.03399628212275541,1
27648,8,31,0.9451612903225803,0.8989370429813737,0.04622424734120667,0.048906200258614585,1
32411,1,31,1.7677419354838708,1.7215930417299252,0.0461488937539456,0.026106126028691855,1
23472,12,31,2.4967741935483865,2.4506598023599855,0.046114391188400994,0.018469588202072753,1
23711,4,30,0.9299999999999998,0.8838916360512101,0.0461083639487897,0.04957888596644055,1
28900,3,31,0.7290322580645162,0.6831239685783309,0.045908289486185305,0.06297154752529842,1
22550,4,30,0.6066666666666669,0.5609244353058794,0.04574223136078748,0.07539928246283648,1
24817,6,30,1.1966666666666663,1.150979563745312,0.04568710292135436,0.038178637538736244,1
20674,10,31,0.4483870967741936,0.4028399253867864,0.04554717138740716,0.10158002251867783,1
20674,8,31,0.458064516129032,0.41285570997347415,0.045208806155557835,0.0986952810438235,1
29570,7,31,0.6032258064516133,0.5580412406840992,0.04518456576751406,0.07490489512261685,1
23631,8,31,1.0419354838709676,0.9967602723913961,0.045175211479571487,0.04335701411352063,1
31253,9,30,0.98,0.9348410778023617,0.045158922197638285,0.046080532854732945,1
21946,9,30,0.8999999999999999,0.8553381890431758,0.04466181095682409,0.04962423439647121,1
37472,4,30,0.5633333333333332,0.5187725291872253,0.04456080414610797,0.07910201919427451,1
34880,5,31,0.45483870967741946,0.4103084376778207,0.04453027199959875,0.09790343489273481,1
30949,5,31,1.1354838709677417,1.0909788792336905,0.0445049917340512,0.03919473703851101,1
30673,4,30,1.4366666666666668,1.3922315267544811,0.04443513991218562,0.030929331725419222,1
31510,3,31,1.7322580645161287,1.687931250794892,0.0443268137212367,0.025589035853972774,1
32061,10,31,1.1677419354838707,1.123528802446056,0.04421313303781482,0.03786207525337734,1
24343,5,30,0.7333333333333332,0.6892721015903411,0.044061231742992035,0.06008349783135279,1
28900,5,31,0.6677419354838706,0.6238233510040121,0.043918584479858525,0.06577179318239686,1
31510,9,30,1.13,1.0865562267075393,0.04344377329246063,0.038445817072974016,1
30521,8,31,0.9193548387096776,0.8760454269596069,0.04330941175007075,0.04710848295621729,1
28661,4,30,0.6966666666666664,0.6534476158766584,0.043219050790007985,0.06203691500958086,1
24908,3,31,2.519354838709678,2.4761808452104503,0.04317399349922768,0.01713692443631316,1
34861,9,30,0.49333333333333323,0.4501987385691887,0.04313459476414455,0.08743498938677952,1
30393,2,28,1.2642857142857145,1.2212362025727412,0.04304951171297322,0.03405046124189972,1
28698,3,31,1.1903225806451612,1.1473975689513003,0.04292501169386087,0.03606166294064193,1
24688,2,28,1.485714285714287,1.442827390265382,0.042886895448905005,0.02886617962907065,1
30230,5,31,0.8741935483870966,0.8313514326962693,0.0428421156908273,0.049007586214599504,1
31960,10,31,1.7,1.6571824527182306,0.04281754728176934,0.02518679251868785,1
24738,5,31,1.3548387096774193,1.3121246092821912,0.04271410039522805,0.031527074101239755,1
30393,4,30,1.6566666666666665,1.614118744122978,0.04254792254368844,0.025682850629993027,1
31707,7,31,0.532258064516129,0.4900671750757325,0.042190889440396506,0.07926773167589647,1
27333,11,30,0.6733333333333333,0.6311630575176388,0.04217027581569455,0.06262912249855626,1
30372,6,30,1.1666666666666672,1.124728593585409,0.04193807308125819,0.03594691978393557,1
31873,12,31,2.1258064516129034,2.083884722339244,0.04192172927365956,0.019720388580932415,1
24944,5,31,0.8774193548387096,0.8355881612156255,0.04183119362308407,0.04767525743807376,1
31369,9,30,1.8700000000000006,1.8282313252247775,0.04176867477522306,0.02233618971937061,1
30673,3,31,2.132258064516128,2.0905242838600837,0.041733780656044495,0.019572574891639636,1
23405,1,31,1.5225806451612898,1.4808593861562038,0.04172125900508594,0.02740167434656069,1
22837,4,30,1.2366666666666668,1.19527412502208,0.04139254164458683,0.033471057933628166,1
30925,9,30,0.8699999999999998,0.8287651081383051,0.04123489186169471,0.047396427427235314,1
32061,1,30,2.113333333333333,2.072175738096497,0.04115759523683593,0.019475202793455493,1
23724,4,30,0.8500000000000001,0.8089187788461509,0.04108122115384916,0.04833084841629312,1
28722,12,31,0.9580645161290322,0.917086346398999,0.04097816973003321,0.042771826990943757,1
24507,9,30,1.0533333333333337,1.01238211365549,0.04095121967784365,0.03887774020048447,1
22550,11,30,0.7733333333333333,0.7324775303152499,0.04085580301808345,0.05283077976476308,1
31369,8,31,0.6677419354838712,0.6270189311740537,0.04072300430981746,0.060986141720016464,1
28434,10,31,1.064516129032258,1.0238026521678243,0.04071347686443372,0.038245993418104404,1
23205,12,31,1.3322580645161295,1.2918311236559774,0.04042694086015208,0.030344677158951915,1
23324,6,30,0.9133333333333333,0.8731076501801613,0.04022568315317199,0.044042718780845244,1
31168,9,30,1.6866666666666665,1.6464843265320044,0.04018234013466215,0.023823521818969656,1
30949,4,30,1.2,1.1598364766119487,0.04016352338805129,0.03346960282337608,1
23891,10,31,0.9354838709677422,0.8953619361487399,0.04012193481900228,0.042888964806519665,1
25703,4,30,2.186666666666666,2.1467732683272556,0.039893398339410524,0.018243932167413355,1
30949,8,31,0.7419354838709676,0.7021010410515843,0.03983444281938331,0.05368990119134273,1
31915,8,31,0.5451612903225811,0.5054022950849894,0.03975899523759174,0.07293070132339308,1
28900,6,30,0.5166666666666672,0.47713269129141234,0.039533975375254826,0.07651737169404152,1
32098,9,30,1.2266666666666668,1.1872815303199695,0.03938513634669727,0.0321074481087206,1
30252,4,30,1.9166666666666672,1.8773383710092268,0.03932829565744034,0.020519110777794954,1
37472,11,30,0.6366666666666667,0.5973598943596987,0.039306772306967996,0.06173838582246282,1
20891,5,31,0.9903225806451614,0.9510391076649303,0.03928347298023116,0.039667350566357194,1
32061,7,31,0.7161290322580643,0.6770136195929017,0.03911541266516261,0.05462062128919104,1
30777,7,31,0.8387096774193548,0.7996136633981384,0.03909601402121632,0.046614478256065614,1
29282,11,30,1.3266666666666667,1.2876896126290105,0.03897705403765617,0.029379688973107665,1
29263,6,30,0.9266666666666662,0.8880373435376818,0.03862932312898437,0.041686319923364454,1
31416,6,30,1.5833333333333337,1.5448003176258882,0.038533015707445495,0.024336641499439253,1
22550,7,31,0.5774193548387095,0.5389515380960127,0.038467816742696836,0.06662024128623475,1
30393,5,31,0.7838709677419355,0.7456218285357451,0.03824913920619044,0.04879519816427587,1
24507,5,31,1.035483870967742,0.9974091569436829,0.03807471402405915,0.036769973045041544,1
36034,9,30,1.0999999999999999,1.0620042209564247,0.037995779043575206,0.0345416173123411,1
24688,4,30,2.516666666666667,2.4787683142136925,0.03789835245297457,0.01505894799455943,1
29570,5,31,0.9387096774193548,0.9008561773794231,0.03785350003993171,0.0403250344068001,1
25551,4,30,2.2333333333333334,2.195697852560632,0.03763548077270151,0.016851707808672317,1
29282,5,31,1.1903225806451612,1.1527923208186592,0.03753025982650193,0.03152948657511003,1
30823,9,30,0.8900000000000001,0.8524704675793361,0.037529532420664036,0.04216801395580228,1
20891,11,30,1.8733333333333333,1.835883515253146,0.037449818080187214,0.019991006092626627,1
30636,4,30,1.3066666666666669,1.2693440853228755,0.037322581343791406,0.028563200008003622,1
25551,12,31,3.370967741935484,3.333909753747381,0.0370579881881028,0.010993278792642934,1
29430,6,30,0.6666666666666664,0.6296408105217466,0.03702585614491982,0.055538784217379754,1
22887,4,30,0.7300000000000001,0.6930762753357462,0.036923724664253865,0.05058044474555323,1
31510,10,31,0.8451612903225806,0.8082621025920992,0.0368991877304814,0.043659344261256616,1
22583,7,31,0.7064516129032258,0.6696354336019348,0.036816179301291,0.05211422640822013,1
30393,3,31,1.4516129032258067,1.4148079075415612,0.036804995684245556,0.025354552582480268,1
31707,4,30,1.4599999999999997,1.4231983693545414,0.03680163064545838,0.025206596332505746,1
24951,5,31,0.8516129032258066,0.8148610962751959,0.036751806950610755,0.04315553088897474,1
36034,8,31,0.8870967741935485,0.8503562914435964,0.03674048274995212,0.04141654419085511,1
24944,4,30,1.5233333333333332,1.486768130921944,0.036565202411389164,0.024003415149708426,1
36034,3,31,1.690322580645161,1.6537965466232973,0.03652603402186361,0.02160891325720939,1
31329,8,31,0.5000000000000001,0.46350073434292,0.036499265657080115,0.07299853131416022,1
31909,7,31,0.7322580645161291,0.6958822447454129,0.036375819770716133,0.049676229642828196,1
25551,6,30,0.9266666666666666,0.8904090268979765,0.03625763976869012,0.039126949390672794,1
32411,4,30,1.353333333333333,1.317259790992788,0.03607354234054516,0.026655326852619583,1
23955,11,30,1.6666666666666667,1.630680127610834,0.03598653905583271,0.021591923433499628,1
23472,10,31,0.8806451612903227,0.8447372293438707,0.03590793194645192,0.04077457473772928,1
20674,4,30,1.2633333333333332,1.227525050125321,0.035808283208012215,0.02834428749974582,1
24343,2,28,1.117857142857143,1.0821391374966463,0.03571800536049685,0.03195220926817609,1
33008,1,31,0.41290322580645145,0.37737988626306784,0.0355233395433836,0.0860330879566322,1
30949,1,31,1.9870967741935481,1.9519550450614096,0.03514172913213853,0.017684961089225563,1
24688,8,31,1.8032258064516131,1.7682556890593817,0.03497011739223144,0.01939308835705142,1
31388,5,31,0.8612903225806451,0.8265685959705164,0.034721726610128734,0.040313615165318006,1
31168,3,31,1.4612903225806453,1.4266600140535182,0.03463030852712712,0.023698445128939087,1
31594,4,30,1.6333333333333333,1.598754624798228,0.03457870853510525,0.021170637878635868,1
37031,1,31,0.6870967741935484,0.6525915080779454,0.034505266115603006,0.05021893190533771,1
21982,2,28,1.2464285714285712,1.2119655752111593,0.03446299621741189,0.02764939524606112,1
28138,11,30,2.6466666666666674,2.6122230850581136,0.034443581608553764,0.01301394771104046,1
30252,9,30,0.9033333333333334,0.8690390850897239,0.03429424824360949,0.037964112446800174,1
25551,7,31,1.3645161290322583,1.3303718066208965,0.03414432241136178,0.025023025880667023,1
31253,4,30,1.54,1.505896637115623,0.034103362884376986,0.022145040834011028,1
26063,5,31,0.5677419354838711,0.5337282315366367,0.03401370394723435,0.05991050127069686,1
34880,8,31,0.3258064516129035,0.2920956907335466,0.03371076087935693,0.10346867200594692,1
24343,1,31,1.641935483870968,1.6082845111886193,0.033650972682348845,0.0204946984902321,1
27612,6,30,0.3066666666666667,0.2731469837848415,0.03351968288182522,0.10930331374508223,1
23205,9,30,0.5266666666666666,0.4932990865014049,0.0333675801652617,0.06335616487075008,1
28434,3,31,1.5161290322580643,1.4828372180201803,0.033291814237883965,0.021958430667540493,1
23955,8,31,0.7903225806451615,0.7570461330758027,0.03327644756935877,0.042104892842862104,1
23884,2,28,2.142857142857143,2.1096282728050153,0.03322887005212749,0.015506806024326162,1
23891,9,30,0.8266666666666665,0.7935663586084793,0.0331003080581872,0.04004069523167807,1
27199,1,31,0.9741935483870968,0.9412639088975667,0.032929639489530094,0.03380194782037857,1
28138,3,26,0.8692307692307693,0.8365638599000775,0.03266690933069172,0.037581400114955074,1
34391,12,31,1.2161290322580642,1.1835381413176222,0.032590890940441986,0.026798875839620737,1
28434,5,31,1.138709677419355,1.106209753513935,0.03249992390542,0.028541009661983568,1
30230,9,30,0.7566666666666667,0.7241960013640891,0.032470665302577584,0.04291277352763557,1
24966,10,30,1.25,1.2176943861394227,0.03230561386057729,0.02584449108846183,1
25703,5,31,1.1774193548387097,1.1451166452427317,0.03230270959597803,0.027435178013022435,1
23921,12,31,2.919354838709677,2.8871402581142713,0.03221458059540572,0.011034828712238424,1
30252,2,28,2.892857142857142,2.860747890485701,0.0321092523714408,0.01109949464691781,1
29231,6,30,1.2699999999999998,1.2378968581296974,0.03210314187030239,0.025278064464805034,1
29612,6,30,0.8566666666666667,0.8246792588672317,0.031987407799434986,0.03733938653630543,1
31004,3,31,1.6645161290322579,1.6329049105776936,0.03161121845456427,0.01899123589324598,1
30636,5,31,0.9645161290322581,0.9329226014185794,0.03159352761367873,0.032755831305151854,1
30965,11,30,1.7533333333333334,1.7217725150515841,0.03156081828174928,0.01800046670061746,1
31253,5,31,1.0999999999999999,1.0684537911162506,0.03154620888374926,0.02867837171249933,1
30965,5,31,1.3806451612903228,1.349367810873679,0.0312773504166437,0.022654155675606417,1
31909,2,28,1.6321428571428576,1.6009353283706649,0.031207528772192683,0.019120586556266847,1
29866,9,30,1.6833333333333333,1.65223721337537,0.031096119957963353,0.01847294254928516,1
32411,3,31,1.8967741935483868,1.8657444472493114,0.0310297462990754,0.01635921998760778,1
30521,5,31,1.670967741935484,1.6400895492200687,0.030878192715415365,0.0184792273007312,1
26258,8,31,0.4225806451612903,0.39171953805457704,0.030861107106713248,0.07303010078687869,1
30925,3,31,1.8354838709677421,1.8046787434351559,0.03080512753258624,0.016783109903517984,1
23955,6,30,1.1533333333333333,1.1226167656945976,0.03071656763873576,0.026632862114510773,1
31416,9,30,1.4600000000000002,1.4293048027236186,0.03069519727638159,0.021024107723549033,1
31253,2,28,1.7999999999999996,1.7693139924263954,0.03068600757360418,0.017047781985335658,1
22641,10,31,0.6483870967741936,0.617802625382134,0.030584471392059553,0.04717008025641025,1
31088,12,31,1.3806451612903226,1.3500940863196162,0.030551074970706305,0.022128115048876063,1
34824,5,31,0.7548387096774191,0.7245358209566783,0.030302888720740717,0.040144852578759084,1
30673,6,30,0.7566666666666669,0.7265745773283039,0.03009208933836305,0.03976928106391591,1
34123,5,31,0.7999999999999999,0.7699247634961695,0.030075236503830483,0.0375940456297881,1
29698,3,31,2.203225806451613,2.173160675837514,0.030065130614098656,0.013645959722358103,1
24959,10,31,0.9580645161290322,0.9281191663904018,0.02994534973863039,0.0312560889527792,1
20891,6,30,0.98,0.950139714067632,0.029860285932368003,0.03046967952282449,1
26258,9,30,0.49666666666666676,0.4668557946558978,0.02981087201076893,0.0600218899545683,1
31873,9,30,1.1133333333333333,1.0836079600958797,0.02972537323745361,0.026699437039628994,1
31416,2,28,2.1,2.0705908875515515,0.02940911244844857,0.014004339261165986,1
31909,6,30,1.2400000000000004,1.2106529928482848,0.029347007151715676,0.023666941251383602,1
31510,8,31,0.6161290322580647,0.5869274829094969,0.02920154934856778,0.047395184806575966,1
31004,11,30,1.2366666666666668,1.2078469704396548,0.02881969622701197,0.02330433657170779,1
31088,7,31,0.5774193548387094,0.5487952943500305,0.028624060488678937,0.04957239525972332,1
25563,2,28,3.192857142857144,3.1642563555487166,0.0286007873084273,0.008957740991453737,1
22641,12,31,1.4709677419354836,1.442546503747874,0.028421238187609665,0.019321455785436398,1
31416,10,31,1.2354838709677416,1.2070631090763713,0.028420761891370327,0.023003749833746225,1
23711,3,31,0.9032258064516132,0.8748910601322099,0.02833474631940336,0.03137061199648228,1
31915,3,31,1.5064516129032257,1.4781269119981488,0.028324700905076883,0.018802263984098146,1
30636,10,31,1.2129032258064516,1.1847311661340187,0.02817205967243286,0.023226964091633474,1
24641,9,30,1.0033333333333334,0.9751864855157759,0.028146847817557497,0.028053336695240027,1
30949,9,30,1.143333333333333,1.1151869936803638,0.02814633965296931,0.024617789783938176,1
31960,4,30,0.9400000000000001,0.9119052472475174,0.028094752752482632,0.029888034843066628,1
23884,9,30,0.6033333333333334,0.575279710601734,0.028053622731599392,0.04649771723469512,1
23933,9,30,0.6133333333333333,0.5853260560996435,0.028007277233689787,0.045664038967972484,1
31168,1,31,1.1774193548387093,1.1496820158161558,0.027737339022553487,0.023557739991757764,1
31088,1,31,1.016129032258065,0.9884981283962617,0.027630903861803224,0.027192318086219035,1
32165,10,31,0.8322580645161292,0.8046438350668952,0.027614229449233973,0.03317988809791678,1
31416,3,31,2.3258064516129036,2.2981951539621144,0.02761129765078918,0.011871709114763724,1
30673,8,31,1.0870967741935484,1.0595418183140637,0.027554955879484755,0.025347288791217427,1
30925,2,28,1.7214285714285715,1.693963261412766,0.027465310015805544,0.01595495187640156,1
32061,9,30,1.1866666666666668,1.159236926162219,0.027429740504447686,0.02311494986329861,1
31915,11,30,1.3733333333333335,1.3459241298763553,0.02740920345697817,0.019958157857022936,1
28224,1,28,1.025,0.9976063442314468,0.027393655768553127,0.02672551782297866,1
31168,11,30,1.65,1.6226131939052226,0.027386806094777283,0.01659806429986502,1
24125,3,31,0.6032258064516126,0.5758500542995432,0.027375752152069444,0.045382262925890544,1
31915,9,30,1.0633333333333332,1.0360869186190607,0.027246414714272582,0.025623587505585504,1
29282,10,31,1.1451612903225805,1.117949592469935,0.027211697852645544,0.023762327702310196,1
27333,12,31,1.5806451612903225,1.553449070292002,0.027196090998320432,0.017205690223427213,1
28224,4,30,0.6900000000000001,0.6631196063533495,0.026880393646650513,0.03895709224152248,1
25563,10,31,1.6645161290322579,1.637638414230696,0.02687771480156198,0.01614746431876786,1
27459,3,31,1.2838709677419355,1.2570941667280537,0.0267768010138818,0.020856302297244618,1
29263,12,31,1.4354838709677424,1.4087374508770947,0.02674642009064776,0.01863233759123776,1
32061,4,30,1.4433333333333331,1.4167214013369471,0.026611931996386007,0.018437828173015713,1
30252,8,31,0.7161290322580647,0.6896350059198515,0.026494026338213184,0.036996162904712096,1
25703,10,31,1.8290322580645162,1.8030287804022092,0.02600347766230704,0.014217068915899791,1
31510,4,30,1.2133333333333336,1.187337095992175,0.025996237341158634,0.02142547033611975,1
22113,10,31,0.7064516129032258,0.6805174765117491,0.02593413639147668,0.03671042137606288,1
27459,2,28,1.3035714285714286,1.2776696206246478,0.025901807946780764,0.019869880068763324,1
24959,3,31,2.3677419354838714,2.342056405200959,0.025685530282912428,0.010848112244826773,1
31532,10,31,1.1419354838709677,1.1163115068878593,0.025623976983108365,0.022439075889162694,1
30965,8,31,0.8870967741935482,0.8615270227747978,0.025569751418750397,0.028824083417500455,1
28064,5,31,1.0419354838709678,1.016458009931789,0.025477473939178763,0.024452064771348037,1
21982,12,31,1.4161290322580646,1.3906827063898972,0.02544632586816742,0.017968931706450794,1
28434,1,30,1.7533333333333334,1.727959564506555,0.02537376882677833,0.014471731270025663,1
34123,2,28,0.9964285714285712,0.9711657444292712,0.025262826999300048,0.025353374766322635,1
31168,8,31,0.8677419354838707,0.8424890159989233,0.025252919484947345,0.029101877473359402,1
34123,7,31,0.4870967741935483,0.46209252406776097,0.02500425012578733,0.05133322873506009,1
23884,4,30,1.29,1.265065888803558,0.024934111196442066,0.019328768369334934,1
32061,5,31,1.1290322580645162,1.1041472066472782,0.02488505141723807,0.02204104554098229,1
23933,10,31,0.7129032258064519,0.6880963156472691,0.024806910159182793,0.034797023300211144,1
31915,2,28,1.3964285714285711,1.3716625563313,0.024766015097271055,0.017735253778096923,1
30925,6,30,0.9500000000000001,0.925285273585286,0.02471472641471406,0.026015501489172695,1
24959,2,28,1.1857142857142853,1.161078781698221,0.02463550401606418,0.020776931097885462,1
20891,1,31,1.887096774193549,1.8625705684467708,0.024526205746778107,0.01299679278889096,1
28440,4,30,0.6600000000000001,0.6355089946964633,0.024491005303536872,0.037107583793237676,1
30230,3,31,1.6935483870967742,1.66906633361814,0.024482053478634302,0.01445606967309835,1
22837,10,31,0.8903225806451612,0.8660274050660811,0.02429517557908012,0.02728805952722767,1
31004,5,31,0.8935483870967742,0.8692757621597632,0.02427262493701099,0.027164309496293886,1
25703,9,30,1.4633333333333332,1.4390693977298206,0.024263935603512587,0.016581277177799038,1
31253,1,31,1.3612903225806439,1.3370850593008352,0.024205263279808653,0.017781117575214906,1
29838,2,28,2.292857142857143,2.268691649043066,0.024165493814077177,0.010539467707074156,1
28064,7,31,0.7129032258064517,0.6888098108986483,0.024093414907803368,0.03379619285709974,1
31873,11,30,1.4566666666666668,1.4325749421296625,0.024091724537004255,0.016538941329751203,1
37472,5,31,0.5967741935483871,0.5727818554304959,0.023992338117891254,0.0402033773867367,1
22583,10,31,0.5870967741935482,0.5633339117616958,0.02376286243185244,0.040475205241067354,1
31707,10,31,1.5935483870967742,1.570144100003887,0.02340428709288722,0.014686900807277407,1
29282,8,31,0.7774193548387099,0.7541311403438472,0.023288214494862736,0.029955794578454133,1
28900,9,30,0.5266666666666668,0.5034442456660092,0.023222421000657634,0.044093204431628404,1
27199,3,31,1.096774193548387,1.0736469296257942,0.02312726392259279,0.02108662298824637,1
24507,4,30,1.9433333333333331,1.920439491132879,0.022893842200454095,0.01178070782184602,1
31168,4,30,0.8666666666666667,0.8438936734850936,0.02277299318157311,0.026276530594122816,1
34880,11,30,0.67,0.6473236477247409,0.022676352275259104,0.033845301903371795,1
27459,4,30,0.6166666666666667,0.5940001292845655,0.022666537382101226,0.03675654710611009,1
23472,6,30,0.9633333333333333,0.9407316915031918,0.02260164183014146,0.023461911934402904,1
31088,9,30,0.9366666666666662,0.9141572898871891,0.022509376779477064,0.024031363109762,1
23884,3,31,1.3838709677419354,1.3614365322213506,0.022434435520584772,0.016211363662893427,1
31510,12,31,1.1483870967741943,1.1260861855596849,0.02230091121450939,0.019419332799151423,1
23711,8,31,0.8354838709677419,0.81329595058442,0.022187920383321957,0.02655697034297223,1
23472,8,31,1.1709677419354838,1.14879212138484,0.022175620550643815,0.018937857770522266,1
23933,12,31,1.5161290322580643,1.4939843840583278,0.022144648199736494,0.01460604455727301,1
22802,2,28,0.7500000000000003,0.7279546290926505,0.022045370907349815,0.029393827876466407,1
30965,1,31,1.8193548387096776,1.7974161987597852,0.021938639949892424,0.012058472312884132,1
30054,3,31,1.2838709677419358,1.261972740165416,0.021898227576519824,0.01705640841387222,1
31388,4,30,0.8466666666666668,0.824912612749222,0.021754053917444782,0.025693764469422967,1
30925,7,31,0.7935483870967743,0.7720573601244284,0.02149102697234595,0.027082188461086357,1
23724,11,30,1.436666666666667,1.415241342257675,0.02142532440899192,0.014913218846166067,1
27595,5,31,0.6548387096774195,0.6334263738211633,0.021412335856256237,0.03269864096275582,1
32061,8,31,0.6677419354838711,0.646604154149179,0.02113778133469202,0.0316556145592006,1
31909,5,31,0.7806451612903227,0.7595870520199413,0.02105810927038143,0.0269752639413977,1
23933,3,31,1.0032258064516126,0.9821913120607315,0.02103449439088112,0.020966859360685368,1
23955,9,30,0.6666666666666666,0.6456621113771676,0.02100455528949907,0.03150683293424861,1
24951,4,30,1.8033333333333335,1.7824013843632955,0.020931948970037917,0.011607365417765941,1
27199,8,31,0.6645161290322581,0.6436139038396658,0.020902225192592327,0.03145480490147389,1
31088,11,30,1.6266666666666665,1.605951404612976,0.020715262053690564,0.01273479224612125,1
31707,3,31,1.4161290322580646,1.3956803632665884,0.020448668991476238,0.014439834595347683,1
31369,4,30,1.3300000000000003,1.309558845151478,0.02044115484852238,0.01536928935979126,1
23921,3,31,1.267741935483871,1.247423248136208,0.020318687347663067,0.016027463302227863,1
30925,11,30,1.3166666666666667,1.2963514043472357,0.020315262319430927,0.015429313153998172,1
31873,6,30,0.7066666666666669,0.6863817598553899,0.020284906811277037,0.028705056808410893,1
30054,2,28,1.6392857142857145,1.619089437101847,0.020196277183867517,0.012320169088198048,1
22820,2,28,0.9857142857142855,0.9655267555440915,0.020187530170194035,0.020480103071211342,1
29231,12,31,2.325806451612903,2.3056347897913927,0.020171661821510423,0.008672975263062734,1
34172,10,31,0.8193548387096774,0.799298700289346,0.020056138420331382,0.024477964213790268,1
26258,10,31,0.5129032258064518,0.49294762868344205,0.019955597123009705,0.03890713904486168,1
29612,10,31,0.8096774193548387,0.7897903856838004,0.01988703367103828,0.024561675051879946,1
27199,7,31,0.6129032258064521,0.5931195254141417,0.019783700392310366,0.032278669061137945,1
34391,11,30,0.6599999999999999,0.6403387175627632,0.01966128243723675,0.02978982187460114,1
30521,7,31,0.7516129032258073,0.7319804599489804,0.019632443276826894,0.02612041809363232,1
28900,1,31,0.8225806451612903,0.8029863256727974,0.019594319488492884,0.023820545260520763,1
22583,11,30,0.8866666666666668,0.867140482270289,0.019526184396377877,0.0220220124771179,1
36034,7,31,1.0032258064516133,0.9837841204991381,0.019441685952475196,0.019379172492820926,1
31004,4,30,2.093333333333333,2.0739251277919926,0.019408205541340262,0.009271435768156179,1
24959,4,30,1.393333333333333,1.37403315437616,0.019300178957173175,0.013851803079310894,1
23955,7,31,0.9935483870967742,0.9744717165356882,0.019076670561085973,0.01920054504524887,1
31369,5,31,0.7354838709677418,0.7164304731336569,0.019053397834084884,0.025905935651606645,1
23933,8,31,0.7161290322580643,0.6973187516588457,0.01881028059921863,0.026266608043953952,1
23405,12,31,1.5580645161290316,1.5392979047094242,0.01876661141960745,0.01204482306434433,1
23711,1,31,1.4258064516129039,1.4075341777394987,0.01827227387340513,0.012815395703066942,1
23324,8,31,0.5709677419354839,0.552738726059566,0.018229015875917964,0.03192652498042129,1
29838,10,31,1.3548387096774193,1.33661026952786,0.018228440149559155,0.013454324872293663,1
22641,6,30,0.9033333333333332,0.8851105040012203,0.018222829332112944,0.020172873799387026,1
32098,4,30,1.0066666666666666,0.9885493421691407,0.0181173244975259,0.017997342216085333,1
30521,11,30,1.2966666666666669,1.2786085247001073,0.018058141966559527,0.01392658763487881,1
31594,6,30,0.7933333333333336,0.7753278588796826,0.01800547445365097,0.02269597620208105,1
30758,9,30,0.8600000000000001,0.8420656507238625,0.017934349276137573,0.020853894507136712,1
30965,7,31,0.983870967741935,0.9659556636350932,0.017915304106841834,0.018208997616790068,1
30636,2,28,3.103571428571429,3.0856793202249375,0.017892108346491575,0.005765006141562301,1
31416,11,30,2.1533333333333338,2.135561515002671,0.017771818330662548,0.008253166407428425,1
22583,6,30,0.8666666666666666,0.8489048289682208,0.017761837698445748,0.02049442811359125,1
34163,2,21,1.2571428571428573,1.239501327776738,0.0176415293661194,0.014033034723049521,1
25563,3,31,3.809677419354838,3.7920459221408045,0.017631497214033676,0.004628081402498256,1
24343,9,30,1.2799999999999996,1.262485615627746,0.01751438437225361,0.013683112790823139,1
31416,12,31,2.6354838709677426,2.618168939269609,0.017314931698133584,0.006569925124138813,1
32389,2,28,1.8714285714285717,1.854143567422049,0.017285004006522664,0.009236261682874706,1
37031,11,30,0.7099999999999999,0.6928393534240999,0.017160646575899996,0.02416992475478873,1
30925,1,31,1.3451612903225811,1.3280837455389034,0.017077544783677734,0.012695536889544593,1
28722,10,31,0.8838709677419352,0.8671057978699435,0.016765169871991725,0.018967892920866557,1
32098,7,31,0.9419354838709676,0.9251768993353224,0.01675858453564516,0.01779164796592466,1
31707,9,30,0.973333333333333,0.9566167257466359,0.01671660758669713,0.017174596835647742,1
28064,4,30,0.85,0.8332961352401621,0.016703864759837872,0.01965160559980926,1
27648,2,28,1.6392857142857136,1.6226552696450143,0.016630444640699293,0.010144933549881927,1
23324,12,31,1.4548387096774191,1.438337857431019,0.016500852246400077,0.011342049215929101,1
27199,4,30,0.6533333333333332,0.6368711438712927,0.016462189462040477,0.02519722876842931,1
34172,4,30,1.73,1.7135393343019818,0.016460665698018184,0.009514835663594326,1
31510,7,31,0.6064516129032259,0.5901362797501369,0.016315333153088973,0.0269029429651999,1
28661,2,28,1.15,1.1337379727774703,0.016262027222529563,0.014140893236982229,1
34824,3,31,0.5935483870967743,0.5774080942879013,0.01614029280887297,0.027192884623644675,1
28722,11,30,0.73,0.7139764891766489,0.016023510823351073,0.02195001482650832,1
31909,8,31,0.7580645161290321,0.7420961384671408,0.015968377661891298,0.021064668405048097,1
34123,11,30,0.6533333333333334,0.6374477183614844,0.015885614971849038,0.024314716793646482,1
23418,7,31,0.7354838709677416,0.7196546108190297,0.015829260148711888,0.021522239675880208,1
29231,8,31,0.9645161290322578,0.9487500202914873,0.015766108740770557,0.01634613280815677,1
23711,7,31,0.796774193548387,0.7810257532938973,0.015748440254489626,0.01976524890239589,1
24959,5,31,0.9225806451612903,0.9069191784991214,0.015661466662168944,0.01697571561284046,1
23884,5,31,1.1645161290322579,1.1489179570668806,0.015598171965377272,0.013394552103232562,1
23724,9,30,0.7800000000000001,0.7644350217717777,0.015564978228222448,0.019955100292592877,1
24951,8,31,1.1225806451612903,1.1071313964435374,0.015449248717752884,0.013762261788802856,1
22837,2,28,1.6214285714285712,1.6061151744705644,0.01531339695800682,0.009444385789079097,1
28434,4,30,0.7999999999999999,0.7846939668579319,0.01530603314206802,0.019132541427585026,1
31909,9,30,0.9566666666666668,0.9414675531227438,0.015199113543923004,0.01588757513302056,1
29263,5,31,1.3225806451612905,1.3074398351263177,0.015140810034972807,0.011447929538637975,1
28224,11,30,0.8966666666666667,0.8815259627816039,0.015140703885062834,0.01688554336624108,1
37031,12,31,0.7096774193548389,0.6945565791077032,0.01512084024713567,0.0213066385300548,1
37472,6,30,0.4466666666666667,0.43155824227557754,0.01510842439108917,0.03382483072631903,1
30777,5,31,1.1516129032258065,1.136619023567218,0.01499387965858845,0.013019895501855516,1
30521,10,31,1.4935483870967745,1.478608816437411,0.014939570659363577,0.01000273629460628,1
30673,1,31,1.7677419354838708,1.7528741300139234,0.01486780546994737,0.008410619882634461,1
27648,11,30,0.8999999999999999,0.885167758853147,0.014832241146852887,0.016480267940947653,1
31329,10,31,0.8,0.7853059202740413,0.014694079725958709,0.018367599657448386,1
27199,2,28,0.914285714285714,0.8996822144148092,0.014603499870904812,0.015972577983802142,1
32098,8,31,0.6096774193548387,0.5950773163489232,0.01460010300591541,0.023947258898591416,1
21946,4,30,2.4133333333333336,2.3987499583311465,0.014583375002187093,0.006042834945657635,1
30372,5,31,0.7580645161290323,0.7435843392085498,0.014480176920482424,0.019101509980210856,1
30252,5,31,1.0064516129032262,0.9924666718001706,0.013984941103055593,0.013895294044702668,1
23955,4,30,1.1299999999999997,1.1161401763445664,0.013859823655433257,0.01226533066852501,1
30758,12,31,1.8354838709677417,1.8217397082011562,0.013744162766585521,0.0074880324387372795,1
34123,12,31,0.5838709677419355,0.5701648523294938,0.01370611541244171,0.023474562308601826,1
31088,4,30,1.0433333333333334,1.0298939056420102,0.013439427691323225,0.012881240598712354,1
31416,8,31,0.6322580645161289,0.6189044962977842,0.013353568218344658,0.021120439529014514,1
23804,11,30,0.9333333333333333,0.920025141067301,0.013308192266032304,0.014258777427891754,1
28275,3,31,1.1709677419354838,1.15771591991834,0.01325182201714381,0.011316982989847332,1
22641,4,30,0.5599999999999999,0.5467652117361678,0.013234788263832176,0.02363355047112889,1
29231,10,31,1.0290322580645164,1.0158091146208683,0.013223143443648055,0.012850076700723813,1
23472,9,30,0.8133333333333332,0.8002324115196644,0.013100921813668842,0.016107690754510875,1
34824,10,31,0.6516129032258062,0.6385585460617301,0.013054357164076102,0.020033914459720758,1
31088,8,31,0.8193548387096777,0.8063067117872843,0.013048126922393433,0.015924879314732136,1
31088,10,31,0.8064516129032256,0.7936506279798112,0.012800984923414416,0.01587322130503388,1
30673,2,28,2.1785714285714293,2.1660757106470165,0.01249571792441273,0.005735739375140268,1
31510,11,30,1.1166666666666667,1.1042557614336246,0.012410905233042113,0.01111424349227652,1
29698,12,31,1.4709677419354836,1.4586123105727045,0.012355431362779168,0.008399525707152506,1
21946,2,28,1.5178571428571426,1.5055424232778856,0.012314719579257005,0.008113227016922265,1
24343,7,30,0.9333333333333335,0.9210298859957973,0.012303447337536189,0.013182265004503058,1
31915,12,31,1.9612903225806453,1.949001490341493,0.012288832239152336,0.006265687490357276,1
32098,5,31,0.9,0.8878184264183698,0.01218157358163019,0.013535081757366877,1
27037,11,30,0.5366666666666667,0.524554178501973,0.012112488164693791,0.022569853723031906,1
28661,10,31,0.9419354838709676,0.9298269589511117,0.012108524919855923,0.012854940839573071,1
26477,3,31,0.37096774193548376,0.35893854227675465,0.012029199658729117,0.032426538210487195,1
37031,4,30,0.8333333333333331,0.8214268282059992,0.011906505127333933,0.014287806152800722,1
34861,10,31,0.5258064516129034,0.5140532168141291,0.011753234798774326,0.022352777838159754,1
24641,5,31,1.0064516129032257,0.9947738701281854,0.0116777427750403,0.011602885449559274,1
30965,6,30,1.1266666666666674,1.1151563691397846,0.011510297526882818,0.010216240408475867,1
30372,8,31,0.7451612903225806,0.7336893450601146,0.011471945262465977,0.015395251218027935,1
32098,12,31,2.532258064516129,2.5209582252583065,0.01129983925782252,0.004462356904363033,1
28224,3,31,0.7483870967741939,0.7371192832197767,0.011267813554417194,0.015056130180471243,1
32389,3,31,1.3935483870967742,1.3822822691583692,0.01126611793840504,0.008084482779873987,1
24343,4,30,1.6700000000000004,1.6589792186127614,0.011020781387238943,0.0065992702917598445,1
23418,8,31,0.703225806451613,0.6922105148234242,0.011015291628188817,0.015663946810727213,1
25563,9,30,1.4266666666666667,1.4157216715305627,0.01094499513610403,0.00767172556268974,1
23205,11,30,1.7966666666666664,1.7859342064255135,0.01073246024115293,0.005973540022905157,1
31915,5,31,0.8483870967741934,0.8376823918573854,0.010704704916808083,0.012617713019811811,1
24908,11,30,2.2066666666666666,2.1960166659863782,0.010650000680288318,0.004826284296203165,1
29263,1,30,1.766666666666667,1.756352461810727,0.010314204855940146,0.0058382291637397036,1
23724,7,31,0.625806451612903,0.6155647949656782,0.010241656647224873,0.01636553381773047,1
31960,11,30,1.4666666666666666,1.4567980074548814,0.009868659211785147,0.0067286312807626,1
31915,6,30,0.4933333333333335,0.4836643206420016,0.009669012691331913,0.019599350049997112,1
27037,12,31,1.0290322580645161,1.0194260597165208,0.009606198347995365,0.009335177077989226,1
27823,12,31,0.9838709677419357,0.9743576367552838,0.009513330986651969,0.009669287232334785,1
28493,1,31,1.303225806451613,1.2938350444474604,0.009390762004152453,0.007205782725958566,1
22887,1,30,1.716666666666667,1.707386143313523,0.00928052335314411,0.005406130108627636,1
31532,6,30,0.9866666666666669,0.9775536061611602,0.009113060505506754,0.009236209971797383,1
25703,7,31,1.3709677419354838,1.361955934047857,0.009011807887626677,0.006573318694504165,1
23405,10,31,0.635483870967742,0.6265117844853674,0.008972086482374575,0.014118511723533594,1
30673,7,31,1.0516129032258066,1.0426416119787496,0.008971291247056978,0.008530982474195285,1
30823,3,31,1.3354838709677417,1.3265442274996055,0.008939643468136138,0.006693935930246868,1
28661,12,31,0.8903225806451615,0.8814630154319681,0.00885956521319331,0.00995096092786205,1
22550,9,30,0.4866666666666666,0.47785211036166936,0.008814556304997223,0.01811210199656964,1
29430,4,30,0.4433333333333334,0.4345290068830306,0.008804326450302824,0.01985938297060787,1
21982,3,31,1.961290322580645,1.952665052311651,0.008625270268993956,0.004397752933204156,1
28064,3,31,0.9645161290322578,0.9559726862826073,0.008543442749650465,0.008857750007998813,1
23921,10,31,0.9806451612903226,0.9721146484521632,0.00853051283815942,0.008698878223123093,1
28493,12,31,1.1258064516129034,1.117390810924658,0.008415640688245407,0.007475210926521707,1
23631,4,30,0.7033333333333333,0.69492300180391,0.008410331529423276,0.011957817340412243,1
30965,3,31,1.7935483870967746,1.7851476724047879,0.008400714691986666,0.0046838517167551545,1
29612,2,28,1.7821428571428568,1.773795084490897,0.00834777265195985,0.00468412092695142,1
31168,5,31,0.6258064516129032,0.617550053277892,0.008256398335011128,0.013193213834296134,1
29263,9,30,0.7833333333333338,0.7753029629565223,0.008030370376811424,0.010251536651248621,1
29698,8,31,0.7064516129032259,0.6987062775841593,0.007745335319066626,0.010963716661692484,1
32098,11,30,1.736666666666667,1.729047886232236,0.007618780434430983,0.0043870136858527725,1
31329,11,30,1.2333333333333338,1.2257790350008781,0.007554298332455689,0.006125106756045151,1
23324,10,31,0.6258064516129032,0.6183735178134719,0.007432933799431218,0.011877368442390093,1
23418,6,30,0.8866666666666667,0.8792543102740695,0.007412356392597186,0.008359800442778781,1
27823,2,28,1.1857142857142855,1.1783136804420704,0.007400605272215088,0.0062414743259645335,1
30636,12,31,2.0193548387096776,2.0120199835310895,0.007334855178588118,0.0036322765261378857,1
30949,7,31,0.7935483870967738,0.7862348874160188,0.007313499680755009,0.009216198784691276,1
32165,4,30,0.7766666666666666,0.7694238469926286,0.007242819674038059,0.009325518893611235,1
34824,1,31,0.7225806451612904,0.7153743043124465,0.007206340848843862,0.009973060996167843,1
32411,10,31,0.7096774193548387,0.7027130574392159,0.006964361915622885,0.009813419062923157,1
31253,12,3,1.733333333333335,1.7263996029485842,0.006933730384750758,0.004000229068125433,0
32061,12,31,1.4419354838709675,1.4351261560990562,0.006809327771911233,0.004722352593495487,1
22887,10,31,0.6677419354838708,0.6609504064905422,0.006791528993328688,0.01017088883058886,1
28275,7,31,0.7677419354838712,0.7609849412895123,0.006756994194358823,0.00880112689181191,1
31594,2,28,2.3857142857142857,2.3790409218898243,0.006673363824461376,0.0027972183695347086,1
23804,7,31,0.5387096774193552,0.5323760332419342,0.006333644177420994,0.011757064041919204,1
29430,11,30,0.693333333333333,0.6870209120177097,0.006312421315623373,0.009104453820610639,1
30372,10,31,1.2225806451612906,1.2163573627278625,0.006223282433428068,0.005090283784598155,1
36034,12,31,1.8870967741935485,1.8810000658396657,0.006096708353882763,0.0032307343413737716,1
24343,8,31,1.225806451612903,1.2197963404293644,0.006010111183538669,0.004902985439202599,1
34172,12,31,1.2290322580645159,1.2230966369414293,0.005935621123086543,0.004829508000411624,1
27459,10,31,0.964516129032258,0.9586367463791737,0.005879382653084297,0.006095681011558971,1
24343,6,30,0.7400000000000002,0.7342241096017066,0.005775890398293626,0.007805257294991384,1
23884,8,31,0.9,0.8942473221920698,0.0057526778079302066,0.006391864231033563,1
24944,8,31,0.8870967741935484,0.8813551580496898,0.005741616143858597,0.0064723672894406,1
20674,12,31,1.1,1.0946552310186253,0.0053447689813748145,0.004858880892158922,1
22887,5,31,0.6870967741935485,0.6818729458378993,0.005223828355649274,0.0076027548838088,1
24817,9,30,1.1966666666666665,1.1915312844946526,0.005135382172013925,0.004291405714774868,1
27037,6,30,0.5266666666666667,0.5215372599735066,0.005129406693160088,0.009739379797139406,1
31168,6,30,0.8900000000000001,0.8849462344204743,0.00505376557952586,0.005678388291602088,1
23955,2,28,1.9571428571428573,1.952187680950558,0.004955176192299238,0.0025318418500799023,1
23631,10,31,0.8483870967741935,0.8434505702219288,0.004936526552264731,0.0058187195102740175,1
29282,12,31,2.0999999999999996,2.095118293385111,0.004881706614888515,0.00232462219756596,1
31532,8,31,0.896774193548387,0.8919617316638104,0.004812461884576624,0.005366414331722135,1
31088,5,31,0.7225806451612904,0.7178453165839966,0.0047353285772937515,0.00655335651321903,1
22837,9,30,0.7566666666666665,0.7521124427949419,0.00455422387172455,0.0060187980683584375,1
30054,6,30,0.5833333333333329,0.5789267361997076,0.004406597133625345,0.007554166514786311,1
24343,3,31,1.8032258064516127,1.7989582382866924,0.0042675681649202435,0.0023666299304566647,1
37031,5,31,0.8580645161290327,0.8539182281001999,0.0041462880288327675,0.004832140183978035,1
22602,6,30,0.42999999999999977,0.42601053009661916,0.003989469903380616,0.009277836984606089,1
32389,11,30,1.4066666666666667,1.4028326158776727,0.0038340507889940145,0.002725628522981527,1
24688,3,31,3.0548387096774197,3.051009744821917,0.003828964855502548,0.0012534098259828826,1
24343,10,31,1.067741935483871,1.0639178407012682,0.003824094782602927,0.0035814784973018346,1
36034,10,31,1.0903225806451615,1.0865349227891814,0.00378765785598012,0.0034738873827036597,1
32165,3,31,0.8483870967741934,0.8447467960835979,0.0036403006905955104,0.004290848722755165,1
24908,8,31,0.9258064516129035,0.922271325212977,0.0035351263999265914,0.0038184292124642614,1
28722,4,30,0.6066666666666666,0.6031824196749873,0.003484246991679263,0.005743264271998786,1
24738,4,30,1.4666666666666666,1.4632867759647208,0.003379890701945776,0.0023044709331448473,1
34123,8,31,0.6000000000000004,0.5966975419063383,0.0033024580936621417,0.005504096822770232,1
27037,4,30,0.7233333333333333,0.7200539286211846,0.0032794047121487147,0.00453373923338532,1
27648,12,31,1.0290322580645161,1.025765505873523,0.0032667521909930386,0.0031745867686766207,1
32389,4,30,0.7666666666666667,0.7634624015663551,0.0032042651003115763,0.004179476217797708,1
23418,5,31,0.9483870967741937,0.9452081724809603,0.0031789242932334094,0.0033519269758583562,1
30777,10,31,1.1322580645161289,1.129080232872747,0.003177831643381923,0.002806631935750417,1
30673,12,31,2.0903225806451617,2.0872271019797353,0.0030954786654264765,0.001480861707225629,1
27199,11,30,0.7533333333333334,0.7503369265420113,0.0029964067913220704,0.003977531138923102,1
23205,2,28,1.2499999999999996,1.2472708064188835,0.0027291935811160073,0.0021833548648928064,1
31873,8,31,0.6903225806451615,0.6875971251427045,0.0027254555024569527,0.00394808974654979,1
28434,12,31,1.9193548387096775,1.9166402159709337,0.0027146227387437882,0.0014143412588413014,1
31253,10,31,1.006451612903226,1.0037613595210766,0.0026902533821493435,0.0026730081681612065,1
31532,9,30,1.0166666666666666,1.014003802296798,0.0026628643698685117,0.002619210855608372,1
26258,5,31,0.43225806451612886,0.42966801933994553,0.002590045176183331,0.005991895556842037,1
27595,6,30,0.3099999999999997,0.30742177304881346,0.0025782269511862577,0.008316861132858903,1
31960,12,31,2.525806451612903,2.5232444870994075,0.0025619645134953295,0.0010143154523417014,1
36034,11,30,1.54,1.5374662531980519,0.002533746801948178,0.0016452901311351804,1
31960,9,30,0.7166666666666669,0.7143285534289434,0.0023381132377234826,0.0032624835875211373,1
21982,9,30,0.8200000000000001,0.8177115907101471,0.002288409289852966,0.002790743036406056,1
30636,9,30,1.283333333333333,1.2813143254295443,0.0020190079037887276,0.0015732529120431648,1
23711,6,30,0.9033333333333335,0.9014008019980724,0.0019325313352611673,0.0021393335814699262,1
27333,4,9,0.5444444444444444,0.5426368109233395,0.0018076335211049122,0.0033201432020294307,0
30230,4,30,1.26,1.2583352185739816,0.0016647814260184468,0.0013212551000146404,1
31909,12,31,1.7677419354838713,1.766099888610937,0.001642046872934344,0.00092889512884972,1
33008,3,31,0.3096774193548388,0.3080762212022676,0.0016011981525712038,0.0051705357010111775,1
28275,9,30,0.7400000000000002,0.7385023997639043,0.0014976002360959084,0.002023784102832308,1
31960,5,31,1.135483870967742,1.1339913066208984,0.001492564346843528,0.001314474282731516,1
27199,6,30,0.58,0.5785572189815422,0.0014427810184577394,0.002487553480099551,1
34880,12,31,0.5612903225806453,0.559951294031014,0.0013390285496313048,0.0023856255769293356,1
28275,11,30,1.1166666666666667,1.1155132315377196,0.0011534351289470557,0.001032926981146617,1
23921,5,31,0.835483870967742,0.8343805117386509,0.0011033592290911054,0.0013206230155144503,1
23405,2,28,1.2464285714285714,1.2453584658082675,0.0010701056203039627,0.0008585374604157867,1
24266,10,31,2.1064516129032262,2.1054213174877154,0.0010302954155108068,0.0004891142095074274,1
26477,5,31,0.3516129032258065,0.35074567673176565,0.0008672264940408625,0.0024664239738776818,1
23205,8,31,0.4903225806451614,0.48951484199932954,0.0008077386458318347,0.0016473617118938732,1
22887,6,30,0.7233333333333334,0.722561133807948,0.0007721995253854308,0.0010675569475374618,1
30823,4,30,1.3966666666666667,1.3959096477291988,0.0007570189374679348,0.0005420183323159438,1
30521,3,31,1.5,1.4993584226856023,0.0006415773143977344,0.00042771820959848955,1
27333,8,31,1.3677419354838711,1.367131892286457,0.0006100431974140896,0.00044602214905275415,1
34824,8,31,0.6580645161290325,0.6575031989580101,0.0005613171710223686,0.0008529819755732068,1
20891,2,28,1.6535714285714282,1.6530162495990266,0.0005551789724016487,0.000335745382877887,1
28722,2,28,0.625,0.6246430164657187,0.0003569835342812633,0.0005711736548500212,1
22802,10,31,0.26451612903225813,0.26424125591996594,0.00027487311229218436,0.0010391544489094771,1
34172,8,31,0.658064516129032,0.6578298391060539,0.00023467702297819137,0.0003566170447217615,1
31707,5,31,0.8645161290322582,0.8643296988973508,0.00018643013490737825,0.00021564679784062408,1
28275,8,31,0.6096774193548387,0.6095430973993106,0.0001343219555280939,0.0002203164349931699,1
34123,3,31,0.6419354838709679,0.6420788638859695,-0.00014338001500158182,0.0,1
37472,1,30,0.6966666666666667,0.6969555689451629,-0.00028890227849620587,0.0,1
27823,11,30,0.7899999999999997,0.7903420252002902,-0.00034202520029047445,0.0,1
30636,3,31,1.6935483870967747,1.693995194008517,-0.00044680691174225906,0.0,1
26477,10,31,0.42580645161290315,0.4262836574237491,-0.0004772058108459265,0.0,1
34880,3,31,0.5709677419354837,0.5715093516806734,-0.0005416097451896862,0.0,1
31510,6,30,0.6266666666666666,0.6272779294058187,-0.0006112627391521297,0.0,1
34391,2,28,1.0035714285714286,1.0042657999326872,-0.0006943713612586055,0.0,1
23472,5,31,1.0419354838709673,1.0427616099657224,-0.0008261260947550753,0.0,1
23724,12,31,1.1645161290322579,1.1654818438676162,-0.0009657148353583445,0.0,1
25563,1,31,2.780645161290322,2.7816296326865753,-0.0009844713962534613,0.0,1
23921,6,30,0.7666666666666667,0.7679465862186327,-0.0012799195519659357,0.0,1
23804,12,31,0.9451612903225808,0.9464453610551452,-0.001284070732564424,0.0,1
31532,2,28,2.7642857142857147,2.7656753655170383,-0.0013896512313236187,0.0,1
23405,11,30,0.9966666666666665,0.9981011336179648,-0.001434466951298341,0.0,1
23324,5,31,0.803225806451613,0.8047651807650845,-0.0015393743134715088,0.0,1
24944,6,30,0.8533333333333333,0.8549997540229562,-0.0016664206896229716,0.0,1
31707,11,30,1.3566666666666662,1.3583643233736526,-0.0016976567069864057,0.0,1
30949,12,31,2.1741935483870964,2.175897492450466,-0.0017039440633697112,0.0,1
34391,5,31,0.5580645161290319,0.5598114893604336,-0.0017469732314017161,0.0,1
30758,11,30,0.9366666666666669,0.9385022115986171,-0.0018355449319502615,0.0,1
32411,9,30,1.1966666666666665,1.1986082418597641,-0.0019415751930975667,0.0,1
24951,12,31,2.258064516129033,2.2600361409737193,-0.0019716248446863816,0.0,1
30393,8,31,0.7903225806451611,0.7923955649856586,-0.002072984340497408,0.0,1
32389,7,31,0.5161290322580647,0.5182722542260402,-0.0021432219679754505,0.0,1
27612,2,28,0.5214285714285717,0.5235741617267673,-0.00214559029819561,0.0,1
37031,3,31,0.5354838709677417,0.5378223719216825,-0.0023385009539407253,0.0,1
30758,1,31,1.5451612903225806,1.5475568159171944,-0.0023955255946137566,0.0,1
24738,3,31,1.503225806451613,1.50569085792208,-0.002465051470466939,0.0,1
27612,5,31,0.36451612903225816,0.36704922945921464,-0.0025331004269564805,0.0,1
23472,4,30,1.686666666666667,1.6892267052297207,-0.002560038563053757,0.0,1
24817,3,31,2.2935483870967746,2.2962621791466296,-0.0027137920498550017,0.0,1
30393,10,31,1.2806451612903227,1.2833778180958997,-0.002732656805576994,0.0,1
31369,11,30,1.4699999999999998,1.472764047962252,-0.0027640479622521585,0.0,1
25563,4,30,2.2933333333333334,2.296265855747569,-0.002932522414235361,0.0,1
23711,12,31,0.9096774193548387,0.9126119843888,-0.0029345650339612783,0.0,1
24507,8,31,1.2483870967741935,1.2513343405788198,-0.0029472438046262983,0.0,1
37472,7,31,0.5290322580645159,0.532303581520001,-0.0032713234554850867,0.0,1
30230,7,31,0.6741935483870972,0.6775236401806873,-0.0033300917935901175,0.0,1
22887,11,30,1.0500000000000003,1.0534069487048832,-0.003406948704882895,0.0,1
32165,9,30,0.49333333333333307,0.4968766001662352,-0.0035432668329021255,0.0,1
23955,10,31,1.0935483870967742,1.0971375036732087,-0.00358911657643457,0.0,1
23205,7,31,0.6677419354838707,0.6713418231407822,-0.003599887656911438,0.0,1
23921,1,30,2.253333333333333,2.2570751718574615,-0.003741838524128571,0.0,1
23205,6,30,0.9833333333333331,0.9871371872637735,-0.0038038539304404706,0.0,1
28138,10,31,2.0129032258064514,2.0168281894885056,-0.0039249636820541944,0.0,1
34163,11,30,0.8466666666666665,0.8506915257911025,-0.004024859124436064,0.0,1
23933,11,30,1.14,1.1442446112492086,-0.0042446112492087185,0.0,1
34880,9,30,0.33666666666666684,0.34099904712955836,-0.0043323804628915275,0.0,1
31253,3,31,1.2064516129032257,1.2107866252447372,-0.004335012341511568,0.0,1
29698,10,31,1.3290322580645162,1.33350573729263,-0.004473479228113808,0.0,1
23884,6,30,0.9999999999999999,1.0045298293858278,-0.00452982938582791,0.0,1
29231,1,31,1.8935483870967742,1.898127906540245,-0.004579519443470792,0.0,1
23804,1,31,0.9709677419354839,0.9756101908986081,-0.004642448963124268,0.0,1
28493,2,28,1.5035714285714286,1.508240026422244,-0.004668597850815415,0.0,1
24266,6,30,1.4466666666666668,1.451423797664608,-0.0047571309979412835,0.0,1
32061,6,30,0.9966666666666667,1.0016454017561818,-0.004978735089515074,0.0,1
37472,10,31,0.6064516129032257,0.6116876859407553,-0.005236073037529598,0.0,1
23631,9,30,0.7066666666666667,0.7121588159526177,-0.005492149285950987,0.0,1
24125,10,31,0.6483870967741936,0.653889199553459,-0.005502102779265439,0.0,1
34163,1,30,1.0266666666666668,1.0322358252657722,-0.005569158599105339,0.0,1
30252,3,31,2.2129032258064516,2.218641431868434,-0.005738206061982609,0.0,1
20891,12,31,1.7193548387096773,1.7251104966021318,-0.005755657892454469,0.0,1
27612,12,31,0.38387096774193546,0.3897612973897965,-0.0058903296478610145,0.0,1
28224,12,31,1.2580645161290323,1.2639864218017913,-0.005921905672759076,0.0,1
28064,10,31,0.738709677419355,0.7447655994572964,-0.006055922037941364,0.0,1
28138,4,27,0.7222222222222222,0.7283330018115485,-0.006110779589326265,0.0,1
28275,12,31,1.3645161290322576,1.3706431097500889,-0.006126980717831243,0.0,1
34880,1,31,0.6483870967741935,0.6545805417039536,-0.00619344492976015,0.0,1
20891,10,31,1.1096774193548387,1.1160000775618075,-0.0063226582069688675,0.0,1
23405,8,31,0.5838709677419354,0.5901985251303103,-0.0063275573883749825,0.0,1
37472,9,30,0.696666666666667,0.70310294028701,-0.006436273620343047,0.0,1
26477,6,30,0.29666666666666697,0.30318213491895374,-0.006515468252286771,0.0,1
23884,11,30,1.9733333333333334,1.979895182146559,-0.006561848813225524,0.0,1
28064,8,31,0.5774193548387097,0.5839972996257832,-0.00657794478707352,0.0,1
28722,3,31,0.9870967741935485,0.9937429978842812,-0.006646223690732755,0.0,1
31369,1,31,1.158064516129032,1.1647306933360522,-0.00666617720702023,0.0,1
29282,4,30,1.2599999999999996,1.2667828687354297,-0.006782868735430103,0.0,1
22802,11,30,0.23666666666666666,0.24364338213048267,-0.006976715463816008,0.0,1
26477,7,31,0.2774193548387097,0.2844334228625646,-0.0070140680238549025,0.0,1
28138,5,26,1.011538461538461,1.0188137478353225,-0.007275286296861472,0.0,1
22802,4,30,0.26999999999999996,0.27735668114104295,-0.007356681141042987,0.0,1
30054,12,31,1.9129032258064522,1.9204307461354044,-0.007527520328952209,0.0,1
23418,11,30,1.726666666666667,1.734279645964531,-0.0076129792978640864,0.0,1
27595,10,31,0.6774193548387094,0.6850420230151664,-0.007622668176456959,0.0,1
22802,6,30,0.33333333333333304,0.34099200655140455,-0.00765867321807151,0.0,1
27612,7,31,0.3806451612903224,0.3883462622170925,-0.007701100926770121,0.0,1
32165,12,31,1.0677419354838709,1.075734878445743,-0.00799294296187214,0.0,1
28493,10,31,0.6161290322580646,0.6244069141567944,-0.0082778818987298,0.0,1
27333,2,19,0.8210526315789473,0.8295484614888188,-0.008495829909871522,0.0,1
23724,5,31,0.7806451612903228,0.7892250552962755,-0.008579894005952715,0.0,1
29570,6,30,0.8400000000000002,0.8485813256758757,-0.00858132567587555,0.0,1
29698,11,30,1.4466666666666668,1.4552868611166945,-0.008620194450027707,0.0,1
23804,8,31,0.47419354838709693,0.48287238151229434,-0.008678833125197405,0.0,1
35121,4,30,0.7866666666666664,0.7954027793460114,-0.008736112679345043,0.0,1
23205,4,30,1.0633333333333332,1.0721027317466825,-0.008769398413349228,0.0,1
31960,8,31,0.6290322580645158,0.6380480781994025,-0.009015820134886665,0.0,1
23324,7,31,0.7451612903225807,0.7546143858530999,-0.009453095530519207,0.0,1
28698,6,30,0.6233333333333333,0.6327941398936916,-0.009460806560358304,0.0,1
31004,10,31,0.9419354838709676,0.9514650581965256,-0.00952957432555801,0.0,1
32389,12,31,1.7838709677419355,1.7934393779332336,-0.00956841019129806,0.0,1
30673,11,30,2.0333333333333337,2.04290243455702,-0.00956910122368626,0.0,1
23804,5,31,0.7838709677419354,0.7935448318625785,-0.009673864120643083,0.0,1
20891,8,31,0.8677419354838709,0.8774284904777603,-0.009686554993889374,0.0,1
37235,1,31,0.6354838709677422,0.6452359514752348,-0.009752080507492655,0.0,1
31532,12,31,2.3096774193548386,2.319452925667923,-0.009775506313084215,0.0,1
23631,12,31,1.0193548387096778,1.029217802873445,-0.009862964163767307,0.0,1
26258,12,31,1.474193548387097,1.4840671750838361,-0.00987362669673919,0.0,1
23724,3,31,0.8580645161290321,0.867946900856041,-0.009882384727008864,0.0,1
30252,10,31,0.9774193548387098,0.9873802501035293,-0.00996089526481947,0.0,1
34824,7,31,0.864516129032258,0.8744991755521225,-0.00998304651986448,0.0,1
31253,8,31,0.5483870967741931,0.5584138360904174,-0.010026739316224331,0.0,1
34824,12,31,0.7741935483870966,0.7842456080563163,-0.010052059669219626,0.0,1
37031,2,28,0.8892857142857142,0.8993754766947512,-0.010089762409036918,0.0,1
28661,3,31,0.7483870967741935,0.7585049908093245,-0.010117894035131081,0.0,1
24944,11,30,1.6866666666666665,1.696785158152393,-0.01011849148572641,0.0,1
30393,7,31,0.8387096774193551,0.8488649606256663,-0.010155283206311205,0.0,1
31253,11,30,1.6366666666666665,1.6468712257630487,-0.010204559096382182,0.0,1
32165,5,31,0.7677419354838709,0.7779612904712078,-0.010219354987336837,0.0,1
27199,5,31,0.8483870967741934,0.8587449120081446,-0.010357815233951184,0.0,1
23933,4,30,0.6599999999999999,0.6703660434123168,-0.010366043412316839,0.0,1
34391,3,31,0.6774193548387097,0.687904754030687,-0.010485399191977218,0.0,1
23418,10,31,0.6903225806451613,0.700841835493111,-0.010519254847949688,0.0,1
31909,11,30,1.2633333333333334,1.2738945716433379,-0.01056123831000444,0.0,1
24266,12,31,1.55483870967742,1.5654834072457875,-0.01064469756836739,0.0,1
28064,2,28,0.9571428571428571,0.9678522304812912,-0.010709373338434136,0.0,1
28722,9,30,0.9333333333333333,0.9441089101799451,-0.01077557684661179,0.0,1
22641,1,31,1.2387096774193551,1.249526001055729,-0.010816323636373859,0.0,1
37235,11,30,0.5099999999999999,0.5208709212681566,-0.010870921268156697,0.0,1
23405,3,31,0.9483870967741935,0.9593560883489386,-0.010968991574745068,0.0,1
22802,5,31,0.38387096774193546,0.39489084908247124,-0.011019881340535775,0.0,1
22550,8,31,0.40645161290322546,0.41751478563222555,-0.011063172729000093,0.0,1
24908,10,31,1.3677419354838711,1.378819612921302,-0.011077677437430822,0.0,1
24944,7,31,1.135483870967742,1.1466901102201834,-0.011206239252441463,0.0,1
34123,4,30,0.73,0.7412909677240146,-0.011290967724014611,0.0,1
23884,10,31,1.1032258064516127,1.1145268066612826,-0.011301000209669843,0.0,1
31532,7,31,0.7935483870967742,0.8048609642969233,-0.01131257720014911,0.0,1
27823,3,31,0.7967741935483871,0.808337160080797,-0.011562966532409957,0.0,1
28493,4,30,0.9599999999999996,0.9719043838575107,-0.011904383857511025,0.0,1
34880,2,28,0.6357142857142856,0.6477291628525451,-0.01201487713825955,0.0,1
34163,12,31,1.0032258064516126,1.015283621479562,-0.012057815027949337,0.0,1
34123,9,30,0.5000000000000001,0.5121952043744645,-0.012195204374464419,0.0,1
37472,12,31,0.706451612903226,0.7186873402026503,-0.012235727299424348,0.0,1
22602,7,31,0.4387096774193549,0.4510554966112746,-0.012345819191919682,0.0,1
22802,8,31,0.29032258064516125,0.3029621182739927,-0.012639537628831465,0.0,1
31253,6,30,0.7566666666666664,0.7694420768371265,-0.012775410170460133,0.0,1
32411,5,31,0.8225806451612903,0.8353874200107664,-0.012806774849476121,0.0,1
22820,8,31,0.30322580645161296,0.31604407159544023,-0.012818265143827279,0.0,1
34163,4,15,0.6799999999999999,0.6928555528331866,-0.012855552833186623,0.0,1
32411,12,31,1.9806451612903222,1.9935376443752086,-0.012892483084886441,0.0,1
29430,3,31,0.5677419354838711,0.5807339203890752,-0.012991984905204146,0.0,1
27199,10,31,0.7483870967741935,0.7614776002238027,-0.01309050344960927,0.0,1
29838,3,31,1.6677419354838714,1.6811182358482355,-0.013376300364364102,0.0,1
22602,1,31,0.8516129032258064,0.8650939831400208,-0.013481079914214433,0.0,1
31873,7,31,0.44838709677419336,0.46188480963477174,-0.013497712860578381,0.0,1
26477,2,28,0.6357142857142859,0.6492731065358982,-0.013558820821612305,0.0,1
24944,2,28,1.285714285714286,1.2993448706978772,-0.013630584983591154,0.0,1
25551,9,30,1.3900000000000001,1.403779187329293,-0.013779187329292952,0.0,1
31873,2,28,1.7214285714285718,1.7352192033893685,-0.013790631960796773,0.0,1
29231,9,30,0.8300000000000002,0.8438571203485352,-0.013857120348535035,0.0,1
32165,11,30,0.89,0.9040806389836827,-0.014080638983682725,0.0,1
27595,8,31,0.41612903225806425,0.4303774309973574,-0.014248398739293178,0.0,1
27612,4,30,0.2733333333333334,0.287795812896619,-0.014462479563285613,0.0,1
27037,5,31,0.6548387096774193,0.6694216175339571,-0.014582907856537819,0.0,1
28698,12,31,1.006451612903226,1.02116621266767,-0.014714599764444003,0.0,1
30758,10,31,0.7838709677419357,0.7986002360901603,-0.014729268348224633,0.0,1
33008,2,28,0.38214285714285723,0.39691180523056985,-0.014768948087712619,0.0,1
27823,1,31,0.738709677419355,0.7535040767586922,-0.014794399339337239,0.0,1
34123,6,30,0.40333333333333343,0.418172798866935,-0.014839465533601548,0.0,1
28698,10,31,0.7129032258064514,0.7278916053553808,-0.014988379548929398,0.0,1
25563,11,30,2.3466666666666662,2.361693458193119,-0.015026791526452588,0.0,1
24966,8,31,1.6483870967741936,1.6637884454589051,-0.015401348684711547,0.0,1
30965,12,31,2.1387096774193552,2.154439484123116,-0.015729806703760563,0.0,1
37031,9,30,0.606666666666667,0.6223978351981988,-0.01573116853153178,0.0,1
29231,3,31,0.9999999999999999,1.0158369730442227,-0.015836973044222824,0.0,1
22887,12,31,1.3096774193548386,1.3256283277536633,-0.015950908398824737,0.0,1
30521,2,28,2.0642857142857145,2.0802510339936737,-0.015965319707959225,0.0,1
23418,4,30,0.8833333333333334,0.8993854217042908,-0.016052088370957396,0.0,1
24266,3,31,3.4096774193548383,3.4258137072824786,-0.016136287927640325,0.0,1
28275,5,31,1.409677419354838,1.4259240906066384,-0.01624667125180035,0.0,1
34880,7,31,0.2838709677419355,0.3002035710895683,-0.016332603347632813,0.0,1
34824,2,28,0.8642857142857141,0.8807556289698473,-0.01646991468413317,0.0,1
23631,11,30,0.7733333333333335,0.7898277280902662,-0.016494394756932707,0.0,1
28064,12,31,1.538709677419355,1.5552146815151762,-0.01650500409582123,0.0,1
30636,1,30,2.666666666666666,2.6833501858343167,-0.01668351916765065,0.0,1
29430,5,31,0.6161290322580647,0.6328252660200041,-0.016696233761939405,0.0,1
24951,10,31,0.7741935483870965,0.7909641811725864,-0.016770632785489847,0.0,1
30949,10,31,1.2677419354838708,1.2846079504430838,-0.016866014959213027,0.0,1
32411,11,30,1.3333333333333333,1.3503716945890056,-0.017038361255672374,0.0,1
28698,8,31,0.5645161290322576,0.5815846391625191,-0.01706851013026156,0.0,1
28493,3,31,1.093548387096774,1.1107159683229717,-0.01716758122619777,0.0,1
23933,1,31,1.670967741935484,1.6882610200269152,-0.01729327809143122,0.0,1
29231,2,28,2.4357142857142855,2.453124897827016,-0.01741061211273065,0.0,1
26477,4,30,0.31666666666666676,0.33419972754245886,-0.017533060875792095,0.0,1
23711,11,30,0.87,0.8876776855950285,-0.01767768559502847,0.0,1
22820,3,31,0.6290322580645161,0.6467240931848596,-0.017691835120343447,0.0,1
26477,11,30,0.36666666666666664,0.3844343661410966,-0.017767699474429965,0.0,1
31088,6,30,0.6733333333333335,0.6912022768220711,-0.017868943488737687,0.0,1
37235,2,28,0.85,0.8679095359575861,-0.017909535957586153,0.0,1
30925,10,31,1.0032258064516129,1.0212173857459323,-0.017991579294319493,0.0,1
24125,4,29,0.5827586206896551,0.6009096088062369,-0.01815098811658178,0.0,1
31510,2,28,1.4821428571428572,1.5003809736205704,-0.01823811647771323,0.0,1
22583,1,31,1.4741935483870967,1.4924439714426716,-0.018250423055574894,0.0,1
31088,2,28,1.1642857142857141,1.1825514607890484,-0.018265746503334235,0.0,1
24817,2,28,1.9428571428571424,1.9613570927933621,-0.01849994993621973,0.0,1
24944,3,31,1.4709677419354843,1.489625712338828,-0.018657970403343604,0.0,1
30758,3,31,1.1870967741935485,1.2057778453153158,-0.018681071121767312,0.0,1
22583,4,30,0.7500000000000002,0.7687819547565282,-0.018781954756527997,0.0,1
26258,2,28,0.9964285714285718,1.015211196086849,-0.01878262465827729,0.0,1
24951,6,30,1.0366666666666664,1.05546274515567,-0.018796078489003554,0.0,1
20674,9,30,0.4566666666666668,0.4756113994866359,-0.018944732819969112,0.0,1
23631,3,31,1.2612903225806453,1.2803107247924792,-0.019020402211833876,0.0,1
23804,10,31,0.5967741935483872,0.616041026604329,-0.01926683305594179,0.0,1
27037,7,31,0.36129032258064503,0.38060601145674444,-0.019315688876099413,0.0,1
33008,12,31,0.19677419354838707,0.21641127843000946,-0.019637084881622385,0.0,1
31532,3,31,1.8580645161290323,1.8777101674774506,-0.019645651348418225,0.0,1
30777,12,31,2.245161290322581,2.264898820203417,-0.01973752988083577,0.0,1
23472,11,30,1.6233333333333333,1.6431190073763735,-0.019785674043040213,0.0,1
34123,10,31,0.7419354838709676,0.7617470375337914,-0.019811553662823722,0.0,1
23711,2,28,1.0107142857142857,1.03063536432681,-0.019921078612524346,0.0,1
22641,8,31,0.7451612903225809,0.7651264412534695,-0.019965150930888576,0.0,1
32165,2,28,1.0035714285714286,1.0235380532688483,-0.01996662469741972,0.0,1
32389,5,31,0.5870967741935482,0.6071260657380771,-0.020029291544528927,0.0,1
31960,6,30,1.2,1.2200970841289105,-0.020097084128910536,0.0,1
29263,3,31,1.4,1.4201001323736044,-0.02010013237360453,0.0,1
31088,3,31,1.2548387096774194,1.2750147645706595,-0.020176054893240147,0.0,1
30777,8,31,0.6870967741935484,0.7075155251153646,-0.02041875092181622,0.0,1
28275,10,31,0.7774193548387097,0.7983119039094261,-0.02089254907071636,0.0,1
22550,5,31,0.7838709677419357,0.8048684272179323,-0.020997459475996627,0.0,1
27333,3,28,0.9928571428571429,1.013886403815145,-0.02102926095800206,0.0,1
23955,12,31,2.1032258064516123,2.124261336045682,-0.021035529594069846,0.0,1
23472,2,28,1.403571428571429,1.424761564181879,-0.021190135610450023,0.0,1
34824,11,30,0.8166666666666667,0.8378705111639951,-0.021203844497328483,0.0,1
23405,4,30,0.9366666666666668,0.9582151412591511,-0.021548474592484324,0.0,1
32389,10,31,0.532258064516129,0.5539598468869582,-0.021701782370829203,0.0,1
31873,1,31,1.8032258064516125,1.8250055223821662,-0.021779715930553722,0.0,1
28275,4,30,1.1133333333333333,1.1351420356088366,-0.021808702275503355,0.0,1
28434,11,30,0.7533333333333334,0.7751577922848875,-0.02182445895155405,0.0,1
34391,4,30,0.5333333333333333,0.5552257970488494,-0.02189246371551612,0.0,1
23921,9,30,0.9566666666666668,0.9786641445147077,-0.02199747784804096,0.0,1
22550,10,31,0.40322580645161266,0.4253931249189589,-0.022167318467346264,0.0,1
23891,3,31,1.5677419354838709,1.5899669619984211,-0.022225026514550272,0.0,1
24266,1,31,2.0774193548387094,2.099971116325055,-0.022551761486345523,0.0,1
23472,1,31,2.3451612903225802,2.368040904996445,-0.02287961467386479,0.0,1
23891,2,28,2.132142857142857,2.1550700050406957,-0.022927147897838562,0.0,1
30372,11,30,2.396666666666667,2.419640113809849,-0.022973447143181946,0.0,1
22641,3,31,1.2838709677419355,1.3068593401654363,-0.022988372423500714,0.0,1
22583,9,30,0.5433333333333332,0.5664711789091313,-0.02313784557579812,0.0,1
28440,1,31,1.0935483870967742,1.1166902161654908,-0.023141829068716646,0.0,1
27612,8,31,0.3548387096774193,0.37851092140476855,-0.023672211727349235,0.0,1
22602,12,31,1.0354838709677414,1.0594553396134767,-0.023971468645735294,0.0,1
22802,7,31,0.20645161290322553,0.23051525751137958,-0.02406364460815405,0.0,1
22887,8,31,0.641935483870968,0.6660692219873802,-0.024133738116412173,0.0,1
32061,2,28,1.182142857142857,1.2063220001924968,-0.024179143049639862,0.0,1
31909,3,31,1.4516129032258065,1.4760918902358235,-0.02447898701001705,0.0,1
31960,2,28,1.7500000000000004,1.7749112571446308,-0.024911257144630383,0.0,1
23405,5,31,0.7419354838709677,0.7668498995782463,-0.024914415707278592,0.0,1
30372,12,31,2.912903225806452,2.93800355198552,-0.025100326179068322,0.0,1
30230,11,30,1.3566666666666667,1.3818309971725995,-0.025164330505932808,0.0,1
22887,3,31,0.9774193548387099,1.0027046555284298,-0.025285300689719903,0.0,1
34163,3,30,0.8233333333333335,0.8487056780471457,-0.025372344713812223,0.0,1
24817,10,31,1.1935483870967742,1.2190469206005776,-0.025498533503803378,0.0,1
24966,6,30,1.1466666666666663,1.1726126914139658,-0.025946024747299568,0.0,1
22550,3,31,1.058064516129032,1.0841586667395622,-0.02609415061053011,0.0,1
23405,7,31,0.6419354838709678,0.6681062584527797,-0.02617077458181194,0.0,1
31253,7,31,0.7064516129032256,0.7326814783378844,-0.026229865434658883,0.0,1
22217,12,31,0.9032258064516129,0.9296941243751619,-0.02646831792354898,0.0,1
30252,11,30,1.863333333333333,1.8899158733556325,-0.026582540022299428,0.0,1
24944,10,31,1.0032258064516129,1.0298531017324937,-0.026627295280880814,0.0,1
30054,11,30,1.28,1.3066474078728731,-0.02664740787287312,0.0,1
30230,10,31,0.9645161290322581,0.9912893999518642,-0.026773270919606018,0.0,1
32061,11,30,1.0166666666666666,1.04348192581491,-0.026815259148243342,0.0,1
27612,3,31,0.396774193548387,0.42371448640720516,-0.02694029285881816,0.0,1
21946,6,30,1.3533333333333337,1.380361143674051,-0.02702781034071733,0.0,1
24966,7,31,1.2709677419354843,1.2981144313948547,-0.027146689459370377,0.0,1
23921,11,30,1.9433333333333336,1.970750335891984,-0.027417002558650427,0.0,1
23205,5,31,0.9741935483870966,1.0019296478882118,-0.02773609950111522,0.0,1
23324,4,30,0.9500000000000003,0.9777903399610979,-0.027790339961097588,0.0,1
29282,3,31,1.3903225806451613,1.4181150731158587,-0.027792492470697372,0.0,1
22602,8,31,0.37096774193548404,0.39878328653833156,-0.02781554460284752,0.0,1
30054,9,30,0.5966666666666666,0.624767957927,-0.02810129126033345,0.0,1
29282,9,30,0.9233333333333332,0.9516145382240591,-0.02828120489072583,0.0,1
29263,10,31,1.0290322580645161,1.0576451389392652,-0.028612880874749003,0.0,1
28275,1,31,1.4806451612903226,1.5093585579605,-0.02871339667017736,0.0,1
22217,2,28,1.3785714285714286,1.407330422937262,-0.028758994365833512,0.0,1
23205,3,31,1.109677419354839,1.1384368848424822,-0.028759465487643077,0.0,1
22641,2,28,1.3000000000000003,1.3298517833623789,-0.029851783362378592,0.0,1
27823,4,30,0.9066666666666664,0.9365223320172168,-0.029855665350550398,0.0,1
21982,7,31,0.7064516129032257,0.7363522638062565,-0.029900650903030845,0.0,1
24507,10,31,1.2483870967741937,1.2783252644586809,-0.029938167684487205,0.0,1
31369,2,28,1.589285714285714,1.6192270671224118,-0.029941352836697854,0.0,1
31004,6,30,1.0333333333333334,1.0636062352600189,-0.030272901926685414,0.0,1
31388,11,30,1.8166666666666667,1.8470634462660849,-0.030396779599418222,0.0,1
24944,12,31,2.3064516129032255,2.337113544419654,-0.030661931516428265,0.0,1
22820,10,31,0.21935483870967742,0.25003393003534424,-0.03067909132566682,0.0,1
27595,7,31,0.37741935483870975,0.408173155508475,-0.03075380066976524,0.0,1
34172,7,31,0.7032258064516126,0.7341092826513355,-0.03088347619972287,0.0,1
30636,11,30,1.343333333333333,1.3742595826845756,-0.030926249351242552,0.0,1
24688,5,31,0.9677419354838709,0.9987848255163252,-0.031042890032454307,0.0,1
27037,10,31,0.6451612903225806,0.676304427497002,-0.03114313717442141,0.0,1
32411,7,31,0.6161290322580644,0.6473578042516798,-0.0312287719936154,0.0,1
20674,5,31,0.5516129032258065,0.5829635622180386,-0.031350658992232106,0.0,1
27823,8,31,0.729032258064516,0.7603860848597689,-0.03135382679525289,0.0,1
22602,11,30,1.32,1.3514753561039938,-0.03147535610399377,0.0,1
20674,1,31,1.5354838709677419,1.5670312696585416,-0.0315473986907997,0.0,1
22602,4,30,0.24333333333333332,0.2749737835178098,-0.031640450184476504,0.0,1
24817,12,31,2.803225806451613,2.8351232237750756,-0.03189741732346274,0.0,1
23324,3,31,1.270967741935484,1.302894592814759,-0.03192685087927516,0.0,1
29698,2,28,2.4392857142857145,2.4713200995064533,-0.03203438522073876,0.0,1
23631,2,28,1.2785714285714285,1.3107648124357962,-0.032193383864367764,0.0,1
23804,6,30,0.586666666666667,0.6190971617891733,-0.032430495122506287,0.0,1
31388,7,31,0.9516129032258065,0.9841153526619871,-0.032502449436180636,0.0,1
32165,1,31,1.0064516129032255,1.0391672211373242,-0.03271560823409869,0.0,1
23418,2,28,1.5357142857142854,1.568476818624805,-0.03276253291051967,0.0,1
24266,7,31,1.3580645161290321,1.391013934158706,-0.03294941802967388,0.0,1
29282,1,31,1.6903225806451614,1.7236614808829618,-0.033338900237800395,0.0,1
22217,5,31,0.6290322580645158,0.6624194745666814,-0.033387216502165584,0.0,1
28493,11,30,1.0266666666666666,1.06014667834305,-0.03348001167638337,0.0,1
22583,12,31,1.0709677419354837,1.1045415900950826,-0.03357384815959885,0.0,1
37472,3,31,0.5096774193548387,0.5432596397058644,-0.03358222035102576,0.0,1
22217,6,30,0.31666666666666665,0.35055390682905674,-0.033887240162390087,0.0,1
37472,2,28,1.0,1.0349768139633955,-0.03497681396339547,0.0,1
31004,2,28,1.1500000000000001,1.1851702062162484,-0.03517020621624822,0.0,1
21946,3,31,1.7322580645161287,1.7677632248457575,-0.035505160329628804,0.0,1
34172,11,30,0.7633333333333333,0.7991486399975561,-0.035815306664222835,0.0,1
23804,4,30,0.5433333333333333,0.579247007994237,-0.03591367466090367,0.0,1
23955,1,31,1.787096774193548,1.823070249702646,-0.03597347550909813,0.0,1
32411,8,31,0.6387096774193547,0.6749592696922501,-0.03624959227289537,0.0,1
30230,2,28,2.4607142857142854,2.496990361046533,-0.036276075332247526,0.0,1
27823,6,30,0.5333333333333331,0.5699134113860763,-0.036580078052743215,0.0,1
22820,9,30,0.3466666666666667,0.3835480368416216,-0.03688137017495491,0.0,1
31960,7,31,0.7225806451612904,0.759755407851748,-0.03717476269045761,0.0,1
23724,10,31,0.7774193548387097,0.8147580260146101,-0.037338671175900395,0.0,1
23804,3,31,0.7000000000000001,0.7373695012670932,-0.03736950126709315,0.0,1
28224,2,20,1.105,1.1424277683626656,-0.03742776836266559,0.0,1
31388,10,31,0.9483870967741935,0.9860405906757947,-0.03765349390160122,0.0,1
37031,10,31,0.6548387096774193,0.6924934530083012,-0.037654743330881923,0.0,1
33008,11,30,0.20666666666666655,0.2444259119595652,-0.03775924529289865,0.0,1
28064,11,30,0.6666666666666666,0.7044471360068223,-0.037780469340155665,0.0,1
27199,12,31,1.2161290322580647,1.2539916679742686,-0.03786263571620396,0.0,1
28900,10,31,0.6129032258064516,0.6508237796756291,-0.037920553869177476,0.0,1
22820,1,31,0.5612903225806452,0.5992973602222839,-0.03800703764163871,0.0,1
22217,4,30,0.2833333333333333,0.32147976441968645,-0.03814643108635313,0.0,1
28275,2,28,1.5392857142857141,1.577635730284721,-0.03835001599900689,0.0,1
23324,11,30,1.6066666666666662,1.6452552778669667,-0.03858861120030044,0.0,1
31707,8,31,0.606451612903226,0.6451810576814038,-0.038729444778177746,0.0,1
22837,3,31,1.4161290322580646,1.454988778509939,-0.03885974625187427,0.0,1
20891,7,31,1.2612903225806449,1.3001797407493465,-0.03888941816870162,0.0,1
23955,3,31,1.264516129032258,1.3034116016138575,-0.03889547258159953,0.0,1
31915,7,31,0.4258064516129032,0.46520486890274054,-0.03939841728983734,0.0,1
20891,3,31,1.5064516129032255,1.545912255049613,-0.03946064214638745,0.0,1
33008,7,31,0.6645161290322582,0.7044285860402295,-0.0399124570079713,0.0,1
20674,2,28,0.8000000000000005,0.839929192907831,-0.03992919290783048,0.0,1
24966,2,28,2.392857142857143,2.432803019573207,-0.03994587671606409,0.0,1
28138,1,27,1.0296296296296297,1.069682528237364,-0.04005289860773442,0.0,1
24817,1,31,1.6516129032258067,1.6916709171100643,-0.04005801388425767,0.0,1
26477,12,31,0.4870967741935487,0.5272069738364384,-0.040110199642889754,0.0,1
31416,7,31,1.1000000000000003,1.1403574904725153,-0.04035749047251502,0.0,1
23418,12,31,1.3548387096774188,1.3953029892936757,-0.04046427961625687,0.0,1
24951,7,31,1.0419354838709673,1.082728041172404,-0.040792557301436716,0.0,1
25703,3,31,2.8032258064516133,2.8442802641910934,-0.04105445773948002,0.0,1
30758,2,28,1.3249999999999997,1.366153580674902,-0.04115358067490216,0.0,1
27595,11,30,0.7899999999999999,0.8312849622478917,-0.0412849622478918,0.0,1
23933,5,31,1.0645161290322582,1.1059108903946422,-0.04139476136238396,0.0,1
31594,8,31,0.7225806451612906,0.764284133373805,-0.04170348821251435,0.0,1
23804,2,28,0.671428571428571,0.7131418908539869,-0.041713319425415896,0.0,1
25551,5,31,0.825806451612903,0.8675605995106487,-0.041754147897745675,0.0,1
28064,9,30,0.6400000000000001,0.682130073442773,-0.042130073442772864,0.0,1
34824,4,30,0.6466666666666666,0.6894323185177567,-0.04276565185109005,0.0,1
26477,8,31,0.3548387096774193,0.3981623792761066,-0.043323669598687276,0.0,1
27648,5,31,0.7645161290322583,0.8079456283612715,-0.04342949932901319,0.0,1
32411,6,30,0.6566666666666665,0.7004389350389257,-0.043772268372259227,0.0,1
34172,9,30,0.6233333333333334,0.6671277514644435,-0.04379441813111007,0.0,1
28698,11,30,1.1066666666666667,1.1510876373148913,-0.04442097064822459,0.0,1
27648,3,31,0.8516129032258064,0.8960419158883771,-0.04442901266257071,0.0,1
28698,1,31,1.4870967741935486,1.531612008590586,-0.04451523439703742,0.0,1
22802,3,31,0.5,0.5445403464342573,-0.044540346434257305,0.0,1
27459,7,31,0.535483870967742,0.580608625901494,-0.04512475493375201,0.0,1
28138,9,30,2.0366666666666666,2.0818225990207733,-0.04515593235410664,0.0,1
22641,11,30,0.6566666666666665,0.7021508266006199,-0.04548415993395338,0.0,1
24266,5,31,1.2483870967741937,1.2938841066831428,-0.045497009908949115,0.0,1
30949,11,30,2.0233333333333334,2.068844826620614,-0.04551149328728066,0.0,1
24641,10,31,1.1129032258064513,1.1585923931738926,-0.04568916736744133,0.0,1
24966,1,10,1.7500000000000013,1.7957591580972612,-0.04575915809725983,0.0,0
22641,5,31,0.8000000000000002,0.8458012017176663,-0.04580120171766611,0.0,1
27612,1,31,0.4516129032258064,0.4974528762647718,-0.04583997303896542,0.0,1
22550,12,31,0.8870967741935483,0.9333148849204455,-0.04621811072689719,0.0,1
22217,7,31,0.34838709677419305,0.3946176930408543,-0.04623059626666126,0.0,1
27037,3,31,0.9419354838709679,0.988496063287173,-0.04656057941620506,0.0,1
22550,1,31,0.9193548387096774,0.9659636403170991,-0.04660880160742176,0.0,1
23418,9,30,0.3866666666666668,0.4333385116872836,-0.046671845020616776,0.0,1
31510,1,31,0.9709677419354835,1.018222207400517,-0.047254465465033424,0.0,1
28661,1,31,1.1290322580645156,1.1763822987438433,-0.04735004067932769,0.0,1
23933,2,28,1.0000000000000004,1.0474263471966023,-0.04742634719660188,0.0,1
31329,7,31,0.674193548387097,0.7217114834466389,-0.04751793505954194,0.0,1
27199,9,30,0.7133333333333333,0.7612350597739919,-0.0479017264406586,0.0,1
22802,12,31,0.5387096774193547,0.5866338921001578,-0.0479242146808031,0.0,1
27037,8,31,0.33548387096774185,0.38355483164913506,-0.048070960681393216,0.0,1
23418,3,31,0.8806451612903224,0.9289250616791571,-0.04827990038883467,0.0,1
21982,6,30,1.0333333333333332,1.082114604299825,-0.048781270966491874,0.0,1
22602,10,31,0.3193548387096776,0.3681694454730515,-0.0488146067633739,0.0,1
23324,9,30,0.3799999999999999,0.42884491130758,-0.04884491130758012,0.0,1
24266,8,31,1.5354838709677423,1.5845456711143941,-0.049061800146651846,0.0,1
23711,5,31,0.8322580645161293,0.8817503150905206,-0.04949225057439133,0.0,1
31004,8,31,0.761290322580645,0.8109374298602071,-0.04964710727956212,0.0,1
28493,7,31,0.7516129032258064,0.8013076286880539,-0.04969472546224751,0.0,1
22820,4,30,0.38666666666666655,0.43684065173940745,-0.0501739850727409,0.0,1
24738,10,31,0.7967741935483872,0.8469785637500118,-0.050204370201624604,0.0,1
29612,9,30,0.6633333333333336,0.7139813946675647,-0.050648061334231165,0.0,1
27459,8,31,0.7967741935483872,0.8475783564799734,-0.05080416293158618,0.0,1
34880,4,30,0.5166666666666665,0.5675150777930641,-0.0508484111263976,0.0,1
27648,1,31,0.8677419354838708,0.9190628550177969,-0.051320919533926146,0.0,1
22217,10,31,0.4387096774193549,0.4902929146700715,-0.05158323725071662,0.0,1
22820,11,30,0.22999999999999995,0.28179822814992883,-0.05179822814992888,0.0,1
34123,1,31,0.5000000000000001,0.551993168749838,-0.05199316874983784,0.0,1
32165,8,31,0.858064516129032,0.9100597851684435,-0.05199526903941154,0.0,1
29231,11,30,1.4333333333333336,1.4853483464867436,-0.05201501315341006,0.0,1
32389,8,31,0.5064516129032259,0.5584957507084021,-0.05204413780517614,0.0,1
26258,3,31,0.5870967741935482,0.639479232586853,-0.0523824583933048,0.0,1
21982,1,31,1.6709677419354838,1.7234449179012137,-0.05247717596572987,0.0,1
34391,6,30,0.8166666666666667,0.8694948231761249,-0.05282815650945827,0.0,1
30252,12,31,3.000000000000001,3.0530477521640313,-0.05304775216403046,0.0,1
23405,9,30,0.3633333333333333,0.41644416523639194,-0.05311083190305865,0.0,1
29838,11,30,1.3733333333333329,1.4271276138982776,-0.05379428056494473,0.0,1
23711,10,31,0.9548387096774194,1.0088491954827612,-0.054010485805341846,0.0,1
24125,2,28,0.6142857142857141,0.6683146274684387,-0.054028913182724625,0.0,1
36034,1,31,2.412903225806452,2.467186268968233,-0.05428304316178112,0.0,1
34861,12,31,0.6096774193548387,0.6641142284783601,-0.054436809123521446,0.0,1
25913,9,30,1.2133333333333336,1.2677926557909227,-0.05445932245758911,0.0,1
29866,1,20,1.825,1.879739812138491,-0.054739812138490995,0.0,1
28434,2,28,1.7142857142857137,1.7692126484541306,-0.054926934168416874,0.0,1
21982,4,30,1.3766666666666671,1.432364940254715,-0.0556982735880478,0.0,1
27612,9,30,0.2566666666666667,0.3123781266269296,-0.05571145996026289,0.0,1
30521,12,31,1.9612903225806448,2.017337469466168,-0.05604714688552326,0.0,1
32098,6,30,0.9700000000000001,1.0265999733972613,-0.056599973397261194,0.0,1
23418,1,30,2.2333333333333334,2.2899408224641262,-0.05660748913079283,0.0,1
26258,11,30,0.38666666666666677,0.44331900609812425,-0.05665233943145748,0.0,1
30777,11,30,1.5200000000000002,1.5767145769404693,-0.05671457694046911,0.0,1
31594,1,31,1.9096774193548383,1.96709518787182,-0.05741776851698166,0.0,1
22641,9,30,0.5533333333333336,0.6109680644175419,-0.05763473108420836,0.0,1
28661,5,31,0.7903225806451615,0.8481782335219724,-0.05785565287681094,0.0,1
23205,1,30,1.666666666666667,1.7245498292962878,-0.05788316262962079,0.0,1
27648,4,30,0.9433333333333334,1.0013355378764608,-0.058002204543127434,0.0,1
24966,12,31,2.2193548387096778,2.277861936017472,-0.05850709730779435,0.0,1
31168,2,28,1.7214285714285715,1.7803337088190265,-0.058905137390455,0.0,1
29430,7,31,0.5387096774193549,0.597617907367686,-0.058908229948331114,0.0,1
30758,4,30,0.7533333333333334,0.8126400590831367,-0.059306725749803335,0.0,1
28493,6,30,0.7033333333333329,0.7629149998770347,-0.05958166654370178,0.0,1
31594,7,31,0.6870967741935484,0.747104311759186,-0.06000753756563759,0.0,1
22217,11,30,1.0266666666666666,1.0867772554209771,-0.06011058875431052,0.0,1
23711,9,30,0.5933333333333333,0.6535098374540769,-0.0601765041207436,0.0,1
27595,4,30,0.6100000000000001,0.6702823432438417,-0.06028234324384163,0.0,1
29263,11,30,1.2266666666666668,1.287065546572708,-0.060398879906041314,0.0,1
22887,2,28,0.9107142857142854,0.9717404807996058,-0.06102619508532048,0.0,1
20674,6,30,0.4566666666666668,0.5177522413590159,-0.0610855746923491,0.0,1
22583,3,31,1.0709677419354837,1.1324968033300147,-0.06152906139453096,0.0,1
30372,1,31,1.835483870967742,1.89710911663494,-0.06162524566719818,0.0,1
22602,5,31,0.40322580645161304,0.4651891474640183,-0.06196334101240525,0.0,1
20891,9,30,0.9066666666666668,0.9686330373937391,-0.06196637072707223,0.0,1
23472,3,31,2.4935483870967747,2.5567079259511627,-0.06315953885438796,0.0,1
29866,10,31,1.3741935483870968,1.4379489104267633,-0.06375536203966647,0.0,1
27612,11,30,0.1666666666666666,0.23050500380228092,-0.06383833713561432,0.0,1
28661,11,30,0.9133333333333333,0.9772532369515176,-0.06391990361818423,0.0,1
23921,4,30,0.8966666666666664,0.9606514400131086,-0.06398477334644226,0.0,1
24507,3,31,1.935483870967742,1.9998832781442124,-0.06439940717647041,0.0,1
28661,7,31,0.5612903225806448,0.6272197272285941,-0.06592940464794927,0.0,1
28138,2,18,0.833333333333333,0.9008546075355414,-0.06752127420220833,0.0,1
22217,8,31,0.28709677419354857,0.35520506323839485,-0.06810828904484628,0.0,1
23324,1,31,2.061290322580646,2.1300683279028982,-0.06877800532225242,0.0,1
29430,9,30,0.42000000000000004,0.4896689910679036,-0.06966899106790359,0.0,1
34880,6,30,0.20666666666666642,0.2768199776146879,-0.07015331094802149,0.0,1
22887,9,30,0.7999999999999997,0.8705401521753049,-0.07054015217530518,0.0,1
22583,5,31,0.8806451612903226,0.9516326485322252,-0.07098748724190262,0.0,1
25703,12,31,3.6774193548387104,3.748684333460191,-0.07126497862148051,0.0,1
26063,9,30,0.49,0.5612742665225942,-0.07127426652259417,0.0,1
22602,9,30,0.44666666666666666,0.518157576060624,-0.0714909093939573,0.0,1
22217,3,31,0.7161290322580648,0.7876202538349795,-0.07149122157691468,0.0,1
26258,4,30,0.6633333333333332,0.734875890028535,-0.07154255669520182,0.0,1
21982,8,31,0.9612903225806453,1.0330235622553943,-0.07173323967474898,0.0,1
27333,1,18,0.5222222222222221,0.594030048325327,-0.07180782610310488,0.0,1
29263,2,28,1.3571428571428572,1.4294036243269541,-0.07226076718409691,0.0,1
34172,6,30,0.7733333333333335,0.8456850195648971,-0.07235168623156352,0.0,1
33008,6,30,0.7033333333333328,0.7768411137656408,-0.07350778043230799,0.0,1
28900,4,30,0.6466666666666666,0.7203233432161531,-0.07365667654948649,0.0,1
24688,7,31,1.5967741935483868,1.6706235456290603,-0.07384935208067356,0.0,1
34172,5,31,0.8161290322580637,0.8906522098493725,-0.07452317759130889,0.0,1
22583,2,28,1.0500000000000003,1.1246640781100226,-0.07466407811002229,0.0,1
29430,2,28,0.7249999999999995,0.8011527818360419,-0.07615278183604235,0.0,1
28698,9,30,0.6799999999999999,0.7567203440451796,-0.07672034404517969,0.0,1
22602,3,31,0.5451612903225805,0.6228204315425672,-0.07765914121998663,0.0,1
24959,8,31,0.9870967741935482,1.0650574365713692,-0.07796066237782096,0.0,1
23631,1,31,0.783870967741936,0.8626235556227568,-0.07875258788082085,0.0,1
22550,2,28,0.9821428571428577,1.0610320538018223,-0.07888919665896466,0.0,1
21982,5,31,0.9419354838709678,1.0208309786692713,-0.07889549479830349,0.0,1
36034,2,28,1.9749999999999999,2.053957192965981,-0.07895719296598114,0.0,1
28440,11,30,0.7833333333333333,0.8623009944287369,-0.07896766109540354,0.0,1
27823,5,31,0.8419354838709674,0.9211013270546894,-0.079165843183722,0.0,1
29612,1,30,1.5499999999999996,1.629244316363823,-0.07924431636382345,0.0,1
24959,1,31,1.2032258064516133,1.2842407678224073,-0.081014961370794,0.0,1
28434,9,30,1.0333333333333328,1.1145485116114118,-0.081215178278079,0.0,1
24641,7,31,0.9903225806451614,1.071589209720296,-0.08126662907513449,0.0,1
28138,6,2,0.9000000000000012,0.9814415838345996,-0.08144158383459832,0.0,0
33008,4,30,0.49,0.5719439898371206,-0.08194398983712059,0.0,1
20674,7,31,0.6129032258064514,0.6950978618501515,-0.08219463604370014,0.0,1
29282,2,28,1.8357142857142859,1.9181412059079694,-0.08242692019368358,0.0,1
22820,12,31,0.4322580645161291,0.5151085653174637,-0.08285050080133466,0.0,1
27459,6,30,0.5666666666666669,0.6498365803253272,-0.08316991365866033,0.0,1
32389,6,30,0.5433333333333332,0.6269792535718839,-0.08364592023855066,0.0,1
35121,1,31,1.4129032258064522,1.4979423594771153,-0.08503913367066307,0.0,1
29612,11,30,1.163333333333333,1.2486083702805715,-0.08527503694723837,0.0,1
23891,11,30,1.993333333333333,2.0789417406610435,-0.08560840732771058,0.0,1
28698,4,30,0.7933333333333332,0.8789618802539754,-0.08562854692064215,0.0,1
22837,11,30,0.8900000000000002,0.9756410886840975,-0.08564108868409726,0.0,1
29838,1,31,2.106451612903226,2.1945893991113334,-0.08813778620810764,0.0,1
27333,10,31,0.8000000000000004,0.8882239752013992,-0.0882239752013988,0.0,1
24908,12,31,2.7935483870967746,2.8819975132300937,-0.08844912613331912,0.0,1
30777,2,28,1.9464285714285716,2.035059059662933,-0.08863048823436159,0.0,1
20674,11,30,0.7333333333333331,0.8223100814419392,-0.08897674810860612,0.0,1
29430,8,31,0.5935483870967742,0.6841472387789608,-0.09059885168218662,0.0,1
31329,12,31,1.093548387096774,1.1845017058808678,-0.09095331878409385,0.0,1
24507,1,30,2.086666666666667,2.1784242012922617,-0.09175753462559477,0.0,1
30758,8,31,0.3935483870967741,0.48647418171696155,-0.09292579462018746,0.0,1
24641,11,30,1.3766666666666671,1.4700771190238504,-0.09341045235718326,0.0,1
27037,2,28,0.95,1.0443086690209582,-0.09430866902095825,0.0,1
27459,5,31,0.8967741935483866,0.9913807290996458,-0.0946065355512592,0.0,1
28440,12,31,0.5387096774193552,0.6344805359459462,-0.09577085852659106,0.0,1
28064,1,31,1.435483870967742,1.5313856404723671,-0.09590176950462515,0.0,1
24908,2,28,2.942857142857143,3.039150097459403,-0.09629295460225995,0.0,1
28661,6,30,0.48000000000000026,0.5768848334704392,-0.09688483347043891,0.0,1
30758,6,30,0.52,0.6171284359192674,-0.09712843591926734,0.0,1
30823,5,31,0.770967741935484,0.8682129675785584,-0.09724522564307436,0.0,1
23921,2,28,1.6500000000000001,1.7472945274987777,-0.09729452749877754,0.0,1
24266,2,28,1.832142857142857,1.930393873473628,-0.09825101633077082,0.0,1
27037,1,31,0.7677419354838712,0.8663991358588837,-0.09865720037501258,0.0,1
23724,1,31,2.2483870967741932,2.348592201531143,-0.10020510475694966,0.0,1
29838,12,31,1.2225806451612906,1.3233507735576837,-0.1007701283963931,0.0,1
23804,9,30,0.4333333333333333,0.5348042514534178,-0.10147091812008452,0.0,1
20674,3,31,1.0129032258064519,1.1163744255695847,-0.10347119976313279,0.0,1
34163,10,31,1.4258064516129036,1.5320241381436908,-0.10621768653078711,0.0,1
24641,6,30,1.1833333333333333,1.290064818517925,-0.10673148518459175,0.0,1
31388,2,28,1.6178571428571433,1.724966069229138,-0.10710892637199465,0.0,1
26258,7,31,0.7709677419354845,0.8790719111724477,-0.1081041692369632,0.0,1
34880,10,31,0.48064516129032275,0.5889661699858638,-0.10832100869554107,0.0,1
24738,11,30,1.7300000000000002,1.8388626052601718,-0.10886260526017155,0.0,1
28661,8,31,1.0806451612903223,1.191291093314683,-0.11064593202436068,0.0,1
24125,12,31,0.8258064516129032,0.9377978844263644,-0.11199143281346113,0.0,1
22802,9,30,0.28666666666666657,0.3988572322558116,-0.11219056558914503,0.0,1
22820,7,31,0.3322580645161292,0.4460996167531533,-0.11384155223702408,0.0,1
26477,1,30,0.42333333333333323,0.5373768529350061,-0.11404351960167292,0.0,1
29570,10,31,1.167741935483871,1.2832149088494416,-0.11547297336557061,0.0,1
24817,11,30,2.4200000000000004,2.5364361359272456,-0.11643613592724522,0.0,1
27648,10,31,0.8258064516129031,0.9425598074147176,-0.11675335580181445,0.0,1
28698,7,31,0.5580645161290324,0.6759718765783237,-0.11790736044929129,0.0,1
37472,8,31,0.4709677419354838,0.5902969849174933,-0.11932924298200948,0.0,1
24125,1,31,0.6354838709677414,0.7548449497669842,-0.11936107879924285,0.0,1
26258,1,31,0.5258064516129033,0.6459629544385022,-0.12015650282559887,0.0,1
24959,7,31,1.0741935483870961,1.1954939591803386,-0.1213004107932425,0.0,1
34391,10,31,0.7548387096774193,0.8786824786087208,-0.12384376893130156,0.0,1
24951,2,28,1.857142857142857,1.9820707436717606,-0.12492788652890363,0.0,1
24959,6,30,0.9499999999999998,1.0753454410609582,-0.12534544106095835,0.0,1
24343,12,31,2.103225806451614,2.2286523955860678,-0.1254265891344537,0.0,1
27823,10,31,0.6741935483870969,0.7999738852312662,-0.12578033684416934,0.0,1
32389,9,30,0.49999999999999983,0.6269861831105392,-0.12698618311053939,0.0,1
24641,2,28,1.4678571428571432,1.5953495148000678,-0.12749237194292462,0.0,1
20891,4,30,1.6266666666666667,1.754355371440181,-0.12768870477351424,0.0,1
24738,2,28,2.0071428571428567,2.135196470074061,-0.12805361293120443,0.0,1
27459,9,30,0.783333333333333,0.9125955788928258,-0.12926224555949284,0.0,1
26258,6,30,0.8733333333333332,1.0026876432240088,-0.12935430989067565,0.0,1
24951,1,31,2.5935483870967744,2.726360761124059,-0.13281237402728463,0.0,1
30230,1,31,1.9516129032258067,2.084427179520745,-0.13281427629493847,0.0,1
24125,9,30,0.4200000000000001,0.5549541891913605,-0.13495418919136043,0.0,1
28900,11,30,0.46,0.5968378044288601,-0.13683780442886012,0.0,1
22820,6,30,0.35333333333333317,0.4909731225421793,-0.13763978920884612,0.0,1
34163,9,30,1.5533333333333337,1.6923940856488526,-0.13906075231551895,0.0,1
34391,9,30,1.1300000000000003,1.269164631161059,-0.1391646311610586,0.0,1
22837,12,31,1.4903225806451614,1.6300919155773559,-0.13976933493219446,0.0,1
28493,9,30,0.6499999999999999,0.7906444952823202,-0.14064449528232026,0.0,1
32165,7,31,0.6516129032258068,0.7924507804351232,-0.1408378772093164,0.0,1
27612,10,31,0.22903225806451602,0.3719542521126157,-0.14292199404809966,0.0,1
23324,2,28,1.7535714285714288,1.8968473460490323,-0.1432759174776035,0.0,1
23724,2,28,1.8178571428571426,1.9623734480350845,-0.1445163051779419,0.0,1
31532,1,31,1.7838709677419353,1.9310651877250806,-0.1471942199831453,0.0,1
33008,5,31,0.49999999999999994,0.6514745779164457,-0.15147457791644575,0.0,1
34861,6,30,0.5199999999999996,0.6715987003937838,-0.1515987003937842,0.0,1
26477,9,30,0.3033333333333333,0.4556249482627069,-0.1522916149293736,0.0,1
33008,10,31,0.2838709677419353,0.4365059670741946,-0.15263499933225927,0.0,1
28224,9,30,1.2600000000000002,1.4157316246728666,-0.1557316246728664,0.0,1
30252,1,31,2.2612903225806456,2.4226559264781273,-0.16136560389748178,0.0,1
27037,9,30,0.4466666666666667,0.6084449932400907,-0.161778326573424,0.0,1
30823,6,30,0.41999999999999993,0.5852546816538707,-0.1652546816538708,0.0,1
24738,6,30,0.9633333333333335,1.1297242989864904,-0.16639096565315692,0.0,1
22802,1,31,0.31612903225806455,0.48295852316713134,-0.1668294909090668,0.0,1
28493,5,31,1.3032258064516127,1.4710843767559034,-0.16785857030429074,0.0,1
35121,10,31,0.6451612903225806,0.8137248637062159,-0.16856357338363526,0.0,1
30230,12,31,1.6064516129032262,1.7755297386585558,-0.16907812575532954,0.0,1
29570,8,31,0.6677419354838711,0.8375757137062967,-0.16983377822242562,0.0,1
28440,9,30,0.6333333333333332,0.8035677495485007,-0.17023441621516755,0.0,1
28440,10,31,0.7032258064516129,0.873812508591781,-0.17058670214016802,0.0,1
30758,7,31,0.4677419354838711,0.6427290885728083,-0.1749871530889372,0.0,1
23891,12,31,1.716129032258064,1.8923392959950331,-0.17621026373696913,0.0,1
31329,1,31,1.8258064516129036,2.0025965226960896,-0.176790071083186,0.0,1
24125,5,31,0.5645161290322579,0.7462576959374142,-0.1817415669051563,0.0,1
22113,8,31,0.5580645161290324,0.7418936901916985,-0.18382917406266608,0.0,1
24688,12,31,1.3000000000000005,1.4868003664842866,-0.1868003664842861,0.0,1
22837,1,31,1.1903225806451614,1.385679744355211,-0.19535716371004952,0.0,1
31388,1,31,2.2387096774193553,2.43752807832015,-0.1988184009007945,0.0,1
22217,9,30,0.2733333333333332,0.4735804910165429,-0.20024715768320972,0.0,1
24738,12,31,2.4612903225806453,2.662375402207929,-0.20108507962728384,0.0,1
32165,6,30,0.9200000000000003,1.1240758756238343,-0.204075875623834,0.0,1
33008,8,31,0.38064516129032233,0.5894696301649427,-0.20882446887462036,0.0,1
31388,12,31,1.525806451612903,1.7347829058780326,-0.20897645426512956,0.0,1
24944,1,30,1.6733333333333327,1.883742885426167,-0.2104095520928344,0.0,1
24125,7,31,0.6032258064516127,0.8162019813504505,-0.2129761748988378,0.0,1
33008,9,30,0.5233333333333334,0.7373985651226019,-0.2140652317892685,0.0,1
30054,1,31,1.509677419354839,1.7250935559088818,-0.2154161365540428,0.0,1
23891,1,30,2.3100000000000005,2.53111065756767,-0.22111065756766957,0.0,1
27648,9,30,0.9800000000000002,1.2046723680320428,-0.2246723680320426,0.0,1
24507,2,28,3.2357142857142853,3.4742979186246004,-0.23858363291031504,0.0,1
34861,8,31,0.32903225806451597,0.5728964753276621,-0.2438642172631461,0.0,1
28224,6,1,0.5,0.7577378181614627,-0.2577378181614627,0.0,0
35121,2,28,1.114285714285714,1.388613653199787,-0.2743279389140729,0.0,1
27823,9,30,0.8833333333333333,1.1627714849145605,-0.2794381515812272,0.0,1
24641,1,30,1.7266666666666672,2.006335267968052,-0.27966860130138493,0.0,1
24125,11,30,0.6266666666666656,0.9063692236081614,-0.2797025569414958,0.0,1
27333,9,30,1.1300000000000001,1.411401266626872,-0.2814012666268719,0.0,1
22113,4,30,0.3266666666666667,0.6162644611749586,-0.2895977945082919,0.0,1
34861,7,31,0.49354838709677423,0.7878567540133289,-0.29430836691655465,0.0,1
24738,1,30,1.9833333333333347,2.2790295801847917,-0.295696246851457,0.0,1
24641,12,31,2.270967741935483,2.5780023966797163,-0.3070346547442333,0.0,1
27595,9,30,0.3866666666666668,0.703822268280573,-0.3171556016139062,0.0,1
35121,12,31,0.5935483870967743,0.911496582441919,-0.31794819534514474,0.0,1
35121,11,30,0.56,0.9089684020176709,-0.3489684020176709,0.0,1
29570,9,30,0.9566666666666666,1.4023644241372053,-0.44569775747053875,0.0,1
25913,4,30,1.3166666666666664,1.9442412391386106,-0.6275745724719441,0.0,1
22113,6,30,0.5700000000000001,1.2359882096047188,-0.6659882096047187,0.0,1
22113,7,31,0.4774193548387095,1.165099007947427,-0.6876796531087175,0.0,1
22113,5,31,0.23225806451612907,1.0255542891746199,-0.7932962246584908,0.0,1
25913,8,31,1.0548387096774194,2.686144108808235,-1.6313053991308155,0.0,1
25913,7,31,1.3709677419354842,3.074226419713806,-1.7032586777783216,0.0,1
25913,6,30,1.9366666666666668,3.8487993083062793,-1.9121326416396125,0.0,1
25913,5,31,1.7483870967741935,3.744835621020464,-1.9964485242462706,0.0,1
