station,month,n,baseline_mae,xgb_delta_mae,gain,alpha,is_eligible
25913,12,31,6.7612903225806456,2.188070917129517,4.573219405451129,0.6763826410734016,1
25913,1,31,5.516129032258065,1.940984883616047,3.5751441486420177,0.6481255474146347,1
25913,11,30,4.39,1.3817902380724751,3.0082097619275245,0.6852414036281378,1
25913,10,31,3.8709677419354844,1.5032242332735366,2.367743508661948,0.6116670730710032,1
25913,3,31,3.5999999999999996,1.502636403806748,2.0973635961932517,0.58260099894257,1
22113,2,28,3.225,1.330383158475161,1.894616841524839,0.5874780903952989,1
22113,12,31,2.8580645161290326,1.3283546084357847,1.5297099076932479,0.5352258142041837,1
22113,11,30,1.8733333333333335,0.7355310088396071,1.1378023244937263,0.6073677888756546,1
22113,1,31,2.4387096774193546,1.3941660073495683,1.0445436700697863,0.42831817158946267,1
37235,8,31,1.425806451612903,0.41967360588812064,1.0061328457247822,0.7056587832006392,1
25913,6,30,1.9366666666666668,1.0310860045750934,0.9055806620915734,0.46759758799909124,1
25913,2,28,2.439285714285714,1.6680086514779495,0.7712770628077645,0.3161897182813676,1
29570,12,31,2.967741935483872,2.203885893475625,0.7638560420082467,0.25738627502451783,1
25913,7,31,1.3709677419354842,0.6301282663499158,0.7408394755855684,0.5403770292506498,1
22113,3,31,1.206451612903226,0.5607522815225585,0.6456993313806674,0.535205328149751,1
25913,5,31,1.7483870967741935,1.2032770025153312,0.5451100942588623,0.3117788361997183,1
30823,12,31,1.6806451612903226,1.1367142339387248,0.5439309273515978,0.323644121840682,1
37235,7,31,0.9967741935483871,0.45871005654335045,0.5380641370050367,0.5398054448917844,1
37235,9,30,1.0833333333333333,0.5602906915545464,0.5230426417787869,0.48280859241118795,1
37235,6,30,1.0199999999999998,0.5238423458735146,0.49615765412648516,0.48642907267302476,1
29570,1,31,2.832258064516129,2.336949895081981,0.4953081694341477,0.1748810165428084,1
29570,11,30,1.56,1.0793428307771682,0.48065716922283186,0.3081135700146358,1
25563,6,30,2.2766666666666664,1.842260205547015,0.4344064611196514,0.1908081088373286,1
35121,8,31,1.3032258064516131,0.8784140517634731,0.42481175468814003,0.325969415726048,1
30710,12,31,1.935483870967742,1.5158743294496684,0.4196095415180736,0.21679826311767136,1
22837,6,30,1.2566666666666664,0.8784658173720045,0.3782008492946619,0.3009555829930997,1
28440,8,31,1.0064516129032257,0.6473267134158843,0.3591248994873414,0.35682281679832,1
27595,3,31,1.4322580645161291,1.0769821193910414,0.35527594512508776,0.2480530247494982,1
25913,4,30,1.3166666666666664,0.9635598141389586,0.3531068525277078,0.26818241964129713,1
30710,1,31,2.035483870967742,1.6935346061183556,0.3419492648493865,0.16799409208131505,1
28440,5,31,1.2322580645161287,0.8982330900046132,0.3340249745115156,0.27106738769259126,1
25563,12,31,4.648387096774194,4.325627554887003,0.3227595418871907,0.06943473836573845,1
25913,8,31,1.0548387096774194,0.745657324622716,0.3091813850547035,0.2931077350671501,1
34163,8,31,1.5806451612903225,1.2744238299708213,0.30622133131950124,0.1937318626715212,1
28440,6,30,0.8500000000000001,0.5554085410634679,0.29459145893653216,0.34657818698415543,1
24688,9,30,2.413333333333333,2.1203048346564177,0.2930284986769154,0.12142064862303124,1
24688,6,30,1.4833333333333336,1.1909689990710468,0.2923643342622868,0.1970995511880585,1
28440,3,31,0.9580645161290323,0.6688832904061963,0.289181225722836,0.3018389898117143,1
25913,9,30,1.2133333333333336,0.9292956320444742,0.2840377012888594,0.23409700655675222,1
35121,3,31,1.532258064516129,1.2494102229995112,0.2828478415166178,0.1845954334108453,1
37235,5,31,0.8161290322580643,0.5403808857164071,0.27574814654165725,0.33787322303523226,1
25563,10,31,1.6645161290322579,1.3895880807551644,0.2749280482770935,0.1651699514843004,1
37235,10,31,0.7967741935483874,0.5262962367265456,0.27047795682184184,0.3394662615982629,1
26063,1,31,0.8000000000000003,0.5350931005131815,0.2649068994868188,0.3311336243585234,1
35121,5,31,1.1451612903225805,0.8820574487409283,0.26310384158165223,0.22975265039524564,1
28900,7,31,0.6419354838709679,0.3810899682583346,0.2608455156126333,0.406342260502092,1
34163,7,26,1.8884615384615389,1.6282396306059899,0.260221907855549,0.1377957149540585,1
29838,6,30,1.2766666666666662,1.0282510443528488,0.24841562231381742,0.19458142739985707,1
26063,10,31,0.7806451612903228,0.532853554525683,0.24779160676463985,0.31741900040098486,1
31873,4,30,1.7866666666666668,1.5411290181241928,0.24553764854247406,0.13742778836332503,1
30710,9,30,1.0333333333333337,0.7890404266119007,0.244292906721433,0.23641249037558024,1
34391,8,31,1.2709677419354832,1.028161512597674,0.24280622933780927,0.1910404342505607,1
29838,9,30,1.3866666666666665,1.1527407297243673,0.23392593694229924,0.1686965891410812,1
26063,7,31,0.7129032258064514,0.48248180275963165,0.23042142304681973,0.32321557078965674,1
25563,1,31,2.780645161290322,2.550456335900291,0.2301888253900306,0.08278252421219201,1
30823,10,31,1.2548387096774192,1.027145590657188,0.22769311902023115,0.1814520999904156,1
26063,6,30,0.6166666666666668,0.3923031817873319,0.22436348487933488,0.36383267818270515,1
29570,3,31,1.7838709677419355,1.5616097356042555,0.22226123213768,0.12459490409164702,1
37235,4,30,0.8533333333333332,0.6367270596822102,0.21660627365112295,0.25383547693490977,1
25563,5,31,1.4387096774193546,1.2240532696247104,0.21465640779464423,0.1492006421891025,1
25551,2,28,2.224999999999999,2.012976292494152,0.2120237075058471,0.09529155393521221,1
22113,10,31,0.7064516129032258,0.5013771449846607,0.2050744679185651,0.29028805961075427,1
22113,9,30,0.7666666666666667,0.5616652244329452,0.20500144223372152,0.26739318552224545,1
30710,8,31,0.7290322580645159,0.5256903629149158,0.2033418951496001,0.27892029865653123,1
30823,11,30,2.083333333333333,1.881689621855815,0.20164371147751803,0.09678898150920867,1
29570,2,28,1.9678571428571432,1.7696290593062136,0.19822808355092958,0.10073296441789523,1
30710,11,30,1.7266666666666666,1.5301068759957948,0.19655979067087181,0.11383771660475202,1
22837,8,31,0.8516129032258073,0.6555561836208074,0.19605671960499993,0.2302181177179921,1
35121,9,30,1.0133333333333334,0.8203449285030366,0.19298840483029678,0.19044908371410865,1
28900,5,31,0.6677419354838706,0.47676113679284027,0.19098079869103035,0.2860098917595142,1
35121,7,31,0.8645161290322579,0.6768749844643377,0.18764114456792025,0.2170475925972212,1
25563,7,31,1.470967741935484,1.2918345400642963,0.17913320187118775,0.12177915039488639,1
29612,5,31,1.2387096774193551,1.0612030022807661,0.17750667513858898,0.14329965961709,1
28722,5,31,1.0161290322580645,0.8394827662937104,0.17664626596435407,0.1738423569807929,1
30710,10,31,0.9580645161290322,0.783250080241311,0.17481443588772116,0.18246624621277294,1
31915,4,30,1.4533333333333327,1.2817647835860646,0.1715685497472681,0.11805175441325791,1
34391,7,31,0.829032258064516,0.658935718454661,0.17009653960985494,0.20517481431538925,1
24688,10,31,2.2096774193548385,2.0423334433607034,0.16734397599413509,0.07573231030391515,1
27459,11,30,0.8766666666666667,0.7099357501914103,0.1667309164752564,0.19018735719610996,1
28138,8,31,3.04516129032258,2.8785027969328145,0.16665849338976546,0.05472895439706282,1
30710,7,31,0.8322580645161293,0.6660823016397414,0.1661757628763879,0.19966855229333424,1
24343,11,30,1.9233333333333336,1.7576628967995445,0.1656704365337891,0.08613714204529761,1
28900,8,31,0.6,0.4383178517703085,0.16168214822969146,0.2694702470494858,1
30710,2,28,1.7892857142857146,1.6288773049201286,0.16040840936558598,0.08964941042388037,1
32098,1,31,2.6774193548387095,2.518000463300174,0.1594188915385355,0.05954199563487471,1
27333,7,26,1.6076923076923075,1.4488731085967557,0.15881919909555187,0.09878706163838155,1
21982,1,31,1.6709677419354838,1.5122863014979708,0.15868144043751298,0.09496379640082823,1
28440,7,31,0.729032258064516,0.5703623498639748,0.15866990820054117,0.2176445643458751,1
21982,10,31,0.9580645161290322,0.8010137482095628,0.15705076791946937,0.16392504395634852,1
30823,8,31,0.538709677419355,0.38498525679592194,0.1537244206234331,0.28535670894170206,1
21946,10,31,1.3000000000000003,1.1482062471489756,0.1517937528510247,0.11676442527001897,1
30230,6,30,0.8366666666666662,0.6850989350490265,0.1515677316176397,0.18115665133582443,1
27595,12,31,1.4838709677419355,1.3328368096642436,0.15103415807769194,0.10178388913931413,1
22837,4,30,1.2366666666666668,1.0867685175687074,0.1498981490979594,0.12121144131910462,1
30823,1,31,2.1838709677419357,2.0341811689998837,0.14968979874205202,0.06854333472678895,1
21982,11,30,1.5066666666666668,1.3579463117818042,0.14872035488486257,0.09870820014482028,1
30710,4,30,0.8766666666666667,0.7292078810433548,0.14745878562331194,0.1682039379733596,1
28440,11,30,0.7833333333333333,0.6369242682494225,0.14640906508391083,0.18690518946882234,1
25551,10,31,2.4580645161290318,2.311752650430125,0.14631186569890664,0.05952319995624812,1
35121,6,30,0.876666666666667,0.7308129734794302,0.14585369318723684,0.16637303405388226,1
34861,3,31,0.5806451612903226,0.4369673106939562,0.1436778505963664,0.24744518713818656,1
33008,6,30,0.7033333333333328,0.5604228154445683,0.14291051788876452,0.20319030979445207,1
25703,6,30,1.1433333333333335,1.0005232795141636,0.1428100538191699,0.12490675261151883,1
31594,5,31,1.2967741935483872,1.1543833252523215,0.14239086829606573,0.10980390341238899,1
24908,1,31,2.7645161290322586,2.6223875721255623,0.14212855690669635,0.05141173003626121,1
23472,12,31,2.4967741935483865,2.355048717681558,0.14172547586682827,0.05676343348671418,1
23891,11,30,1.993333333333333,1.8522855854562168,0.14104774787711616,0.07075973973768371,1
31388,9,30,1.0299999999999996,0.8919690466672177,0.13803095333278192,0.13401063430367183,1
31707,12,31,1.8451612903225811,1.711947817920197,0.13321347240238413,0.07219611266562774,1
31594,10,31,1.3064516129032258,1.173414013630921,0.13303759927230474,0.10183124882571475,1
31960,1,31,2.1709677419354843,2.0379713673745434,0.13299637456094082,0.06126133152138432,1
30965,4,30,1.7333333333333334,1.6017678467246392,0.13156548660869416,0.0759031653511697,1
24908,9,30,1.4766666666666668,1.348179707825184,0.12848695884148276,0.08701148454276483,1
24817,8,31,1.4129032258064516,1.2849508369281406,0.12795238887831095,0.0905599099367041,1
29866,8,31,1.2161290322580651,1.0885071234116637,0.12762190884640146,0.10494109215486587,1
31329,6,30,1.1200000000000003,0.9925677699564647,0.12743223004353565,0.11377877682458537,1
30949,4,30,1.2,1.0726672114928564,0.12733278850714358,0.10611065708928633,1
28434,6,30,1.1,0.9727814854184786,0.12721851458152145,0.1156531950741104,1
30710,6,30,0.8533333333333333,0.7261764330168566,0.12715690031647664,0.14901199255837108,1
24817,4,30,2.3466666666666662,2.2199095463256038,0.12675712034106246,0.05401581832715731,1
31004,12,31,1.2935483870967734,1.166943686022873,0.12660470107390043,0.09787395843618243,1
24641,3,31,1.654838709677419,1.5284741479903454,0.12636456168707366,0.07636065131187689,1
34861,5,31,0.7064516129032259,0.5806796556518922,0.12577195725133372,0.17803336414572352,1
28900,1,31,0.8225806451612903,0.6982668321579694,0.1243138130033209,0.15112659620011562,1
34172,2,28,1.3464285714285713,1.2229085271180207,0.12352004431055064,0.09173902495213311,1
36034,4,30,1.48,1.3566465759401523,0.12335342405984773,0.08334690814854576,1
25703,2,28,2.5642857142857145,2.4421812352433343,0.1221044790423802,0.04761734558755774,1
30710,5,31,1.0419354838709676,0.9214148244550154,0.12052065941595214,0.11566998272119247,1
30965,2,28,2.9142857142857146,2.7937664036505994,0.12051931063511523,0.041354665414010124,1
30054,7,31,0.7290322580645165,0.6094858342841751,0.11954642378034142,0.16397960784029122,1
25551,3,31,3.4000000000000012,3.2813266151855074,0.11867338481449385,0.03490393671014524,1
24966,4,29,2.0275862068965513,1.9092581352989735,0.11832807159757786,0.058359082930778204,1
31532,5,31,1.1451612903225812,1.0270090021433371,0.11815228817924406,0.10317523756497364,1
24641,8,31,0.9419354838709676,0.8242165665713049,0.11771891729966266,0.12497556288662819,1
30965,5,31,1.3806451612903228,1.2636160013716549,0.11702915991866791,0.0847641111560445,1
30252,7,31,1.058064516129032,0.9421481301587433,0.11591638597028875,0.1095551208865534,1
30521,9,30,1.39,1.2751040452097855,0.11489595479021442,0.0826589602807298,1
24959,12,31,1.1096774193548389,0.9963351851269128,0.11334223422792611,0.10213980410074736,1
24688,8,31,1.8032258064516131,1.6900621239546563,0.11316368249695685,0.06275624610743581,1
21982,12,31,1.4161290322580646,1.30307631497384,0.11305271728422461,0.0798322149387463,1
28900,2,28,0.7535714285714287,0.6406494095838363,0.11292201898759235,0.14984912472287135,1
30393,12,31,1.6645161290322574,1.5526493494406397,0.11186677959161773,0.06720678618876261,1
22837,7,31,1.2516129032258065,1.1404012449326053,0.11121165829320123,0.08885467544044427,1
30949,5,31,1.1354838709677417,1.0250362943257054,0.1104475766420363,0.09726917261088426,1
29231,5,31,1.5677419354838709,1.458864014667849,0.10887792081602177,0.06944887953285339,1
31388,8,20,0.6050000000000005,0.4984288894385103,0.10657111056149021,0.17615059596940516,1
28722,8,31,1.1774193548387093,1.0712245189704954,0.10619483586821388,0.09019287429903099,1
34861,2,28,0.942857142857143,0.8371313227340581,0.10572582012308485,0.11213344558508997,1
24966,5,31,0.9548387096774191,0.8492713528895567,0.10556735678786244,0.11056040744674786,1
30372,7,31,0.938709677419355,0.8331557606557206,0.10555391676363435,0.11244575325335616,1
28434,8,31,1.3096774193548386,1.204720230364511,0.10495718899032758,0.08013972558374766,1
29838,8,31,1.0935483870967742,0.9887265029551102,0.10482188414166393,0.09585482030653635,1
27648,6,30,0.5666666666666671,0.4618537533966205,0.1048129132700466,0.18496396459419975,1
30636,6,30,1.313333333333333,1.2085797194639838,0.10475361386934923,0.07976163492590045,1
26063,2,28,0.6678571428571428,0.5634630015918186,0.1043941412653242,0.15631208317802556,1
32411,2,28,2.15,2.0457812011774097,0.10421879882259022,0.048473859917483826,1
34861,1,31,0.5129032258064516,0.408984720033984,0.10391850577246764,0.20260840748091175,1
26063,4,30,0.5466666666666667,0.4430965563654899,0.10357011030117685,0.18945751884361617,1
30372,6,30,1.1666666666666672,1.0633087475473684,0.10335791911929881,0.08859250210225608,1
28224,8,31,1.3387096774193545,1.2354536730014989,0.10325600441785565,0.0771309912518922,1
24343,6,30,0.7400000000000002,0.6369130784894034,0.10308692151059684,0.1393066506899957,1
24266,11,30,3.4400000000000004,3.337396965920926,0.10260303407907445,0.02982646339507978,1
30393,11,30,1.573333333333333,1.4712391204837085,0.1020942128496245,0.06489038952306643,1
29698,4,30,1.4966666666666666,1.3948876678105442,0.1017789988561224,0.06800378542725329,1
24908,7,31,0.9451612903225806,0.8434174826548947,0.10174380766768587,0.10764703200335365,1
21946,8,31,1.2935483870967743,1.191855635902574,0.10169275119420029,0.0786153438159653,1
21946,1,31,2.0322580645161294,1.9313869143205307,0.10087115019559878,0.049635010413707326,1
31960,12,31,2.525806451612903,2.4253601307349815,0.10044632087792138,0.03976801976009659,1
34172,3,31,1.2580645161290323,1.158711857468851,0.09935265866018117,0.07897262611450298,1
24966,9,30,1.903333333333333,1.804077649451792,0.09925568388154105,0.05214834529678164,1
27595,1,31,1.4677419354838712,1.3695661971946398,0.09817573828923143,0.06688896454870712,1
29866,6,19,1.1473684210526323,1.0491972921906343,0.09817112886199797,0.08556199304486056,1
31329,4,30,1.2,1.1018969343447438,0.09810306565525617,0.08175255471271348,1
30636,7,31,1.2322580645161292,1.1346398310266401,0.09761823348948906,0.0792189852925173,1
31915,10,31,1.7,1.6025464541459034,0.0974535458540966,0.05732561520829212,1
31532,4,30,1.943333333333333,1.8461565591519074,0.09717677418142556,0.050005201122517454,1
25703,7,31,1.3709677419354838,1.27404351597051,0.09692422596497385,0.07069767070386329,1
37031,7,31,1.5774193548387099,1.4807002435888976,0.09671911124981225,0.061314774002948456,1
24738,5,31,1.3548387096774193,1.2583292070986525,0.09650950257876678,0.07123320428432786,1
29866,4,20,1.36,1.2636778914229947,0.0963221085770054,0.07082507983603338,1
31416,4,30,1.97,1.873746239237565,0.09625376076243497,0.04885977703676902,1
24966,8,31,1.6483870967741936,1.5523664436062738,0.09602065316791975,0.0582512768729063,1
30823,4,30,1.3966666666666667,1.300689578965927,0.09597708770073976,0.0687186785446824,1
30372,9,30,0.9766666666666667,0.8821163073430461,0.09455035932362055,0.09680924162828042,1
24738,11,30,1.7300000000000002,1.6356788766632482,0.09432112333675202,0.05452088054147515,1
30230,5,31,0.8741935483870966,0.7800401940701469,0.09415335431694971,0.10770309903414914,1
27648,8,31,0.9451612903225803,0.8511715641966269,0.09398972612595347,0.09944305494554807,1
24944,9,30,0.9700000000000001,0.876657934660713,0.09334206533928713,0.09622893333947126,1
31369,9,30,1.8700000000000006,1.7769961840597297,0.09300381594027085,0.04973466093062611,1
28722,7,31,0.9225806451612901,0.8306862949964499,0.09189435016484027,0.09960576416468703,1
27333,8,31,1.3677419354838711,1.2760745285319226,0.09166740695194853,0.06702098149788689,1
29866,3,19,1.5947368421052632,1.5036328582681326,0.09110398383713059,0.05712791065694657,1
31004,1,31,1.4354838709677415,1.3451684915250346,0.09031537944270696,0.06291633174660487,1
30521,6,30,0.9733333333333332,0.8835751945587497,0.0897581387745835,0.09221726586429813,1
30949,6,30,1.02,0.9302610510587693,0.08973894894123069,0.08797936170708891,1
29838,7,31,1.2580645161290318,1.1693695461738012,0.08869496995523063,0.07050112996441411,1
27459,1,31,1.2387096774193553,1.1501499979516434,0.08855967946771193,0.0714934912369549,1
29866,7,30,0.8833333333333333,0.7949439983194073,0.08838933501392598,0.10006339812897282,1
28900,9,30,0.5266666666666668,0.4383717367053034,0.08829492996136346,0.1676486011924622,1
32098,10,31,1.7516129032258065,1.663489026624349,0.0881238766014576,0.05031013212974559,1
21982,2,28,1.2464285714285712,1.1584907725453373,0.08793779888323394,0.07055181572293842,1
31388,6,30,0.7566666666666663,0.6691178415218988,0.08754882514476747,0.11570329314286457,1
29866,5,17,1.1999999999999997,1.1129365419201993,0.08706345807980043,0.07255288173316704,1
30777,4,30,1.2566666666666668,1.1696271202216546,0.08703954644501222,0.06926223855040758,1
23921,8,31,1.1258064516129025,1.038820167030057,0.08698628458284552,0.0772657542139889,1
29263,4,30,1.613333333333333,1.526506257842217,0.08682707549111601,0.05381843522176613,1
24343,8,31,1.225806451612903,1.139219015440153,0.08658743617275011,0.070637118983033,1
21946,11,30,1.9700000000000002,1.88342282337447,0.0865771766255301,0.0439478053936701,1
30925,4,30,1.3466666666666665,1.2601796125620603,0.08648705410460611,0.06422305997866791,1
21946,7,31,1.4709677419354839,1.3849430850676951,0.0860246568677887,0.058481674625031795,1
31416,5,31,1.1387096774193548,1.052779821552817,0.08592985586653779,0.07546247965616633,1
27459,3,31,1.2838709677419355,1.1981792446105712,0.0856917231313643,0.06674480947417823,1
24641,11,30,1.3766666666666671,1.2911806737507385,0.08548599291592862,0.06209636289292634,1
29866,12,31,2.0258064516129033,1.940396070801803,0.0854103808111002,0.04216117524114819,1
31369,7,31,1.0774193548387097,0.9920509838033466,0.0853683710353631,0.07923411682922922,1
23891,4,30,1.6600000000000001,1.574636983308204,0.08536301669179625,0.051423504031202556,1
24817,7,31,1.1483870967741938,1.063048775349894,0.08533832142429976,0.0743114596672273,1
24908,4,30,2.4099999999999997,2.3249622741465767,0.08503772585342295,0.03528536342465683,1
28138,7,27,2.5444444444444447,2.459488853874306,0.0849555905701389,0.03338866004939957,1
24688,5,31,0.9677419354838709,0.8833807409050003,0.08436119457887059,0.08717323439816628,1
30393,9,30,1.2433333333333332,1.159782265597411,0.08355106773592214,0.06719925018974972,1
31707,4,30,1.4599999999999997,1.3765846337781593,0.08341536622184043,0.05713381248071263,1
24266,3,31,3.4096774193548383,3.326521461138562,0.0831559582162762,0.02438821858755499,1
24944,5,31,0.8774193548387096,0.7944824466061208,0.08293690823258881,0.09452368217684755,1
31004,7,31,0.9387096774193546,0.8565467771863744,0.08216290023298023,0.08752748822070061,1
24951,9,30,1.3299999999999998,1.2478682165635595,0.08213178343644034,0.06175322062890252,1
30673,5,31,1.1741935483870967,1.092264830080732,0.08192871830636461,0.06977445789827756,1
25703,1,30,2.52,2.438780521179239,0.08121947882076119,0.032229951913000474,1
26063,8,31,0.5677419354838712,0.48714268130640825,0.08059925417746294,0.1419645954262131,1
36034,5,31,1.561290322580645,1.4809574566781518,0.08033286590249311,0.05145286865655551,1
24908,6,30,1.22,1.1398620848970797,0.08013791510292023,0.06568681565813134,1
24951,11,30,1.5733333333333335,1.4932360194344076,0.08009731389892583,0.050909309681520645,1
31707,6,30,0.7633333333333332,0.6834084234448771,0.07992490988845613,0.10470512212461504,1
30965,7,31,0.983870967741935,0.903966581988929,0.07990438575300607,0.08121429371617014,1
31416,1,31,2.029032258064516,1.949528812881439,0.07950344518307695,0.0391829380075578,1
24966,11,30,2.6133333333333337,2.533862831989924,0.0794705013434096,0.030409630616100608,1
30925,5,31,1.1548387096774195,1.0755909863108348,0.0792477233665847,0.06862233028950071,1
29282,7,31,0.7612903225806454,0.6827206086239689,0.07856971395667656,0.10320598019732934,1
30393,6,30,0.7766666666666667,0.6985402159517011,0.0781264507149656,0.10059199662871107,1
31388,11,30,1.8166666666666667,1.73867924278602,0.07798742388064661,0.042928857182007306,1
23891,5,31,1.3806451612903226,1.3028509825888661,0.07779417870145644,0.05634625092862499,1
27459,12,31,1.6387096774193548,1.5618464061840163,0.07686327123533854,0.04690475213180108,1
26063,3,31,0.5903225806451612,0.5135090036497963,0.07681357699536484,0.13012135993750332,1
30521,1,31,1.7000000000000004,1.623338413839379,0.07666158616062146,0.0450950506827185,1
24959,11,30,1.5266666666666673,1.4500271976739174,0.07663946899274987,0.05020052554110251,1
31168,7,31,0.9322580645161287,0.855820426705383,0.07643763781074564,0.0819919298315957,1
24125,6,30,0.6366666666666669,0.5602993065118789,0.07636736015478807,0.11994873322741575,1
31707,2,28,1.721428571428571,1.6451277725132445,0.0763007989153266,0.04432411555247189,1
37031,8,31,0.9032258064516127,0.8270789711075203,0.07614683534409239,0.08430542484524517,1
24738,7,31,1.1096774193548384,1.0336286410028412,0.07604877835199719,0.0685323293288347,1
30673,4,30,1.4366666666666668,1.3609902255390383,0.0756764411276285,0.05267501702619153,1
26063,5,31,0.5677419354838711,0.492414294663937,0.0753276408199341,0.13267936735329297,1
31168,12,31,1.8451612903225802,1.7700600929378016,0.0751011973847786,0.04070169788335904,1
31004,9,30,1.3599999999999999,1.285461093795796,0.07453890620420389,0.054808019267796985,1
30673,9,30,1.3766666666666663,1.3022280391678211,0.07443862749884511,0.054071642250977096,1
29263,7,31,0.7967741935483869,0.7231148000416013,0.07365939350678552,0.09244701209353651,1
37235,3,31,0.7161290322580646,0.6426276333870427,0.07350139887102192,0.10263708851358916,1
27648,7,31,1.0451612903225804,0.9717043918527422,0.07345689846983827,0.07028283495570947,1
29866,2,15,1.7733333333333334,1.699915944480648,0.07341738885268545,0.041400783187604574,1
31369,6,30,1.32,1.246747337911123,0.07325266208887715,0.05549444097642208,1
29263,5,31,1.3225806451612905,1.249877194303178,0.07270345085811258,0.05497090186832902,1
29838,5,31,1.8806451612903228,1.808129718491147,0.07251544279917588,0.03855881178000775,1
25551,8,31,1.6419354838709674,1.5695920565916646,0.07234342727930287,0.04405984765537111,1
24507,9,30,1.0533333333333337,0.9809910154823837,0.07234231785095002,0.06867941568128165,1
22550,6,30,0.7466666666666665,0.6744576925908526,0.07220897407581384,0.09670844742296499,1
32061,12,31,1.4419354838709675,1.3697826205260837,0.0721528633448838,0.05003889851658609,1
28434,7,31,0.9096774193548386,0.8378348415026499,0.07184257785218873,0.07897588345453371,1
22113,6,30,0.5700000000000001,0.4981905113222698,0.07180948867773024,0.12598155908373723,1
31168,9,30,1.6866666666666665,1.6149868722197909,0.07167979444687567,0.04249790184597372,1
30777,9,30,1.2633333333333334,1.1917344390228388,0.0715988943104946,0.05667458652545746,1
29282,6,30,1.21,1.1384321206396755,0.0715678793603245,0.05914700773580537,1
30965,8,31,0.8870967741935482,0.8159943309222015,0.07110244327134663,0.08015184514224531,1
34861,4,30,0.52,0.44897958874702454,0.07102041125297548,0.13657771394802976,1
29698,5,31,1.2161290322580647,1.145382705234712,0.0707463270233526,0.0581733723534199,1
30054,10,31,0.8677419354838709,0.79733658668495,0.07040534879892091,0.08113627556752967,1
27823,7,31,0.7741935483870964,0.7042705590926829,0.06992298929441354,0.09031719450528419,1
30925,8,31,0.9612903225806453,0.891630922221849,0.06965940035879625,0.07246447688331153,1
28064,6,30,0.7499999999999997,0.6805231495015319,0.06947685049846775,0.09263580066462371,1
24817,6,30,1.1966666666666663,1.127400568077961,0.06926609858870525,0.05788253363958658,1
31510,5,31,0.8548387096774192,0.7856303243627468,0.06920838531467233,0.08096075263225821,1
28722,6,30,0.9599999999999996,0.8911038831373053,0.06889611686269437,0.07176678839864,1
24507,5,31,1.035483870967742,0.9669628410029316,0.06852102996481046,0.0661729572868886,1
31329,2,28,1.6607142857142863,1.5922897641680076,0.06842452154627865,0.04120186243646885,1
31594,12,31,1.9709677419354834,1.9030592860714077,0.06790845586407568,0.03445437204232973,1
29612,7,31,0.6290322580645162,0.5611889759991168,0.06784328206539947,0.10785342277063503,1
23891,6,30,1.0266666666666666,0.958971561489161,0.06769510517750565,0.06593679075731071,1
29612,12,31,1.5096774193548386,1.4420993581474306,0.06757806120740795,0.044763245671573644,1
23711,4,30,0.9299999999999998,0.863101529168586,0.06689847083141387,0.07193383960367083,1
30521,5,31,1.670967741935484,1.6041844444890176,0.06678329744646638,0.039966838240163276,1
24817,5,31,1.0225806451612904,0.9558830183600225,0.0666976268012679,0.06522480854382665,1
30054,2,28,1.6392857142857145,1.5727555760847676,0.06653013820094689,0.0405848337609262,1
24951,5,31,0.8516129032258066,0.7852916090839335,0.06632129414187315,0.07787727721204801,1
31873,5,31,1.1129032258064515,1.0467218475145919,0.06618137829185966,0.059467325421671005,1
31960,6,30,1.2,1.1338559437046447,0.06614405629535525,0.05512004691279604,1
24343,7,30,0.9333333333333335,0.8673384790619215,0.06599485427141194,0.07070877243365564,1
25563,2,28,3.192857142857144,3.127127536173379,0.06572960668376515,0.020586453994915252,1
31168,10,31,1.4193548387096775,1.3537053207476293,0.06564951796204821,0.04625306947326124,1
22550,4,30,0.6066666666666669,0.5410792438747982,0.06558742279186869,0.10811113647011318,1
29430,1,31,0.8774193548387098,0.8119225414049245,0.06549681343378533,0.07464710354585827,1
23891,8,31,1.0225806451612904,0.9571201289973916,0.06546051616389881,0.06401501580696728,1
31594,3,31,2.1225806451612907,2.057184943379534,0.0653957017817568,0.030809525155538912,1
34861,11,30,0.7100000000000002,0.644938162714243,0.0650618372857572,0.09163639054331998,1
22820,5,31,0.7741935483870968,0.7095829576974915,0.06461059068960529,0.08345534630740684,1
31388,3,31,1.6161290322580646,1.551544170358008,0.06458486190005663,0.039962689000035044,1
24959,5,31,0.9225806451612903,0.8582519631231985,0.06432868203809183,0.06972689311821142,1
21946,9,30,0.8999999999999999,0.8357071752101183,0.06429282478988163,0.07143647198875737,1
25703,4,30,2.186666666666666,2.1225027379975656,0.06416392866910048,0.029343260062088643,1
31532,11,30,2.1066666666666665,2.042665244365732,0.06400142230093442,0.030380421978291657,1
29698,6,30,1.0899999999999996,1.0264334385900287,0.06356656140997097,0.0583179462476798,1
24738,9,30,1.0599999999999998,0.9966026364266871,0.06339736357331271,0.059808833559728984,1
30965,9,30,1.2100000000000002,1.1472108726700148,0.06278912732998543,0.05189184076858299,1
29612,3,31,0.9903225806451617,0.927563150067844,0.0627594305773177,0.06337271491520677,1
30823,9,30,0.8900000000000001,0.8272707349807025,0.06272926501929765,0.07048232024640184,1
23933,8,31,0.7161290322580643,0.6534069594942152,0.06272207276384911,0.08758487638195149,1
20891,1,31,1.887096774193549,1.8244408008131772,0.06265597338037177,0.033202310680196995,1
31510,9,30,1.13,1.0679573023784905,0.06204269762150938,0.054905042142928656,1
22641,7,31,0.7935483870967742,0.7315561769410007,0.0619922101557735,0.07812026483044628,1
25703,11,30,2.9133333333333336,2.851897762417794,0.06143557091553964,0.021087724570551362,1
24688,7,31,1.5967741935483868,1.535621217491045,0.06115297605734171,0.03829782338944633,1
23724,8,31,0.703225806451613,0.6420859624661743,0.0611398439854387,0.08694197997929355,1
26063,11,30,0.42,0.35941898246606196,0.06058101753393802,0.14424051793794768,1
37235,1,31,0.6354838709677422,0.5749965810968029,0.06048728987093932,0.09518304497457453,1
25563,8,31,1.6096774193548389,1.5492186023463166,0.06045881700852229,0.037559585716717254,1
29698,7,31,1.0483870967741933,0.9880052826577616,0.06038181411643173,0.05759496115721182,1
23631,5,31,1.1096774193548384,1.0493683647063952,0.06030905464844327,0.05434827599132971,1
29231,7,31,0.8677419354838714,0.8074726279945146,0.06026930748935677,0.06945533576840368,1
24738,8,31,1.0225806451612902,0.9623703261252469,0.06021031903604335,0.05888075363146195,1
37235,12,31,0.9032258064516128,0.8433076518197212,0.05991815463189154,0.06633795691387993,1
24266,6,30,1.4466666666666668,1.3871291876335936,0.05953747903307316,0.04115493942378329,1
30230,7,31,0.6741935483870972,0.6152245043025865,0.05896904408451076,0.08746604624975274,1
28900,3,31,0.7290322580645162,0.6701741389689906,0.05885811909552563,0.08073458813988028,1
31873,3,31,1.4903225806451614,1.4314654462820582,0.05885713436310325,0.03949288236485282,1
30777,7,31,0.8387096774193548,0.7800744462037278,0.05863523121562697,0.06991123721863217,1
30965,3,31,1.7935483870967746,1.7351751198451368,0.05837326725163772,0.03254624612951023,1
22887,7,31,0.6677419354838714,0.609438005149658,0.05830393033421344,0.08731506475172056,1
24951,8,31,1.1225806451612903,1.0643787711378065,0.05820187402348376,0.05184649697494243,1
30636,4,30,1.3066666666666669,1.2486482148927949,0.05801845177387199,0.04440187635755509,1
31909,4,30,1.6866666666666665,1.6287513212828584,0.05791534538380816,0.034337161294747925,1
23891,7,31,0.9709677419354844,0.9130551476752571,0.057912594260227324,0.059644200068672625,1
23933,6,30,0.8866666666666665,0.8291271160232522,0.05753955064341432,0.06489423004896352,1
27333,11,30,0.6733333333333333,0.6158065595415732,0.05752677379176019,0.08543580266102999,1
22217,1,31,1.4096774193548387,1.352340892846546,0.057336526508292796,0.040673508507026924,1
24507,7,31,0.9709677419354834,0.9136607948870907,0.057306947048392676,0.05902044380399248,1
29570,4,30,0.7766666666666667,0.7195173370093108,0.057149329657355974,0.07358282788500768,1
30965,10,31,1.4096774193548387,1.3527887559465823,0.05688866340825638,0.04035580241775624,1
30823,2,28,1.4428571428571426,1.386032842418977,0.056824300438165665,0.039383178521500965,1
32389,1,31,2.1580645161290324,2.1014012135445106,0.05666330258452179,0.02625653781943461,1
31088,11,30,1.6266666666666665,1.5700237952483198,0.056642871418346674,0.03482143734734427,1
23724,6,30,0.8733333333333337,0.8167370320111519,0.05659630132218185,0.0648049251780708,1
28661,9,30,0.8000000000000002,0.7436821839213371,0.05631781607866304,0.07039727009832879,1
24266,7,31,1.3580645161290321,1.3017498835200267,0.05631463260900538,0.04146683161233176,1
31873,12,31,2.1258064516129034,2.0695153429022723,0.05629110871063103,0.026479884218961487,1
30636,8,31,0.9645161290322581,0.9082417785081142,0.05627435052414398,0.05834464435613589,1
31416,6,30,1.5833333333333337,1.5271263542026285,0.05620697913070516,0.035499144714129564,1
24951,7,31,1.0419354838709673,0.9858381528407333,0.056097331030234066,0.05383954371322776,1
32098,2,28,2.060714285714286,2.004761749027031,0.05595253668725508,0.02715201087076503,1
30925,12,31,1.2741935483870968,1.2186741422351088,0.055519406151987916,0.043572192169914564,1
34172,1,30,1.7133333333333332,1.6579774375632401,0.05535589577009303,0.032308888581766365,1
23955,5,31,1.6419354838709679,1.5866033884786792,0.05533209539228867,0.033699311535578556,1
29231,4,30,1.2633333333333334,1.2080272765985383,0.05530605673479516,0.04377788132041833,1
30673,10,31,1.6290322580645165,1.5737510562904422,0.05528120177407425,0.033934995148441616,1
30393,7,31,0.8387096774193551,0.7834383256853592,0.05527135173399589,0.06590045783668738,1
31594,9,30,1.5266666666666666,1.4718305587706468,0.05483610789601978,0.035918847966825186,1
31369,12,31,2.3451612903225802,2.2906299687922,0.05453132153038043,0.023252695563160848,1
31707,1,31,1.6935483870967742,1.6392898269238008,0.05425856017297348,0.03203838791166053,1
23955,1,31,1.787096774193548,1.7329034405249737,0.05419333366857426,0.030324789597938672,1
29866,9,30,1.6833333333333333,1.629283096616467,0.05405023671686626,0.03210905151497006,1
32061,1,30,2.113333333333333,2.0594968587408458,0.05383647459248708,0.025474672520104304,1
29263,6,30,0.9266666666666662,0.8729114034919375,0.053755263174728674,0.05800927680726119,1
31253,6,30,0.7566666666666664,0.7030330989882351,0.053633567678431304,0.07088136697590043,1
31873,10,31,1.5870967741935489,1.5334824589141198,0.05361431527942906,0.033781377513461386,1
30673,8,31,1.0870967741935484,1.0335057828365075,0.05359099135704093,0.04929735109994863,1
24507,6,30,0.85,0.7964782531683646,0.05352174683163535,0.06296676097839453,1
32061,3,31,2.1580645161290315,2.1046868751846968,0.053377640944334726,0.024734033920394277,1
30252,9,30,0.9033333333333334,0.8500158333033324,0.05331750003000102,0.05902306276383876,1
21946,12,31,1.8258064516129036,1.7725463537559398,0.05326009785696373,0.029170724974662107,1
20891,11,30,1.8733333333333333,1.8200974548080313,0.05323587852530198,0.0284177287501612,1
32061,10,31,1.1677419354838707,1.11479694802284,0.052944987461030824,0.045339630146186624,1
30777,5,31,1.1516129032258065,1.098848927814153,0.05276397541165334,0.04581745764037125,1
28275,6,30,0.7533333333333336,0.7005720331519844,0.05276130018134928,0.07003712413453442,1
31915,11,30,1.3733333333333335,1.3206087674448888,0.05272456588844476,0.038391674190615115,1
31532,6,30,0.9866666666666669,0.9339623747207225,0.05270429194594439,0.05341651210737606,1
28224,7,27,1.348148148148148,1.2956365898320519,0.05251155831609622,0.03895088116853291,1
23933,7,31,0.7193548387096769,0.6668937727211851,0.05246106598849176,0.07292793926651327,1
29263,8,31,0.8354838709677421,0.7831262178140723,0.0523576531536698,0.06266746130362022,1
30521,7,31,0.7516129032258073,0.6992718695452622,0.0523410336805451,0.06963828515437323,1
37031,9,30,0.606666666666667,0.5543481611708801,0.05231850549578687,0.08623929477327501,1
25703,8,31,1.7322580645161292,1.6799478608033351,0.052310203712794046,0.03019769674295373,1
29570,7,31,0.6032258064516133,0.5509887095420595,0.052237096909553804,0.08659625690888594,1
34391,10,31,0.7548387096774193,0.7027155711927691,0.05212313848465022,0.06905202106940841,1
23405,1,31,1.5225806451612898,1.4705072145007785,0.05207343066051129,0.03420077013720022,1
25703,5,31,1.1774193548387097,1.1254779814381994,0.051941373400510304,0.04411459110728272,1
25551,6,30,0.9266666666666666,0.8747640469235678,0.05190261974309884,0.05601002130550235,1
24944,7,31,1.135483870967742,1.083611159771681,0.05187271119606085,0.045683353610167225,1
28661,4,30,0.6966666666666664,0.6448660864712049,0.05180058019546152,0.0743548998020979,1
22550,7,31,0.5774193548387095,0.5261719795484697,0.051247375290239816,0.08875243765348798,1
21946,5,31,1.2000000000000002,1.14883266202805,0.051167337971950166,0.042639448309958465,1
24908,5,31,1.2516129032258065,1.2005282551050187,0.051084648120787834,0.04081505391093873,1
30230,11,30,1.3566666666666667,1.3055959694832566,0.05107069718341006,0.03764424853814009,1
31369,10,31,1.3451612903225807,1.2941462061337887,0.05101508418879197,0.037924882730277006,1
36034,8,31,0.8870967741935485,0.836194922793056,0.050901851400492526,0.05738026885146429,1
29430,6,30,0.6666666666666664,0.6158102101087567,0.05085645655790971,0.0762846848368646,1
31088,9,30,0.9366666666666662,0.8859960855213767,0.05067058114528955,0.054096705849063606,1
30758,1,31,1.5451612903225806,1.4950974596724405,0.050063830650140195,0.0324003914437233,1
30393,2,28,1.2642857142857145,1.2144188527882631,0.04986686149745134,0.03944271530871857,1
37235,11,30,0.5099999999999999,0.4601798357566198,0.049820164243380094,0.09768659655564726,1
23631,8,31,1.0419354838709676,0.9923158013832667,0.04961968248770088,0.04762260548355193,1
30925,9,30,0.8699999999999998,0.8205200015877684,0.049479998412231385,0.05687356139336942,1
36034,9,30,1.0999999999999999,1.0505385566068186,0.04946144339318126,0.04496494853925569,1
28224,5,31,1.0548387096774199,1.0054296499298472,0.0494090597475727,0.046840393032867064,1
29612,4,30,0.7733333333333332,0.7241240775212645,0.0492092558120687,0.06363265837767505,1
30393,1,30,1.6233333333333329,1.5741391704852377,0.04919416284809519,0.0303044124320915,1
22837,10,31,0.8903225806451612,0.8411521689906237,0.049170411654537505,0.0552276362786472,1
28698,3,31,1.1903225806451612,1.1411812191168147,0.04914136152834647,0.04128407066067048,1
31594,6,30,0.7933333333333336,0.7443381723264856,0.048995161006847976,0.061758606311152896,1
23472,7,31,1.0967741935483875,1.0480912323079765,0.04868296124041094,0.04438740583684525,1
30710,3,31,1.12258064516129,1.0741814342237288,0.04839921093756128,0.04311423962828735,1
24944,8,31,0.8870967741935484,0.8387895758804536,0.048307198313094823,0.05445538718930689,1
24951,6,30,1.0366666666666664,0.9883881423498192,0.048278524316847204,0.04657092377830921,1
32098,9,30,1.2266666666666668,1.1785005272366105,0.04816613943005632,0.039265874535371996,1
23921,7,31,0.967741935483871,0.9199544203768094,0.047787515107061584,0.04938043227729697,1
22837,5,31,1.4322580645161294,1.384570725550575,0.04768733896555433,0.033295214142616755,1
28722,9,30,0.9333333333333333,0.8856918553635479,0.04764147796978546,0.051044440681912995,1
31909,1,31,1.7548387096774194,1.707210780560009,0.04762792911741043,0.027140915489700795,1
30372,4,30,1.8033333333333337,1.7559493173162144,0.04738401601711928,0.02627579446420662,1
30252,6,30,0.8566666666666667,0.8093165296223014,0.047350137044365304,0.05527253351482331,1
24908,8,31,0.9258064516129035,0.8784731912636952,0.04733326034920837,0.05112651814722854,1
32061,5,31,1.1290322580645162,1.081750004510245,0.04728225355427118,0.04187856743378304,1
31960,10,31,1.7,1.6529031014009827,0.04709689859901722,0.027704057999421897,1
24343,9,30,1.2799999999999996,1.233213930005828,0.046786069994171564,0.03655161718294655,1
32061,7,31,0.7161290322580643,0.6694604016209561,0.046668630637108244,0.06516790764641243,1
31960,4,30,0.9400000000000001,0.8936862846960625,0.046313715303937575,0.04926990989780593,1
29612,2,28,1.7821428571428568,1.735848797618278,0.04629405952457888,0.025976626586938053,1
28138,12,31,2.6741935483870964,2.6279785553353925,0.046214993051703956,0.01728184299882778,1
23205,10,31,0.7645161290322581,0.7184210889221678,0.046095040110090246,0.06029309043935855,1
29430,12,31,0.8709677419354838,0.8250518943874106,0.04591584754807321,0.05271819533297295,1
29866,11,30,1.75,1.7040930949617177,0.04590690503828232,0.026232517164732756,1
30777,1,31,1.3806451612903232,1.335048295455354,0.04559686583496925,0.033025767310374904,1
31416,9,30,1.4600000000000002,1.4149052272674938,0.045094772732506394,0.030886830638703004,1
31253,4,30,1.54,1.494926338985873,0.04507366101412713,0.0292686110481345,1
30673,3,31,2.132258064516128,2.08725120979211,0.04500685472401811,0.021107602064214248,1
34163,10,31,1.4258064516129036,1.3810347536698948,0.04477169794300884,0.031400964620662296,1
23711,3,31,0.9032258064516132,0.8586648624270197,0.04456094402459354,0.049335330884371406,1
30949,3,31,1.3322580645161293,1.2879684567361351,0.04428960777999413,0.033244015524935056,1
30521,8,31,0.9193548387096776,0.8752459381676972,0.044108900541980356,0.047978102343908445,1
28900,12,31,0.8516129032258064,0.8075195113377225,0.04409339188808392,0.051776331383734914,1
30925,7,31,0.7935483870967743,0.7495497079055398,0.04399867919123457,0.05544549003773461,1
31915,1,31,1.5129032258064519,1.4690021628153427,0.043901062991109185,0.02901776018602099,1
23884,8,31,0.9,0.8561492916057638,0.043850708394236215,0.04872300932692913,1
23891,2,28,2.132142857142857,2.0882938739344743,0.04384898320838282,0.020565687266913216,1
28493,8,31,1.0548387096774197,1.0110465720566293,0.04379213762079037,0.04151548214814988,1
30252,5,31,1.0064516129032262,0.9632351841897736,0.04321642871345255,0.042939400324263736,1
23724,4,30,0.8500000000000001,0.8069449676262835,0.04305503237371655,0.05065297926319594,1
30372,2,28,3.0285714285714285,2.9857035253729136,0.042867903198514856,0.014154496339132265,1
30673,7,31,1.0516129032258066,1.0092014018326039,0.04241150139320271,0.04032995531255472,1
22583,8,31,0.7451612903225807,0.7027631597473255,0.04239813057525521,0.05689792414861088,1
34861,9,30,0.49333333333333323,0.45106118833025294,0.0422721450030803,0.08568678041164927,1
31960,3,31,1.3322580645161295,1.2901360059517528,0.042122058564376674,0.03161704153742558,1
31329,3,31,1.1419354838709677,1.100202756903825,0.041732726967142586,0.036545608361057066,1
31510,4,30,1.2133333333333336,1.171636601071805,0.0416967322615287,0.03436543867708409,1
30949,7,31,0.7935483870967738,0.7521806499999644,0.04136773709680941,0.05213007520329644,1
31707,7,31,0.532258064516129,0.4912892443939082,0.040968820122220806,0.0769717226538694,1
30949,2,28,2.0785714285714287,2.037699390335807,0.04087203823562158,0.019663523549783575,1
31088,1,31,1.016129032258065,0.9754601490473559,0.04066888321070905,0.04002334538196762,1
31594,4,30,1.6333333333333333,1.5928632258623838,0.04047010747094948,0.02477761681894866,1
29570,5,31,0.9387096774193548,0.8983359402935622,0.04037373712579262,0.04300982305496808,1
36034,10,31,1.0903225806451615,1.0499896966521778,0.04033288399298374,0.03699169833676023,1
29698,9,30,1.0066666666666666,0.9667017631356914,0.03996490353097515,0.03970023529567068,1
31594,11,30,1.7133333333333334,1.6734243115906913,0.0399090217426421,0.023293203351736635,1
28722,12,31,0.9580645161290322,0.918212961862164,0.03985155426686826,0.04159589839302748,1
33008,5,31,0.49999999999999994,0.4601800565938315,0.039819943406168457,0.07963988681233693,1
23205,12,31,1.3322580645161295,1.2924496745480405,0.039808389968089,0.029880389564425146,1
36034,6,30,1.1800000000000002,1.1403378600316743,0.039662139968325905,0.033611983024005,1
31915,8,31,0.5451612903225811,0.5055211614577039,0.03964012886487722,0.07271266241486349,1
30777,6,30,0.5266666666666665,0.4871566294164705,0.03951003725019603,0.07501905806999248,1
31168,8,31,0.8677419354838707,0.8284225946292277,0.03931934085464295,0.04531225154252534,1
23472,8,31,1.1709677419354838,1.1319866483610483,0.038981093574435466,0.033289639140702466,1
30372,3,31,2.2322580645161296,2.193476283324943,0.03878178119118658,0.01737334128506913,1
30673,6,30,0.7566666666666669,0.7180863871797919,0.038580279486875035,0.050987153506883286,1
23955,6,30,1.1533333333333333,1.1149198827194051,0.0384134506139282,0.033306460069879945,1
31510,3,31,1.7322580645161287,1.6939128445281133,0.03834521998801543,0.022135974294757516,1
22837,3,31,1.4161290322580646,1.3779795134259811,0.03814951883208351,0.026939295758418875,1
25703,9,30,1.4633333333333332,1.4251989334324995,0.03813439990083367,0.02605995437414602,1
31915,12,31,1.9612903225806453,1.9233408989444858,0.037949423636159496,0.019349212709226057,1
22837,2,28,1.6214285714285712,1.5839471501331508,0.037481421295420425,0.023116295072065463,1
28434,4,30,0.7999999999999999,0.7626842313104619,0.03731576868953801,0.04664471086192252,1
25563,3,31,3.809677419354838,3.77259256262933,0.037084856725507986,0.0097343823750275,1
24641,5,31,1.0064516129032257,0.969381650044553,0.0370699628586727,0.03683233489162993,1
31873,9,30,1.1133333333333333,1.0764662391444046,0.03686709418892864,0.033114156457121534,1
31388,4,30,0.8466666666666668,0.8099973655391176,0.03666930112754918,0.043310198182144696,1
22887,4,30,0.7300000000000001,0.6934272098106644,0.03657279018933568,0.05009971258813106,1
30054,4,30,1.16,1.1235175764312344,0.03648242356876552,0.03145036514548752,1
31388,5,31,0.8612903225806451,0.82481461876793,0.03647570381271503,0.04235006809715978,1
31707,10,31,1.5935483870967742,1.5571133778460564,0.03643500925071774,0.02286407463101721,1
24266,8,31,1.5354838709677423,1.499139430848581,0.03634444011916127,0.023669698396932753,1
25551,11,30,3.2833333333333328,3.247019465106229,0.03631386822710381,0.011060061388965628,1
23933,2,28,1.0000000000000004,0.963692396845935,0.03630760315406545,0.036307603154065435,1
34880,11,30,0.67,0.6338964956781517,0.03610350432184839,0.05388582734604237,1
31329,10,31,0.8,0.7640167292417779,0.03598327075822216,0.044979088447777704,1
32411,1,31,1.7677419354838708,1.731893594538973,0.03584834094489775,0.020279170972478656,1
31909,6,30,1.2400000000000004,1.2042473222501577,0.0357526777498427,0.028832804636969907,1
24266,9,30,1.5766666666666667,1.541057588228335,0.03560907843833161,0.022585039178645842,1
31004,3,31,1.6645161290322579,1.629206111630605,0.03531001740165296,0.021213382547504687,1
28224,10,31,0.8451612903225805,0.8100038680728644,0.035157422249716075,0.041598476707679334,1
29282,5,31,1.1903225806451612,1.1552344025623416,0.03508817808281961,0.02947787318610862,1
24944,6,30,0.8533333333333333,0.8182803419418632,0.03505299139147011,0.04107772428687904,1
23324,6,30,0.9133333333333333,0.8783138254610824,0.03501950787225094,0.03834252686742804,1
31004,5,31,0.8935483870967742,0.8586644181440914,0.03488396895268275,0.039039820849572755,1
28138,10,31,2.0129032258064514,1.9780342361258882,0.03486898968056318,0.017322735257972094,1
24343,5,30,0.7333333333333332,0.6984833962749691,0.03484993705836403,0.04752264144322369,1
21982,7,31,0.7064516129032257,0.6716713273957852,0.0347802855074405,0.04923236761327195,1
30949,8,31,0.7419354838709676,0.7071988618361853,0.03473662203478234,0.04681892535122838,1
30054,8,31,0.6580645161290325,0.6233409941087537,0.03472352202027884,0.05276613640336489,1
30965,6,30,1.1266666666666674,1.09194962973396,0.034717036932707446,0.030813938105953335,1
28698,2,28,1.407142857142858,1.3724288975021675,0.03471395964069046,0.024669819033993207,1
31329,9,30,0.7000000000000001,0.665501156585912,0.03449884341408804,0.04928406202012577,1
23631,7,31,0.8516129032258064,0.8171334477381839,0.034479455487622546,0.04048723939834466,1
27595,11,30,0.7899999999999999,0.7556113760198543,0.03438862398014564,0.04352990377233625,1
25551,7,31,1.3645161290322583,1.3301970473580784,0.03431908167417985,0.025151100044907216,1
30823,7,31,0.5612903225806449,0.527246031741942,0.03404429083870297,0.06065362160918348,1
31253,1,31,1.3612903225806439,1.327521849543817,0.03376847303682684,0.024806224268759076,1
29838,10,31,1.3548387096774193,1.321444792633936,0.03339391704348316,0.024647891151142333,1
30393,3,31,1.4516129032258067,1.4182856452200687,0.03332725800573799,0.02295877773728617,1
32165,12,31,1.0677419354838709,1.0344755455911638,0.03326638989270703,0.03115583343425734,1
23933,3,31,1.0032258064516126,0.970072893413805,0.03315291303780765,0.03304631203125522,1
31416,2,28,2.1,2.067289128854671,0.032710871145329,0.015576605307299523,1
31088,12,31,1.3806451612903226,1.3479710863362395,0.03267407495408303,0.023665801952723692,1
31369,3,31,2.0290322580645164,1.996623497576483,0.03240876048803343,0.01597252106723428,1
31168,11,30,1.65,1.6180086848015587,0.03199131519844123,0.01938867587784317,1
30949,1,31,1.9870967741935481,1.9551366065268312,0.03196016766671694,0.016083850611497166,1
30393,10,31,1.2806451612903227,1.2488008683074205,0.031844292982902145,0.024865820717127618,1
30230,3,31,1.6935483870967742,1.6617157716424233,0.0318326154543509,0.018796401506378624,1
34824,1,31,0.7225806451612904,0.6908040965877233,0.03177654857356704,0.04397647347234724,1
28493,12,31,1.1258064516129034,1.0940956314124408,0.031710820200462564,0.028167204189522618,1
23955,9,30,0.6666666666666666,0.6350265344480673,0.03164013221859929,0.04746019832789894,1
23724,9,30,0.7800000000000001,0.7484108287903172,0.031589171209682965,0.040498937448311484,1
21982,6,30,1.0333333333333332,1.0018171623721717,0.03151617096116155,0.03049952028499505,1
31416,10,31,1.2354838709677416,1.2040651014675534,0.03141876950018818,0.025430335626784175,1
24343,2,28,1.117857142857143,1.0867052637971937,0.031151879059949428,0.027867495644683188,1
24641,2,28,1.4678571428571432,1.436776872504769,0.031080270352374262,0.021173906809403384,1
27459,10,31,0.964516129032258,0.9334602201627868,0.031055908869471183,0.032198433944936676,1
28661,10,31,0.9419354838709676,0.9109361924831905,0.030999291387777128,0.03291020661031134,1
31873,8,31,0.6903225806451615,0.6594567628468448,0.030865817798316653,0.04471216596952411,1
28138,6,2,0.9000000000000012,0.8691539738327263,0.030846026167274943,0.03427336240808322,0
32098,3,31,2.103225806451613,2.0724286707658925,0.030797135685720622,0.01464280991192238,1
31960,11,30,1.4666666666666666,1.4358833580526214,0.030783308614045213,0.020988619509576284,1
31873,6,30,0.7066666666666669,0.6758889473415913,0.03077771932507556,0.0435533764034088,1
24966,6,30,1.1466666666666663,1.115923278927803,0.030743387738863204,0.026811093958310942,1
24966,10,30,1.25,1.2192767185438427,0.030723281456157325,0.02457862516492586,1
24738,3,31,1.503225806451613,1.4725095736403622,0.03071623281125091,0.02043354543237721,1
29698,1,31,2.2677419354838704,2.2371603317089344,0.030581603774936017,0.013485486728634663,1
29282,10,31,1.1451612903225805,1.1146462314882346,0.03051505883434591,0.026646952784921782,1
24507,4,30,1.9433333333333331,1.9129123203270137,0.030421013006319386,0.0156540375675743,1
34172,10,31,0.8193548387096774,0.7889795005651972,0.030375338144480235,0.037072263089719976,1
22887,1,30,1.716666666666667,1.6863259017467496,0.03034076491991744,0.017674231992184913,1
24966,7,31,1.2709677419354843,1.240782383246528,0.030185358688956443,0.023749901506539325,1
31168,3,31,1.4612903225806453,1.4311658345433254,0.03012448803731993,0.020614991813618495,1
32098,7,31,0.9419354838709676,0.9118296822465413,0.03010580162442633,0.03196163871086358,1
29698,3,31,2.203225806451613,2.1732373834377334,0.029988423013879384,0.01361114368126297,1
23205,9,30,0.5266666666666666,0.4972309225300949,0.02943574413657174,0.055890653423870396,1
32165,9,30,0.49333333333333307,0.4639144281049567,0.02941890522837637,0.059632916003465646,1
31168,1,31,1.1774193548387093,1.148597335959634,0.028822018879075317,0.024478974938392743,1
34391,11,30,0.6599999999999999,0.6311812404294808,0.02881875957051916,0.04366478722805934,1
24959,3,31,2.3677419354838714,2.338952256075948,0.02878967940792343,0.012159128905253763,1
30636,5,31,0.9645161290322581,0.9357895996631874,0.02872652936907072,0.029783358208735525,1
24507,12,31,2.254838709677419,2.2263638223371194,0.02847488734029957,0.01262834774748622,1
30054,5,31,0.6806451612903228,0.6523088206026344,0.02833634068768842,0.041631590583807616,1
31510,12,31,1.1483870967741943,1.1203977028328567,0.027989393941337593,0.02437278685902991,1
22113,8,31,0.5580645161290324,0.5301387872667083,0.02792572886232414,0.05004032339491608,1
31909,10,31,1.5645161290322582,1.5366425779648127,0.02787355106744549,0.017816084187439383,1
23955,4,30,1.1299999999999997,1.1022270375862717,0.027772962413727953,0.024577842844007044,1
31915,5,31,0.8483870967741934,0.8206562997326405,0.0277307970415529,0.03268649080943498,1
28661,3,31,0.7483870967741935,0.7207674890963148,0.027619607677878633,0.036905510259234386,1
23884,9,30,0.6033333333333334,0.5759754073123136,0.02735792602101983,0.04534462876412126,1
32165,4,30,0.7766666666666666,0.7494938721631963,0.02717279450347032,0.03498643069116351,1
32165,10,31,0.8322580645161292,0.8053631176614399,0.026894946854689294,0.03231563381764992,1
23884,7,31,1.0483870967741937,1.021492348141187,0.02689474863300667,0.025653452542252514,1
29612,10,31,0.8096774193548387,0.7828861091766627,0.026791310178176042,0.03308886914436085,1
24125,2,28,0.6142857142857141,0.587677257942102,0.026608456343612086,0.04331609172215922,1
28434,5,31,1.138709677419355,1.112126351159907,0.026583326259447926,0.023345130709430187,1
30925,3,31,1.8354838709677421,1.808941096442211,0.02654277452553111,0.014460914064876351,1
30252,8,31,0.7161290322580647,0.6896207891960421,0.026508243062022596,0.03701601508660812,1
29231,6,30,1.2699999999999998,1.243571904289226,0.02642809571077387,0.02080952418171171,1
34861,12,31,0.6096774193548387,0.5833102896328896,0.0263671297219491,0.043247673088911226,1
28493,1,31,1.303225806451613,1.2770672476219553,0.026158558829657563,0.020072161478202587,1
29612,8,31,0.6838709677419356,0.6581880229495227,0.025682944792412843,0.03755524946060368,1
34172,4,30,1.73,1.7043337317742409,0.025666268225759126,0.014835993194080419,1
24507,8,31,1.2483870967741935,1.2227757426279209,0.02561135414627258,0.02051555500089018,1
37031,11,30,0.7099999999999999,0.6843947463048001,0.025605253695199726,0.03606373759887286,1
22583,10,31,0.5870967741935482,0.5616064731348981,0.025490301058650133,0.04341754575923925,1
32411,4,30,1.353333333333333,1.3278925418667493,0.025440791466583734,0.018798614384175176,1
31873,11,30,1.4566666666666668,1.4312352904025465,0.025431376264120287,0.017458610707634062,1
30521,11,30,1.2966666666666669,1.2715144447237254,0.025152221942941422,0.01939760047013477,1
25563,9,30,1.4266666666666667,1.4015604496747256,0.025106216991941155,0.017597815648556885,1
31253,9,30,0.98,0.9549258189648389,0.025074181035161125,0.025585899015470537,1
36034,7,31,1.0032258064516133,0.9784148643213899,0.02481094213022339,0.0247311641812516,1
37235,2,28,0.85,0.8252831172198059,0.024716882780194127,0.0290786856237578,1
23921,10,31,0.9806451612903226,0.9561143841053691,0.024530777184953556,0.025014937260972373,1
31416,11,30,2.1533333333333338,2.1288262994851297,0.024507033848204074,0.011380975471302198,1
29430,4,30,0.4433333333333334,0.4190334551036358,0.02429987822969759,0.0548117554053329,1
23891,10,31,0.9354838709677422,0.9111851625024313,0.024298708465310903,0.025974481462918544,1
23472,10,31,0.8806451612903227,0.8565128343840762,0.02413232690624645,0.0274030085748586,1
29612,6,30,0.8566666666666667,0.8326136084397633,0.0240530582269034,0.028077499875762725,1
23884,4,30,1.29,1.2659593285309774,0.024040671469022667,0.018636179433350903,1
34172,8,31,0.658064516129032,0.6340664366079911,0.023998079521040938,0.03646766986040536,1
28064,7,31,0.7129032258064517,0.6889294681830271,0.023973757623424574,0.03362834779756388,1
23472,5,31,1.0419354838709673,1.01797154144414,0.023963942426827423,0.02299944938797679,1
21946,4,30,2.4133333333333336,2.389537337397536,0.02379599593579762,0.009860219310413377,1
31532,9,30,1.0166666666666666,0.9928813543046516,0.023785312362014976,0.023395389208539324,1
30393,5,31,0.7838709677419355,0.7601046589593734,0.02376630878256214,0.030319159352239763,1
29231,8,31,0.9645161290322578,0.9407783257624793,0.02373780326977848,0.024611100380037894,1
23405,3,31,0.9483870967741935,0.9246724778966557,0.023714618877537785,0.025005210381077256,1
22550,11,30,0.7733333333333333,0.749733900092542,0.02359943324079128,0.030516508501023207,1
31707,3,31,1.4161290322580646,1.3925810299994004,0.02354800225866427,0.01662842984097021,1
24507,11,30,2.5366666666666666,2.5131196743498245,0.023546992316842097,0.009282651373262325,1
28661,2,28,1.15,1.1265838210481367,0.02341617895186321,0.02036189474075062,1
24959,8,31,0.9870967741935482,0.9637505932500765,0.02334618094347174,0.02365135977933412,1
24688,1,31,1.4258064516129036,1.4026560842630365,0.023150367349867196,0.016236682982938525,1
31594,1,31,1.9096774193548383,1.8865548728815005,0.02312254647333778,0.012108090214078908,1
32061,4,30,1.4433333333333331,1.420463147185995,0.022870186147338156,0.01584539455935669,1
24688,3,31,3.0548387096774197,3.0320771693101816,0.022761540367238098,0.007450979423277518,1
23921,3,31,1.267741935483871,1.2450370068511656,0.022704928632705457,0.017909740142846544,1
23921,6,30,0.7666666666666667,0.7440856324881316,0.022581034178535075,0.02945352284156749,1
32411,3,31,1.8967741935483868,1.8742037997495629,0.022570393798823973,0.011899357274890192,1
24641,6,30,1.1833333333333333,1.1608316416790083,0.02250169165432503,0.019015514074077488,1
28440,4,30,0.6600000000000001,0.6375763095108172,0.022423690489182913,0.0339752886199741,1
30673,12,31,2.0903225806451617,2.0679219419677413,0.02240063867742048,0.010716354922840043,1
31960,5,31,1.135483870967742,1.1131019099945982,0.02238196097314371,0.0197113860843027,1
30636,2,28,3.103571428571429,3.0813494036173723,0.022222024954056785,0.007160146130190908,1
22550,9,30,0.4866666666666666,0.4644510057816902,0.022215660884976396,0.04564861825680082,1
28224,4,30,0.6900000000000001,0.6678849960460018,0.022115003953998236,0.03205073036811338,1
31532,10,31,1.1419354838709677,1.1199525245795807,0.02198295929138694,0.019250614068728678,1
31915,6,30,0.4933333333333335,0.47140915029992686,0.021924183033406652,0.044440911554202656,1
33008,7,31,0.6645161290322582,0.6426318620722143,0.021884266960043863,0.03293263474569707,1
23921,12,31,2.919354838709677,2.897473219091132,0.021881619618544956,0.0074953614162971685,1
27648,2,28,1.6392857142857136,1.6174507472930202,0.021834966992693383,0.013319805572884858,1
31909,12,31,1.7677419354838713,1.7461579345346943,0.021584000949177007,0.012209927544242466,1
29838,4,30,1.3766666666666665,1.3551015660228827,0.021565100643783808,0.015664722017276377,1
28064,4,30,0.85,0.8284848268423229,0.021515173157677037,0.025311968420796513,1
32098,11,30,1.736666666666667,1.7152336357440803,0.02143303092258675,0.012341476538917512,1
31253,7,31,0.7064516129032256,0.6850499529447858,0.02140165995843979,0.03029458715578236,1
24507,1,30,2.086666666666667,2.0654254328459505,0.02124123382071641,0.010179505025902431,1
23405,6,30,0.956666666666667,0.9354847106585903,0.021181956008076708,0.022141417430045333,1
23884,3,31,1.3838709677419354,1.3627275600909226,0.021143407651012858,0.015278453081151482,1
27199,8,31,0.6645161290322581,0.6434578966289278,0.021058232403330268,0.03168957303413778,1
37031,10,31,0.6548387096774193,0.6337830529668398,0.021055656710579518,0.03215395852354508,1
34391,1,31,1.5451612903225806,1.5241447477931938,0.021016542529386895,0.013601520217348511,1
34123,11,30,0.6533333333333334,0.6324709691541891,0.020862364179144333,0.03193219007011887,1
24959,7,31,1.0741935483870961,1.0533448535588474,0.020848694828248693,0.019408694885156452,1
29838,1,31,2.106451612903226,2.085606321163716,0.020845291739509886,0.00989592716577039,1
23804,1,31,0.9709677419354839,0.9501850648272423,0.020782677108241554,0.021404086058321867,1
27199,7,31,0.6129032258064521,0.592215014477411,0.020688211329041084,0.03375445006317227,1
23955,8,31,0.7903225806451615,0.7696898489469485,0.020632731698213003,0.02610672174059604,1
23405,10,31,0.635483870967742,0.6149037932977081,0.02058007767003389,0.0323848937954848,1
23711,2,28,1.0107142857142857,0.9901818752687959,0.020532410445489813,0.020314752384230205,1
30372,5,31,0.7580645161290323,0.7375835274977068,0.020480988631325414,0.027017474364727144,1
30252,4,30,1.9166666666666672,1.8961955307361984,0.020471135930468787,0.010680592659375016,1
33008,1,31,0.41290322580645145,0.3925155242003739,0.020387701606077557,0.04937646482721911,1
31510,2,28,1.4821428571428572,1.4617715665538396,0.020371290589017654,0.01374448521668661,1
23631,10,31,0.8483870967741935,0.8283241270290268,0.020062969745166748,0.02364836738023457,1
20891,5,31,0.9903225806451614,0.9702624430459355,0.02006013759922598,0.02025616500247574,1
22837,12,31,1.4903225806451614,1.4702714200101552,0.020051160635006227,0.013454241984527986,1
23933,10,31,0.7129032258064519,0.692863456970231,0.02003976883622094,0.028110082982934336,1
24959,9,30,0.9799999999999999,0.9599747863784434,0.020025213621556515,0.020433891450567874,1
34824,11,30,0.8166666666666667,0.7967412994615732,0.019925367205093414,0.024398408822563365,1
22641,12,31,1.4709677419354836,1.4510486703966894,0.019919071538794242,0.013541474072425912,1
37031,6,30,0.73,0.7101298413592545,0.019870158640745483,0.027219395398281485,1
20891,8,31,0.8677419354838709,0.8479083526519035,0.019833582831967456,0.022856545271040564,1
26258,9,30,0.49666666666666676,0.4768896338219444,0.019777032844722375,0.03981952921756182,1
23711,1,31,1.4258064516129039,1.4060379184722425,0.019768533140661404,0.013864808311323603,1
27595,8,31,0.41612903225806425,0.3963667704164228,0.019762261841641426,0.04749070675123136,1
24688,11,30,2.3600000000000003,2.3402591331924003,0.01974086680760001,0.008364774071016953,1
37472,1,30,0.6966666666666667,0.6770272492369016,0.01963941742976505,0.02819055133459098,1
31960,2,28,1.7500000000000004,1.730390525057114,0.01960947494288634,0.011205414253077906,1
31909,7,31,0.7322580645161291,0.7128267967833147,0.01943126773281434,0.026536092498557026,1
37472,11,30,0.6366666666666667,0.6172527534763018,0.019413913190364895,0.030493057367065278,1
23884,1,31,2.1870967741935488,2.1677189304463327,0.019377843747216073,0.008860076049612068,1
31510,7,31,0.6064516129032259,0.5870870193857097,0.019364593517516182,0.03193097867250008,1
30252,2,28,2.892857142857142,2.873744948600817,0.019112194256325044,0.006606684434285202,1
28138,3,26,0.8692307692307693,0.8501958870114042,0.019034882219365,0.021898537066526107,1
22583,11,30,0.8866666666666668,0.8676564414473251,0.019010225219341703,0.021440103630836503,1
31915,2,28,1.3964285714285711,1.3774275550352673,0.01900101639330387,0.013606865959399195,1
31915,3,31,1.5064516129032257,1.4875685148075364,0.018883098095689332,0.012534818864376218,1
23205,11,30,1.7966666666666664,1.7778331701581673,0.01883349650849908,0.010482465589146058,1
32165,11,30,0.89,0.8714145823366319,0.018585417663368076,0.020882491756593343,1
30965,1,31,1.8193548387096776,1.8008111360850894,0.018543702624588265,0.010192460662450996,1
28900,10,31,0.6129032258064516,0.5944230266035564,0.01848019920289523,0.030151903962618534,1
31416,3,31,2.3258064516129036,2.307631493504009,0.01817495810889458,0.007814475747236226,1
34123,7,31,0.4870967741935483,0.4689766737328271,0.01812010046072121,0.03720020624386475,1
31088,10,31,0.8064516129032256,0.7883751220280122,0.018076490875213458,0.022414848685264693,1
30636,10,31,1.2129032258064516,1.1948670564955401,0.018036169310911454,0.014870245974421678,1
27459,4,30,0.6166666666666667,0.5987421586147199,0.017924508051946786,0.02906676981396776,1
30758,5,31,0.703225806451613,0.6853647031250502,0.017861103326562877,0.02539881665703895,1
30758,3,31,1.1870967741935485,1.1692638596039147,0.017832914589633875,0.015022292181485056,1
28900,4,30,0.6466666666666666,0.6288481518253682,0.017818514841298372,0.027554404393760373,1
22550,10,31,0.40322580645161266,0.38554255669756254,0.017683249754050112,0.04385445939004431,1
22641,6,30,0.9033333333333332,0.8858595560242732,0.017473777309059968,0.019343664917778565,1
23955,10,31,1.0935483870967742,1.0761538849460082,0.01739450215076599,0.015906476893030846,1
24959,1,31,1.2032258064516133,1.1858890051803286,0.017336801271284674,0.014408601592756696,1
34824,10,31,0.6516129032258062,0.6342763721041619,0.01733653112164435,0.026605567562919555,1
31915,9,30,1.0633333333333332,1.0460113315439472,0.017322001789386032,0.016290283814469623,1
32098,4,30,1.0066666666666666,0.9894021631839374,0.017264503482729232,0.01715016902257871,1
24266,4,30,2.4533333333333327,2.43608205950198,0.01725127383135261,0.00703176922473612,1
22550,5,31,0.7838709677419357,0.7666581430742816,0.01721282466765406,0.02195874751840641,1
30230,8,31,0.5806451612903227,0.5635022328325338,0.017142928457788975,0.029523932343969893,1
28138,11,30,2.6466666666666674,2.62954404073457,0.017122625932097346,0.006469506019684134,1
30521,4,30,1.1699999999999997,1.1529017548530827,0.017098245146917046,0.014613884740954744,1
34391,2,28,1.0035714285714286,0.9864876921355191,0.017083736435909436,0.017022940220835024,1
27612,3,31,0.396774193548387,0.3797083417013769,0.017065851847010094,0.0430114965249848,1
20891,7,31,1.2612903225806449,1.2443107364158477,0.016979586164797222,0.013462075987435141,1
28900,6,30,0.5166666666666672,0.49976295530796105,0.01690371135870611,0.03271686069426986,1
27595,6,30,0.3099999999999997,0.29319022045781207,0.016809779542187653,0.05422509529737957,1
31253,5,31,1.0999999999999999,1.083329118421722,0.016670881578277896,0.015155346889343543,1
31388,7,31,0.9516129032258065,0.9350137770896961,0.016599126136110365,0.017443149498963435,1
37031,2,28,0.8892857142857142,0.8727210730463931,0.01656464123932111,0.01862690581128478,1
37031,12,31,0.7096774193548389,0.6931304998004868,0.016546919554352058,0.023316113917496075,1
24951,3,31,2.648387096774194,2.6319330764003106,0.016454020373883438,0.006212845695376205,1
29282,8,31,0.7774193548387099,0.7610207085527724,0.016398646285937568,0.021093694392699768,1
28064,2,28,0.9571428571428571,0.9408047297304228,0.016338127412434233,0.017069685356274573,1
30673,2,28,2.1785714285714293,2.162289076318433,0.016282352252996457,0.007473866607932798,1
34880,2,28,0.6357142857142856,0.6195784975575016,0.01613578815678396,0.02538213867359275,1
31369,4,30,1.3300000000000003,1.3140121501435837,0.015987849856416547,0.012020939741666575,1
23205,4,30,1.0633333333333332,1.0475059346782898,0.015827398655043456,0.014884700929507954,1
28661,1,31,1.1290322580645156,1.1134985131542046,0.01553374491031101,0.013758459777704044,1
30777,8,31,0.6870967741935484,0.671860119240028,0.015236654953520445,0.022175413312635388,1
31873,7,31,0.44838709677419336,0.43329869663162585,0.015088400142567515,0.03365038880716498,1
32098,12,31,2.532258064516129,2.5171799117909566,0.015078152725172433,0.005954429738603126,1
37031,1,31,0.6870967741935484,0.6720406915451731,0.015056082648375324,0.02191260854927864,1
34824,3,31,0.5935483870967743,0.5785016206078111,0.015046766488963192,0.025350530497709724,1
30777,3,31,1.532258064516129,1.5173545607615397,0.014903503754589265,0.009726497187205625,1
28698,5,31,0.7548387096774194,0.7399596851198905,0.014879024557528875,0.01971152825997415,1
23955,2,28,1.9571428571428573,1.9424021965557976,0.014740660587059695,0.007531724387548748,1
30949,9,30,1.143333333333333,1.1286065298567212,0.014726803476611927,0.01288058613114746,1
22602,2,28,1.0464285714285715,1.0317549595199773,0.014673611908594175,0.014022564281250406,1
32411,9,30,1.1966666666666665,1.1820144101356467,0.01465225653101987,0.012244225513387079,1
28661,12,31,0.8903225806451615,0.8756804683185634,0.014642112326598067,0.016445850801613766,1
23921,1,30,2.253333333333333,2.238757698287566,0.014575635045766866,0.006468477091316658,1
28275,3,31,1.1709677419354838,1.156397740798251,0.014570001137232724,0.012442700695708388,1
23884,2,28,2.142857142857143,2.128397061306584,0.01446008155055889,0.006748038056927482,1
23631,6,30,0.9400000000000002,0.9257905154116454,0.014209484588354804,0.015116472966334895,1
24951,12,31,2.258064516129033,2.2439869915525765,0.01407752457645639,0.006234332312430685,1
27823,11,30,0.7899999999999997,0.7759561186904705,0.01404388130952916,0.017777064948771095,1
28064,10,31,0.738709677419355,0.7247614169913916,0.013948260427963377,0.018881924596806314,1
31004,6,30,1.0333333333333334,1.0196018251342076,0.01373150819912583,0.013288556321734674,1
29282,1,31,1.6903225806451614,1.6766150562092659,0.013707524435895513,0.00810941331131223,1
29570,6,30,0.8400000000000002,0.8263059970488149,0.01369400295118528,0.01630238446569676,1
34824,9,30,0.6766666666666665,0.6629728265401595,0.013693840126506984,0.02023720215739949,1
31909,5,31,0.7806451612903227,0.7669571631137403,0.013687998176582394,0.01753421254025017,1
22887,6,30,0.7233333333333334,0.7097482447202007,0.013585088613132679,0.018781228497418447,1
34880,5,31,0.45483870967741946,0.44127875002882183,0.01355995964859763,0.02981267724159762,1
27823,2,28,1.1857142857142855,1.1723589962753713,0.013355289438914175,0.011263497117156535,1
28434,3,31,1.5161290322580643,1.5029200785492935,0.013208953708770732,0.00871228861642325,1
28493,2,28,1.5035714285714286,1.4903935609252326,0.013177867646195995,0.008764377531911826,1
23472,4,30,1.686666666666667,1.6735670112236405,0.013099655443026492,0.007766594136181713,1
31329,11,30,1.2333333333333338,1.2202433268104993,0.01309000652283454,0.010613518802298272,1
23724,11,30,1.436666666666667,1.423585879635066,0.013080787031600982,0.009104956170487922,1
27199,3,31,1.096774193548387,1.0837836402288128,0.012990553319574216,0.01184432802667061,1
22641,2,28,1.3000000000000003,1.2871167224632312,0.0128832775367691,0.009910213489822383,1
29698,8,31,0.7064516129032259,0.6935827246202427,0.01286888828298316,0.018216234555820908,1
27648,11,30,0.8999999999999999,0.8871517932337397,0.012848206766260195,0.014275785295844662,1
31510,6,30,0.6266666666666666,0.6138438043898592,0.0128228622768074,0.020462014271501173,1
30521,10,31,1.4935483870967745,1.4807914544257428,0.012756932671031729,0.008541358807818217,1
30949,10,31,1.2677419354838708,1.2551377333054738,0.012604202178396973,0.009942245993137562,1
28275,12,31,1.3645161290322576,1.351970893390769,0.012545235641488572,0.009193907916930163,1
31909,9,30,0.9566666666666668,0.9442587658266227,0.012407900840044062,0.012969931191683687,1
24908,10,31,1.3677419354838711,1.3555279778136362,0.01221395767023492,0.008930016221162324,1
31088,7,31,0.5774193548387094,0.5652403315829652,0.01217902325574427,0.021092163180339248,1
32165,5,31,0.7677419354838709,0.7556837868666456,0.012058148617225317,0.01570599189638592,1
32098,5,31,0.9,0.8879808813814194,0.012019118618580626,0.013354576242867362,1
30925,10,31,1.0032258064516129,0.9913836545040529,0.011842151947559998,0.011804074288564628,1
23405,4,30,0.9366666666666668,0.9249953757226467,0.011671290944020085,0.012460452965145996,1
31088,4,30,1.0433333333333334,1.0318172726997485,0.011516060633584901,0.011037757795768275,1
23955,7,31,0.9935483870967742,0.9820900965962679,0.011458290500506285,0.011532694984275806,1
23891,3,31,1.5677419354838709,1.5564223751666086,0.011319560317262223,0.007220295675619937,1
28224,3,31,0.7483870967741939,0.7373988520474206,0.010988244726773289,0.014682568384912578,1
24266,12,31,1.55483870967742,1.5438664954876713,0.010972214189748808,0.007056818254817695,1
31369,1,31,1.158064516129032,1.1471764067841332,0.0108881093448987,0.009401988570803894,1
32061,8,31,0.6677419354838711,0.6570133697421803,0.010728565741690788,0.016066934202532097,1
31168,4,30,0.8666666666666667,0.856054046843201,0.01061261982346573,0.01224533056553738,1
28440,10,31,0.7032258064516129,0.6926406144855483,0.010585191966064667,0.015052337199449754,1
30823,3,31,1.3354838709677417,1.3250375516862876,0.01044631928145412,0.007822123133455984,1
30673,1,31,1.7677419354838708,1.757334456184218,0.01040747929965291,0.005887442669511684,1
22602,1,31,0.8516129032258064,0.8412432452603694,0.010369657965436985,0.01217649230789949,1
30054,3,31,1.2838709677419358,1.273559847311868,0.010311120430067655,0.008031274706836613,1
30925,1,31,1.3451612903225811,1.3349512192781179,0.010210071044463254,0.007590220680536229,1
29282,11,30,1.3266666666666667,1.3165116074557104,0.010155059210956274,0.007654567244439403,1
22217,2,28,1.3785714285714286,1.368436878866383,0.01013454970504557,0.007351486832675543,1
27199,11,30,0.7533333333333334,0.7432528019075593,0.010080531425774142,0.013381236405894878,1
22887,11,30,1.0500000000000003,1.0400698985035222,0.009930101496478105,0.009457239520455336,1
23405,12,31,1.5580645161290316,1.5483589935446935,0.0097055225843381,0.0062292173936745595,1
28722,11,30,0.73,0.7203469718371828,0.009653028162817212,0.013223326250434538,1
23405,11,30,0.9966666666666665,0.9870850868150589,0.009581579851607569,0.009613625269171476,1
34391,3,31,0.6774193548387097,0.6679651211466521,0.009454233692057668,0.013956249735894651,1
37472,12,31,0.706451612903226,0.6971054067534788,0.009346206149747238,0.013229789527039466,1
34123,2,28,0.9964285714285712,0.987132285242634,0.009296286185937253,0.009329606208109072,1
31168,5,31,0.6258064516129032,0.616615046897242,0.009191404715661156,0.014687296195128652,1
23631,12,31,1.0193548387096778,1.0102068163694877,0.009148022340190076,0.008974325713477603,1
24959,10,31,0.9580645161290322,0.9489455579629829,0.009118958166049351,0.009518104483081815,1
32061,9,30,1.1866666666666668,1.1775756401134032,0.009091026553263548,0.007660977432525461,1
32389,12,31,1.7838709677419355,1.7748142554815258,0.009056712260409716,0.005076999639651016,1
34880,8,31,0.3258064516129035,0.3168645287713701,0.00894192284153339,0.027445505751241075,1
32389,11,30,1.4066666666666667,1.3977356325928123,0.008931034073854427,0.006349076355820682,1
34861,10,31,0.5258064516129034,0.517093844952122,0.008712606660781441,0.016569988127866538,1
31510,8,31,0.6161290322580647,0.6074987309474139,0.00863030131065079,0.014007295320951539,1
31532,12,31,2.3096774193548386,2.3010535954467715,0.008623823908067152,0.0037337785076827054,1
22802,2,28,0.7500000000000003,0.7413818339085474,0.008618166091452939,0.011490888121937246,1
31707,9,30,0.973333333333333,0.9647515977670746,0.008581735566258408,0.0088168516091696,1
31004,10,31,0.9419354838709676,0.9333558308501395,0.008579653020828082,0.009108535741290088,1
34123,1,31,0.5000000000000001,0.4914546622828048,0.00854533771719529,0.017090675434390575,1
23933,12,31,1.5161290322580643,1.5076578034148098,0.008471228843254464,0.005587406258316775,1
28275,7,31,0.7677419354838712,0.7592817410826688,0.008460194401202381,0.011019580942742595,1
28064,3,31,0.9645161290322578,0.9561117021006438,0.008404426931614029,0.008713619895653344,1
23631,4,30,0.7033333333333333,0.6949918074936916,0.00834152583964165,0.011859989345462063,1
34123,5,31,0.7999999999999999,0.7917105816124426,0.008289418387557368,0.01036177298444671,1
23205,2,28,1.2499999999999996,1.2417611192878597,0.008238880712139851,0.006591104569711883,1
23804,7,31,0.5387096774193552,0.5304874244025881,0.008222253016767045,0.015262864881423846,1
29430,10,31,0.5774193548387099,0.5692318625808245,0.008187492257885398,0.014179455865611578,1
31088,5,31,0.7225806451612904,0.714441456621693,0.008139188539597386,0.01126405556819281,1
22550,3,31,1.058064516129032,1.0500628245093169,0.008001691619715201,0.007562574396682051,1
23884,5,31,1.1645161290322579,1.1566553886258792,0.00786074040637863,0.006750220293566138,1
22887,10,31,0.6677419354838708,0.6600185861744383,0.007723349309432526,0.011566368531034219,1
27199,1,31,0.9741935483870968,0.9664739584850688,0.0077195899020280345,0.007924082349763877,1
23933,9,30,0.6133333333333333,0.6056513069818418,0.007682026351491511,0.012525042964388335,1
28434,10,31,1.064516129032258,1.056895206402987,0.007620922629270943,0.00715904853052725,1
27037,12,31,1.0290322580645161,1.0215832707502188,0.007448987314297328,0.007238827797593015,1
30521,3,31,1.5,1.4926047026810627,0.007395297318937288,0.004930198212624859,1
31253,2,28,1.7999999999999996,1.7927006645760097,0.007299335423989861,0.004055186346661035,1
31168,6,30,0.8900000000000001,0.8827606506645682,0.0072393493354319105,0.008134100376889787,1
24951,4,30,1.8033333333333335,1.7961000308487562,0.007233302484577209,0.004011073466493831,1
30925,2,28,1.7214285714285715,1.7143191286695323,0.007109442759039242,0.0041299667479896005,1
32389,10,31,0.532258064516129,0.5251547018005963,0.007103362715532691,0.01334571176857657,1
22583,1,31,1.4741935483870967,1.467214418340835,0.006979130046261606,0.004734202000746385,1
34163,11,30,0.8466666666666665,0.8397052905776459,0.006961376089020588,0.008222097742937704,1
28434,1,30,1.7533333333333334,1.7464112118001018,0.006922121533231573,0.003947978060778463,1
22802,12,31,0.5387096774193547,0.5319002496439121,0.006809427775442578,0.012640255152019159,1
26258,12,31,1.474193548387097,1.4674311248720775,0.006762423515019433,0.004587201946730906,1
31253,3,31,1.2064516129032257,1.1997930531900733,0.006658559713152323,0.00551912703496583,1
36034,3,31,1.690322580645161,1.6836656602790518,0.006656920366109098,0.003938254415064544,1
23418,7,31,0.7354838709677416,0.7289817913165016,0.006502079651239945,0.008840546894229754,1
31909,8,31,0.7580645161290321,0.7516194310779081,0.0064450850511240665,0.008502027088716856,1
24944,4,30,1.5233333333333332,1.5169236987456678,0.006409634587665414,0.00420763758490071,1
29231,10,31,1.0290322580645164,1.0226247245240245,0.006407533540491839,0.006226756732139403,1
27823,6,30,0.5333333333333331,0.5269591559531784,0.006374177380154666,0.011951582587790005,1
29570,10,31,1.167741935483871,1.1614595745840381,0.006282360899832806,0.005379922317536381,1
22583,6,30,0.8666666666666666,0.8604392459920686,0.006227420674598028,0.007185485393766956,1
24343,1,31,1.641935483870968,1.6357286716180468,0.006206812252921301,0.003780180350502167,1
31532,2,28,2.7642857142857147,2.7581134244965924,0.0061722897891223205,0.002232869691155361,1
28698,12,31,1.006451612903226,1.0002811639043954,0.006170448998830569,0.006130894838581654,1
34123,6,30,0.40333333333333343,0.3972116620341939,0.006121671299139542,0.015177697435883158,1
31909,2,28,1.6321428571428576,1.6260390206639257,0.006103836478931868,0.003739768521008583,1
23418,10,31,0.6903225806451613,0.6845100164999285,0.00581256414523279,0.008420069556178342,1
31707,5,31,0.8645161290322582,0.8587620430686062,0.005754085963652011,0.006655845704224341,1
25551,5,31,0.825806451612903,0.8200760668864653,0.0057303847264377206,0.006939137754670679,1
23418,4,30,0.8833333333333334,0.8777140977730353,0.005619235560298086,0.006361398747507267,1
24908,3,31,2.519354838709678,2.513798862743763,0.00555597596591495,0.0022053169647037567,1
28064,5,31,1.0419354838709678,1.036504686253536,0.005430797617431704,0.005212220623541264,1
31369,5,31,0.7354838709677418,0.7302523286472404,0.005231542320501381,0.007113061926997493,1
23405,2,28,1.2464285714285714,1.2413712057285011,0.005057365700070315,0.00405748537541458,1
25551,9,30,1.3900000000000001,1.385042824049791,0.0049571759502091695,0.0035663136332440065,1
34824,4,30,0.6466666666666666,0.6417181978871426,0.00494846877952404,0.007652271308542331,1
34123,9,30,0.5000000000000001,0.4951568580853441,0.004843141914656013,0.009686283829312024,1
31088,8,31,0.8193548387096777,0.8145925266848459,0.004762312024831794,0.005812270581487621,1
31253,10,31,1.006451612903226,1.0017641476445622,0.004687465258663703,0.0046574174044415,1
29231,12,31,2.325806451612903,2.3213411764391965,0.004465275173706651,0.0019198825296103494,1
23804,11,30,0.9333333333333333,0.9288998118415476,0.004433521491785775,0.004750201598341901,1
23472,9,30,0.8133333333333332,0.808909787699425,0.004423545633908232,0.005438785615460942,1
23418,5,31,0.9483870967741937,0.9439827704862244,0.0044043262879693845,0.0046440175145255405,1
30230,4,30,1.26,1.255729049097281,0.004270950902719006,0.003389643573586513,1
30372,10,31,1.2225806451612906,1.2183147891755066,0.004265855985783995,0.0034892225741241113,1
23724,7,31,0.625806451612903,0.6215935573402431,0.004212894272659917,0.006731944456312241,1
27037,6,30,0.5266666666666667,0.5224565954009694,0.004210071265697279,0.007993806200691036,1
24266,5,31,1.2483870967741937,1.2442262915413707,0.004160805232823028,0.003332944760142477,1
29430,3,31,0.5677419354838711,0.5636498380182012,0.004092097465669853,0.007207671672486671,1
24959,4,30,1.393333333333333,1.3892452810572768,0.004088052276056242,0.0029340088105666816,1
32165,2,28,1.0035714285714286,0.999503565805831,0.004067862765597563,0.0040533863856488175,1
24343,4,30,1.6700000000000004,1.6660060145492512,0.003993985450749138,0.0023916080543408005,1
31532,7,31,0.7935483870967742,0.7896680356273729,0.0038803514694013552,0.004889873802904146,1
32165,1,31,1.0064516129032255,1.0026507880178188,0.003800824885406673,0.0037764606233207337,1
31329,1,31,1.8258064516129036,1.8221737987692321,0.0036326528436714245,0.0019896155150850555,1
23418,11,30,1.726666666666667,1.7230544952737792,0.0036121713928878307,0.002091991154182141,1
26477,12,31,0.4870967741935487,0.48354147647717816,0.0035552977163705313,0.0072989555766547285,1
29838,3,31,1.6677419354838714,1.6643023074274104,0.0034396280564610304,0.0020624462234099016,1
23955,11,30,1.6666666666666667,1.6632432968045274,0.003423369862139314,0.002054021917283588,1
23933,4,30,0.6599999999999999,0.6565931505213182,0.0034068494786817505,0.005161893149517804,1
34880,7,31,0.2838709677419355,0.28055638560664753,0.003314582135287958,0.011676368885673487,1
22602,12,31,1.0354838709677414,1.0324270495904546,0.0030568213772868003,0.0029520704889685625,1
29263,1,30,1.766666666666667,1.7636764177555841,0.0029902489110829045,0.001692593723254474,1
22583,7,31,0.7064516129032258,0.7035036897947711,0.0029479231084547086,0.004172859194616255,1
26258,8,31,0.4225806451612903,0.4197985784781556,0.0027820666831346874,0.006583516578410329,1
31416,8,31,0.6322580645161289,0.6294968912588246,0.0027611732573042946,0.004367161784511896,1
23418,8,31,0.703225806451613,0.7004767535674955,0.002749052884117531,0.003909203642552451,1
29698,12,31,1.4709677419354836,1.4683634399466454,0.002604301988838209,0.0017704684573242213,1
31004,4,30,2.093333333333333,2.090797003985693,0.0025363293476399207,0.0012116222998279878,1
30636,3,31,1.6935483870967747,1.6910845386164808,0.0024638484802939065,0.0014548438645544967,1
31510,11,30,1.1166666666666667,1.1142106366043056,0.0024560300623610587,0.0021994299065919926,1
34163,1,30,1.0266666666666668,1.024229799838116,0.002436866828550821,0.0023735715862507993,1
28698,10,31,0.7129032258064514,0.7105205965971932,0.002382629209258136,0.0033421495695476126,1
30636,12,31,2.0193548387096776,2.016994413279838,0.0023604254298397187,0.0011689007719653558,1
28224,11,30,0.8966666666666667,0.8943366259988398,0.002330040667826938,0.0025985583656062505,1
27199,4,30,0.6533333333333332,0.651176802702248,0.0021565306310852295,0.0033008121904365764,1
30054,6,30,0.5833333333333329,0.5811942965661481,0.0021390367671848542,0.0036669201723168957,1
29231,3,31,0.9999999999999999,0.9978763643532029,0.002123635646796962,0.0021236356467969624,1
27333,2,19,0.8210526315789473,0.8189638363197443,0.0020887952592029135,0.002544045508003549,1
34123,10,31,0.7419354838709676,0.7399646273303415,0.0019708565406261203,0.002656371859104771,1
31329,5,31,0.8000000000000002,0.7981267755550724,0.001873224444927768,0.0023415305561597095,1
23724,3,31,0.8580645161290321,0.8561929519528583,0.0018715641761738455,0.002181146220352978,1
25551,4,30,2.2333333333333334,2.2314952612295746,0.0018380721037587477,0.0008230173598919766,1
30925,11,30,1.3166666666666667,1.31487705220934,0.001789614457326616,0.0013592008536657842,1
31253,11,30,1.6366666666666665,1.6349341846816239,0.001732481985042611,0.0010585429643844874,1
28275,11,30,1.1166666666666667,1.1150123086757957,0.0016543579908709916,0.0014815146186904402,1
34163,3,30,0.8233333333333335,0.8218372397450732,0.0014960935882603055,0.0018171177185347836,1
31369,11,30,1.4699999999999998,1.4686431541255052,0.0013568458744945833,0.000923024404418084,1
26477,3,31,0.37096774193548376,0.36967660745065045,0.0012911344848333117,0.003480449480855015,1
24944,2,28,1.285714285714286,1.284570157752439,0.0011441279618469302,0.0008898773036587232,1
28722,1,31,0.9129032258064516,0.9117689316671702,0.0011342941392813444,0.0012425130147604834,1
37031,3,31,0.5354838709677417,0.5344034744006009,0.0010803965671408733,0.002017608047070306,1
22641,10,31,0.6483870967741936,0.647388926523948,0.0009981702502456224,0.0015394665551051888,1
29282,4,30,1.2599999999999996,1.259043069174513,0.000956930825486646,0.0007594689091163859,1
23804,12,31,0.9451612903225808,0.9443197540578342,0.0008415362647465896,0.0008903626009264257,1
24688,2,28,1.485714285714287,1.484977470141479,0.000736815572808025,0.0004959335586207856,1
37472,6,30,0.4466666666666667,0.44597257951895425,0.0006940871477124633,0.0015539264501025296,1
27595,7,31,0.37741935483870975,0.37681389741839916,0.0006054574203105956,0.0016042034213357658,1
28275,9,30,0.7400000000000002,0.7394335233482222,0.0005664766517780029,0.0007655089888891929,1
32098,8,31,0.6096774193548387,0.6091153856013872,0.0005620337534514297,0.0009218543046028742,1
32411,5,31,0.8225806451612903,0.822051002854301,0.0005296423069892642,0.0006438788830065565,1
29263,9,30,0.7833333333333338,0.7831121212034489,0.0002212121298849068,0.0002823984636828596,1
32389,2,28,1.8714285714285717,1.8712368537605342,0.00019171766803749435,0.00010244455543988247,1
23324,11,30,1.6066666666666662,1.606622412856668,4.4253809998284765e-05,2.754386514416065e-05,1
26477,5,31,0.3516129032258065,0.35159944212364586,1.3461102160661209e-05,3.8283868530320864e-05,1
35121,4,30,0.7866666666666664,0.7867695310215154,-0.00010286435484896383,0.0,1
30372,11,30,2.396666666666667,2.39678581180992,-0.00011914514325317427,0.0,1
24966,12,31,2.2193548387096778,2.2194887524410607,-0.00013391373138293972,0.0,1
24507,3,31,1.935483870967742,1.9356220305333995,-0.0001381595656575474,0.0,1
30965,11,30,1.7533333333333334,1.753593819302817,-0.0002604859694836925,0.0,1
30758,4,30,0.7533333333333334,0.7537010302332542,-0.0003676968999207775,0.0,1
34172,11,30,0.7633333333333333,0.763723863447085,-0.0003905301137516748,0.0,1
28434,12,31,1.9193548387096775,1.9198393552233615,-0.00048451651368397464,0.0,1
23418,6,30,0.8866666666666667,0.8872590954601765,-0.0005924287935097361,0.0,1
29698,10,31,1.3290322580645162,1.3296951233018792,-0.0006628652373630306,0.0,1
32411,12,31,1.9806451612903222,1.9813221272621901,-0.0006769659718679488,0.0,1
28138,4,27,0.7222222222222222,0.7229137948748691,-0.0006915726526468546,0.0,1
30925,6,30,0.9500000000000001,0.9507385792086525,-0.0007385792086523901,0.0,1
27648,3,31,0.8516129032258064,0.8524768195325328,-0.0008639163067264422,0.0,1
34880,9,30,0.33666666666666684,0.33786920307825014,-0.0012025364115832993,0.0,1
34824,12,31,0.7741935483870966,0.7754056543472313,-0.0012121059601346573,0.0,1
34123,3,31,0.6419354838709679,0.643184478899404,-0.0012489950284361173,0.0,1
27333,4,9,0.5444444444444444,0.545895544718951,-0.001451100274506567,0.0,0
24944,3,31,1.4709677419354843,1.472512699530701,-0.0015449575952166672,0.0,1
30393,4,30,1.6566666666666665,1.658263574130833,-0.0015969074641664083,0.0,1
22641,8,31,0.7451612903225809,0.7469014055546258,-0.0017401152320448698,0.0,1
30252,3,31,2.2129032258064516,2.214695057669474,-0.0017918318630223418,0.0,1
23711,12,31,0.9096774193548387,0.9114768568786884,-0.0017994375238497007,0.0,1
22820,1,31,0.5612903225806452,0.5630956985056399,-0.0018053759249947454,0.0,1
23884,10,31,1.1032258064516127,1.105073917500915,-0.00184811104930227,0.0,1
31253,12,3,1.733333333333335,1.7352493960410371,-0.0019160627077021708,0.0,0
30393,8,31,0.7903225806451611,0.7924744477555636,-0.0021518671104024945,0.0,1
32389,3,31,1.3935483870967742,1.3957045250727171,-0.00215613797594294,0.0,1
31873,2,28,1.7214285714285718,1.7235879564125625,-0.0021593849839907087,0.0,1
34880,12,31,0.5612903225806453,0.5635111882561638,-0.002220865675518491,0.0,1
32061,6,30,0.9966666666666667,0.998957612477243,-0.002290945810576317,0.0,1
31088,2,28,1.1642857142857141,1.166820948557662,-0.002535234271947795,0.0,1
34880,1,31,0.6483870967741935,0.6509745992735148,-0.0025875024993212703,0.0,1
27459,7,31,0.535483870967742,0.53807946450768,-0.0025955935399379904,0.0,1
23921,5,31,0.835483870967742,0.8381601392381614,-0.0026762682704193352,0.0,1
31088,3,31,1.2548387096774194,1.2575161867361937,-0.0026774770587743024,0.0,1
22802,8,31,0.29032258064516125,0.2930424610873864,-0.0027198804422251532,0.0,1
24125,8,31,1.0193548387096774,1.022088038140247,-0.0027331994305697105,0.0,1
28493,10,31,0.6161290322580646,0.6188892473016055,-0.002760215043540959,0.0,1
27595,10,31,0.6774193548387094,0.6802806930796751,-0.002861338240965683,0.0,1
31707,11,30,1.3566666666666662,1.3595727603820464,-0.002906093715380198,0.0,1
28064,8,31,0.5774193548387097,0.5804148106775696,-0.0029954558388599617,0.0,1
32411,11,30,1.3333333333333333,1.3364139368509251,-0.0030806035175918733,0.0,1
23324,2,28,1.7535714285714288,1.7566739779647575,-0.0031025493933287684,0.0,1
29698,11,30,1.4466666666666668,1.4499309538277645,-0.003264287161097723,0.0,1
24959,2,28,1.1857142857142853,1.1890332095724128,-0.003318923858127487,0.0,1
34824,2,28,0.8642857142857141,0.867861227375189,-0.003575513089474902,0.0,1
27199,6,30,0.58,0.5836559864133596,-0.0036559864133596243,0.0,1
32389,4,30,0.7666666666666667,0.7703477941977326,-0.003681127531065864,0.0,1
29698,2,28,2.4392857142857145,2.4430560089182114,-0.0037702946324968956,0.0,1
23631,3,31,1.2612903225806453,1.2652311140431034,-0.003940791462458071,0.0,1
34163,2,21,1.2571428571428573,1.2611410322288674,-0.003998175086010081,0.0,1
29231,2,28,2.4357142857142855,2.4401103550268863,-0.0043960693126008366,0.0,1
31004,11,30,1.2366666666666668,1.2412324146678049,-0.00456574800113807,0.0,1
23324,10,31,0.6258064516129032,0.6305727069416354,-0.004766255328732205,0.0,1
34123,12,31,0.5838709677419355,0.588772188974244,-0.004901221232308517,0.0,1
23804,10,31,0.5967741935483872,0.6020901670979878,-0.005315973549600561,0.0,1
23804,5,31,0.7838709677419354,0.7894570329947578,-0.0055860652528223476,0.0,1
31909,11,30,1.2633333333333334,1.2689365633701286,-0.005603230036795193,0.0,1
28275,8,31,0.6096774193548387,0.6152940952249113,-0.0056166758700726405,0.0,1
24266,1,31,2.0774193548387094,2.083057168069025,-0.005637813230315647,0.0,1
22802,5,31,0.38387096774193546,0.38968266517885264,-0.005811697436917174,0.0,1
28275,4,30,1.1133333333333333,1.119155647419393,-0.005822314086059821,0.0,1
34391,12,31,1.2161290322580642,1.2220015107263478,-0.005872478468283537,0.0,1
29430,11,30,0.693333333333333,0.6992667428590355,-0.005933409525702427,0.0,1
27199,2,28,0.914285714285714,0.9202894563254499,-0.00600374203973586,0.0,1
26477,11,30,0.36666666666666664,0.37267287282583617,-0.006006206159169525,0.0,1
30758,12,31,1.8354838709677417,1.841601407023207,-0.006117536055465278,0.0,1
23724,10,31,0.7774193548387097,0.7836700713382134,-0.006250716499503706,0.0,1
27612,12,31,0.38387096774193546,0.39016077376060904,-0.006289806018673572,0.0,1
22550,2,28,0.9821428571428577,0.9887422989920849,-0.006599441849227228,0.0,1
32411,6,30,0.6566666666666665,0.6633088845014571,-0.006642217834790576,0.0,1
24125,12,31,0.8258064516129032,0.8324609236611472,-0.006654472048243987,0.0,1
30777,10,31,1.1322580645161289,1.138963670592995,-0.006705606076866211,0.0,1
30758,8,31,0.3935483870967741,0.4002922125641376,-0.006743825467363518,0.0,1
26477,8,31,0.3548387096774193,0.3616133414749657,-0.006774631797546393,0.0,1
31004,2,28,1.1500000000000001,1.1568444596403944,-0.006844459640394263,0.0,1
23804,2,28,0.671428571428571,0.6783523961876715,-0.006923824759100472,0.0,1
23884,12,31,2.948387096774194,2.95536301850131,-0.006975921727116141,0.0,1
31388,10,31,0.9483870967741935,0.9555572361955719,-0.007170139421378341,0.0,1
23933,11,30,1.14,1.1471781009311477,-0.007178100931147791,0.0,1
23884,6,30,0.9999999999999999,1.0072315905926126,-0.007231590592612691,0.0,1
22217,4,30,0.2833333333333333,0.29066664140050613,-0.007333308067172806,0.0,1
23804,8,31,0.47419354838709693,0.48165263576853684,-0.007459087381439911,0.0,1
30758,9,30,0.8600000000000001,0.8675094600518547,-0.0075094600518545995,0.0,1
24817,10,31,1.1935483870967742,1.2011043576733957,-0.007555970576621496,0.0,1
30521,2,28,2.0642857142857145,2.0719011033885186,-0.0076153891028041265,0.0,1
29231,9,30,0.8300000000000002,0.8379706228710714,-0.007970622871071198,0.0,1
33008,12,31,0.19677419354838707,0.20480739586055283,-0.008033202312165755,0.0,1
36034,12,31,1.8870967741935485,1.8951813374465751,-0.008084563253026644,0.0,1
27612,9,30,0.2566666666666667,0.2648924083728344,-0.008225741706167689,0.0,1
22641,3,31,1.2838709677419355,1.292227455541011,-0.008356487799075385,0.0,1
28661,5,31,0.7903225806451615,0.7989027717901813,-0.008580191145019844,0.0,1
27037,5,31,0.6548387096774193,0.6634826250254146,-0.008643915347995246,0.0,1
32165,8,31,0.858064516129032,0.8668099077358359,-0.008745391606803876,0.0,1
27459,8,31,0.7967741935483872,0.8056016537931657,-0.00882746024477854,0.0,1
27595,5,31,0.6548387096774195,0.6636924699760015,-0.00885376029858198,0.0,1
23205,3,31,1.109677419354839,1.1185395400310236,-0.008862120676184526,0.0,1
27333,12,31,1.5806451612903225,1.5895199794322252,-0.008874818141902718,0.0,1
32165,3,31,0.8483870967741934,0.857305863595778,-0.008918766821584545,0.0,1
20891,2,28,1.6535714285714282,1.6625348744381747,-0.008963445866746467,0.0,1
34824,8,31,0.6580645161290325,0.6670904904333576,-0.009025974304325057,0.0,1
24343,10,31,1.067741935483871,1.076770854180476,-0.009028918696604826,0.0,1
27333,3,28,0.9928571428571429,1.0019416949512172,-0.009084552094074327,0.0,1
31873,1,31,1.8032258064516125,1.8124230403896235,-0.009197233938011085,0.0,1
34824,7,31,0.864516129032258,0.8737496789424651,-0.009233549910207084,0.0,1
22602,6,30,0.42999999999999977,0.43925540250454387,-0.009255402504544097,0.0,1
32411,10,31,0.7096774193548387,0.7189366484511525,-0.009259229096313715,0.0,1
27037,11,30,0.5366666666666667,0.5461086530362567,-0.009441986369589928,0.0,1
22641,1,31,1.2387096774193551,1.2481977878799364,-0.00948811046058129,0.0,1
28722,2,28,0.625,0.6346119112734281,-0.009611911273428086,0.0,1
27037,3,31,0.9419354838709679,0.951627378886746,-0.009691895015778051,0.0,1
22820,12,31,0.4322580645161291,0.4419861746951938,-0.00972811017906472,0.0,1
27612,2,28,0.5214285714285717,0.5312057526033773,-0.009777181174805638,0.0,1
22550,8,31,0.40645161290322546,0.4162634446435875,-0.009811831740362043,0.0,1
24908,11,30,2.2066666666666666,2.216482543625559,-0.0098158769588923,0.0,1
23804,3,31,0.7000000000000001,0.7098898309132745,-0.009889830913274444,0.0,1
31532,8,31,0.896774193548387,0.9066937082176727,-0.009919514669285645,0.0,1
22217,10,31,0.4387096774193549,0.4486860566321881,-0.009976379212833175,0.0,1
28224,1,28,1.025,1.0350177548434918,-0.010017754843491877,0.0,1
28493,4,30,0.9599999999999996,0.9700497870209314,-0.010049787020931733,0.0,1
36034,11,30,1.54,1.550077446369299,-0.01007744636929897,0.0,1
29838,2,28,2.292857142857143,2.302960716826575,-0.010103573969431956,0.0,1
34824,5,31,0.7548387096774191,0.7650428810787775,-0.01020417140135843,0.0,1
22641,4,30,0.5599999999999999,0.5702107626238526,-0.010210762623852676,0.0,1
31004,8,31,0.761290322580645,0.771583083596441,-0.010292761015796015,0.0,1
29282,3,31,1.3903225806451613,1.4007580661365102,-0.010435485491348873,0.0,1
22602,7,31,0.4387096774193549,0.44919702039858805,-0.01048734297923315,0.0,1
24966,3,28,2.982142857142857,2.992698369946863,-0.010555512804005573,0.0,1
24641,4,30,1.1133333333333335,1.124006338187804,-0.010673004854470536,0.0,1
27199,10,31,0.7483870967741935,0.7591038160026073,-0.010716719228413885,0.0,1
22887,12,31,1.3096774193548386,1.3205664467787548,-0.010889027423916176,0.0,1
22550,12,31,0.8870967741935483,0.8980046381122403,-0.010907863918692029,0.0,1
22837,9,30,0.7566666666666665,0.7677970741565029,-0.011130407489836402,0.0,1
33008,11,30,0.20666666666666655,0.21786860646369552,-0.011201939797028965,0.0,1
37472,7,31,0.5290322580645159,0.5402624358933779,-0.011230177828861931,0.0,1
37472,2,28,1.0,1.011276611738971,-0.011276611738971098,0.0,1
32411,7,31,0.6161290322580644,0.627527287890834,-0.011398255632769638,0.0,1
22602,11,30,1.32,1.3314642210289216,-0.011464221028921529,0.0,1
24343,3,31,1.8032258064516127,1.8147238247577215,-0.01149801830610886,0.0,1
23324,7,31,0.7451612903225807,0.7566676459064887,-0.011506355583908001,0.0,1
27612,1,31,0.4516129032258064,0.4632080167051284,-0.011595113479322017,0.0,1
27648,12,31,1.0290322580645161,1.0406299275120783,-0.011597669447562131,0.0,1
31594,2,28,2.3857142857142857,2.3973307169907327,-0.01161643127644707,0.0,1
32389,7,31,0.5161290322580647,0.5280199708717487,-0.011890938613683955,0.0,1
23472,11,30,1.6233333333333333,1.635248012077063,-0.011914678743729645,0.0,1
28722,4,30,0.6066666666666666,0.6186087520606814,-0.011942085394014867,0.0,1
30965,12,31,2.1387096774193552,2.1510808467985165,-0.012371169379161273,0.0,1
21982,5,31,0.9419354838709678,0.9543752185639837,-0.012439734693015847,0.0,1
37472,4,30,0.5633333333333332,0.5758393768469491,-0.012506043513615839,0.0,1
27823,3,31,0.7967741935483871,0.8093206842459978,-0.012546490697610713,0.0,1
34172,12,31,1.2290322580645159,1.2416532411840893,-0.012620983119573381,0.0,1
34123,8,31,0.6000000000000004,0.6127033208647084,-0.012703320864707934,0.0,1
31388,1,31,2.2387096774193553,2.251417879392244,-0.012708201972888578,0.0,1
23884,11,30,1.9733333333333334,1.9862117718129113,-0.012878438479577925,0.0,1
27823,12,31,0.9838709677419357,0.9968734031858586,-0.013002435443922877,0.0,1
30636,11,30,1.343333333333333,1.3564823815226552,-0.013149048189322166,0.0,1
23472,6,30,0.9633333333333333,0.9764985928932828,-0.013165259559949516,0.0,1
27333,10,31,0.8000000000000004,0.813168681743405,-0.013168681743404576,0.0,1
22583,4,30,0.7500000000000002,0.7631948907921713,-0.013194890792171066,0.0,1
27823,10,31,0.6741935483870969,0.6874730088687955,-0.01327946048169859,0.0,1
31329,8,31,0.5000000000000001,0.5134553944451675,-0.013455394445167412,0.0,1
34880,3,31,0.5709677419354837,0.5844361128585953,-0.013468370923111594,0.0,1
27037,10,31,0.6451612903225806,0.6586823136786061,-0.013521023356025452,0.0,1
28275,10,31,0.7774193548387097,0.7909928129745587,-0.013573458135848981,0.0,1
24507,2,28,3.2357142857142853,3.2493011929161315,-0.013586907201846188,0.0,1
23205,6,30,0.9833333333333331,0.9969425126661854,-0.013609179332852328,0.0,1
29866,10,31,1.3741935483870968,1.3878148745084482,-0.013621326121351363,0.0,1
28493,11,30,1.0266666666666666,1.0405479400015125,-0.0138812733348459,0.0,1
30372,8,31,0.7451612903225806,0.7591344249705152,-0.013973134647934593,0.0,1
22217,12,31,0.9032258064516129,0.9172155948656221,-0.013989788414009219,0.0,1
23324,4,30,0.9500000000000003,0.9640005570898454,-0.014000557089845156,0.0,1
22583,3,31,1.0709677419354837,1.085068795817994,-0.014101053882510373,0.0,1
27823,1,31,0.738709677419355,0.7529270371001576,-0.014217359680802621,0.0,1
28493,3,31,1.093548387096774,1.1079408816212124,-0.01439249452443847,0.0,1
30673,11,30,2.0333333333333337,2.0477443086169664,-0.014410975283632776,0.0,1
28224,12,31,1.2580645161290323,1.2725235656564757,-0.01445904952744348,0.0,1
23724,12,31,1.1645161290322579,1.1792164163111947,-0.014700287278936797,0.0,1
31369,8,31,0.6677419354838712,0.682597339898348,-0.014855404414476858,0.0,1
28661,8,31,1.0806451612903223,1.0959747307723569,-0.015329569482034566,0.0,1
34824,6,30,0.7400000000000002,0.7555199000673991,-0.015519900067398895,0.0,1
23631,2,28,1.2785714285714285,1.294147516224933,-0.015576087653504489,0.0,1
24266,10,31,2.1064516129032262,2.122110770297267,-0.01565915739404078,0.0,1
28064,12,31,1.538709677419355,1.5544214516127062,-0.015711774193351236,0.0,1
30372,1,31,1.835483870967742,1.851232869676765,-0.015748998709023132,0.0,1
28224,2,20,1.105,1.1207801059959457,-0.015780105995945704,0.0,1
22550,1,31,0.9193548387096774,0.9352787402939171,-0.01592390158423973,0.0,1
23921,11,30,1.9433333333333336,1.9592827431981763,-0.015949409864842723,0.0,1
24738,4,30,1.4666666666666666,1.4829542312895259,-0.016287564622859296,0.0,1
22583,2,28,1.0500000000000003,1.0663724782078396,-0.01637247820783938,0.0,1
31088,6,30,0.6733333333333335,0.689804925986876,-0.01647159265354259,0.0,1
27037,4,30,0.7233333333333333,0.7398379855602979,-0.016504652226964622,0.0,1
24641,1,30,1.7266666666666672,1.743174322132643,-0.016507655465975768,0.0,1
25703,12,31,3.6774193548387104,3.6940337232284013,-0.01661436838969088,0.0,1
23631,11,30,0.7733333333333335,0.7899673965324959,-0.016634063199162386,0.0,1
32061,11,30,1.0166666666666666,1.0333356842515058,-0.016669017584839185,0.0,1
31594,8,31,0.7225806451612906,0.7394064305290099,-0.01682578536771928,0.0,1
23955,3,31,1.264516129032258,1.2814322610986568,-0.01691613206639886,0.0,1
31416,12,31,2.6354838709677426,2.6524498641010257,-0.016965993133283064,0.0,1
25703,3,31,2.8032258064516133,2.8202522402178625,-0.017026433766249127,0.0,1
27612,6,30,0.3066666666666667,0.32370640004674633,-0.017039733380079636,0.0,1
27612,8,31,0.3548387096774193,0.3720189890253447,-0.017180279347925376,0.0,1
29866,1,20,1.825,1.8425365149788562,-0.01753651497885622,0.0,1
22820,3,31,0.6290322580645161,0.6466156575047681,-0.017583399440252,0.0,1
28722,3,31,0.9870967741935485,1.0046979195558496,-0.017601145362301174,0.0,1
31532,3,31,1.8580645161290323,1.8757101382219024,-0.017645622092870017,0.0,1
31909,3,31,1.4516129032258065,1.4693127554871381,-0.01769985226133164,0.0,1
31416,7,31,1.1000000000000003,1.117853226416534,-0.01785322641653364,0.0,1
22802,11,30,0.23666666666666666,0.25465522331806517,-0.017988556651398507,0.0,1
23418,2,28,1.5357142857142854,1.5537550784647463,-0.018040792750460888,0.0,1
26477,2,28,0.6357142857142859,0.6537630544110602,-0.018048768696774298,0.0,1
34163,12,31,1.0032258064516126,1.0213321687833914,-0.018106362331778758,0.0,1
31960,9,30,0.7166666666666669,0.7350590626398724,-0.018392395973205522,0.0,1
23891,9,30,0.8266666666666665,0.8453193399806816,-0.0186526733140151,0.0,1
27612,11,30,0.1666666666666666,0.1853918841077635,-0.018725217441096897,0.0,1
23711,11,30,0.87,0.8888163691728065,-0.01881636917280649,0.0,1
22887,2,28,0.9107142857142854,0.9295901579383227,-0.018875872224037304,0.0,1
30252,11,30,1.863333333333333,1.8823402822762725,-0.019006948942939417,0.0,1
24817,9,30,1.1966666666666665,1.2157340321317314,-0.019067365465064823,0.0,1
28275,1,31,1.4806451612903226,1.499839076015257,-0.019193914724934258,0.0,1
22641,5,31,0.8000000000000002,0.819428694548626,-0.019428694548625836,0.0,1
23724,5,31,0.7806451612903228,0.8004256296061703,-0.019780468315847455,0.0,1
24507,10,31,1.2483870967741937,1.268193940821314,-0.01980684404712041,0.0,1
22802,4,30,0.26999999999999996,0.2898725664584587,-0.01987256645845875,0.0,1
28698,1,31,1.4870967741935486,1.507196072873569,-0.02009929868002036,0.0,1
29263,10,31,1.0290322580645161,1.049277205509885,-0.020244947445368755,0.0,1
29282,12,31,2.0999999999999996,2.1203655586037184,-0.020365558603718803,0.0,1
23804,6,30,0.586666666666667,0.607083656517789,-0.020416989851121947,0.0,1
27823,8,31,0.729032258064516,0.7497118278402803,-0.02067956977576435,0.0,1
22820,8,31,0.30322580645161296,0.3239743311743012,-0.020748524722688233,0.0,1
32389,5,31,0.5870967741935482,0.6078664926751968,-0.020769718481648547,0.0,1
28661,11,30,0.9133333333333333,0.9343621181324124,-0.021028784799079103,0.0,1
34163,9,30,1.5533333333333337,1.5744360343677306,-0.02110270103439693,0.0,1
22887,8,31,0.641935483870968,0.6630760046022557,-0.021140520731287693,0.0,1
24951,2,28,1.857142857142857,1.8783657808122889,-0.021222923669431903,0.0,1
26063,9,30,0.49,0.5113650921980539,-0.021365092198053937,0.0,1
30252,10,31,0.9774193548387098,0.9988958273323313,-0.0214764724936215,0.0,1
28661,7,31,0.5612903225806448,0.5829044483722216,-0.021614125791576733,0.0,1
23418,3,31,0.8806451612903224,0.9022830239226743,-0.0216378626323519,0.0,1
23711,6,30,0.9033333333333335,0.9252701846323907,-0.021936851299057203,0.0,1
26477,4,30,0.31666666666666676,0.3386429897944135,-0.021976323127746722,0.0,1
29231,1,31,1.8935483870967742,1.915788117417645,-0.022239730320870787,0.0,1
27612,7,31,0.3806451612903224,0.40316274012889575,-0.02251757883857336,0.0,1
21982,9,30,0.8200000000000001,0.8425902463992436,-0.022590246399243563,0.0,1
27037,7,31,0.36129032258064503,0.3839697838250189,-0.022679461244373866,0.0,1
23324,8,31,0.5709677419354839,0.5936920090428284,-0.02272426710734443,0.0,1
29263,3,31,1.4,1.4227809854092137,-0.022780985409213805,0.0,1
21982,3,31,1.961290322580645,1.984329455369903,-0.023039132789257843,0.0,1
29430,2,28,0.7249999999999995,0.7481950208943866,-0.023195020894387075,0.0,1
28064,1,31,1.435483870967742,1.458933923393488,-0.023450052425745938,0.0,1
28064,9,30,0.6400000000000001,0.663450584858656,-0.02345058485865592,0.0,1
24944,10,31,1.0032258064516129,1.026806107950547,-0.023580301498934197,0.0,1
26477,10,31,0.42580645161290315,0.4495227868638692,-0.02371633525096606,0.0,1
23804,4,30,0.5433333333333333,0.5671273768320682,-0.023794043498734818,0.0,1
23205,8,31,0.4903225806451614,0.5142647155590595,-0.023942134913898128,0.0,1
31510,1,31,0.9709677419354835,0.9949279908090826,-0.023960248873599044,0.0,1
30777,12,31,2.245161290322581,2.2693798616047833,-0.024218571282202284,0.0,1
22820,11,30,0.22999999999999995,0.25454714293902114,-0.024547142939021188,0.0,1
22217,3,31,0.7161290322580648,0.7407507049490609,-0.024621672690996133,0.0,1
23418,1,30,2.2333333333333334,2.258039662676553,-0.02470632934321948,0.0,1
30636,1,30,2.666666666666666,2.6916071136947717,-0.024940447028105606,0.0,1
22641,9,30,0.5533333333333336,0.5783946158612772,-0.025061282527943596,0.0,1
22217,11,30,1.0266666666666666,1.0518412035144864,-0.025174536847819784,0.0,1
24951,10,31,0.7741935483870965,0.7994008925623227,-0.025207344175226187,0.0,1
24738,10,31,0.7967741935483872,0.8220936879778521,-0.025319494429464906,0.0,1
22602,4,30,0.24333333333333332,0.2687355190503877,-0.025402185717054354,0.0,1
31510,10,31,0.8451612903225806,0.8705664002606948,-0.02540510993811418,0.0,1
34172,5,31,0.8161290322580637,0.8415861569589085,-0.025457124700844824,0.0,1
23472,2,28,1.403571428571429,1.4291453913652472,-0.025573962793818295,0.0,1
34880,6,30,0.20666666666666642,0.23241855437556858,-0.02575188770890216,0.0,1
28698,6,30,0.6233333333333333,0.6498333466487624,-0.02650001331542906,0.0,1
28138,5,26,1.011538461538461,1.0380766404362822,-0.026538178897821174,0.0,1
31253,8,31,0.5483870967741931,0.5750656138504702,-0.02667851707627711,0.0,1
30758,6,30,0.52,0.5468195501218239,-0.02681955012182391,0.0,1
31329,7,31,0.674193548387097,0.7014253514345677,-0.02723180304747075,0.0,1
28698,8,31,0.5645161290322576,0.5918247794492106,-0.027308650416953073,0.0,1
30949,12,31,2.1741935483870964,2.20155307261814,-0.027359524231043597,0.0,1
29612,1,30,1.5499999999999996,1.5773673848093792,-0.027367384809379613,0.0,1
31168,2,28,1.7214285714285715,1.7489309763535859,-0.027502404925014323,0.0,1
30949,11,30,2.0233333333333334,2.0510888740047815,-0.02775554067144803,0.0,1
30230,10,31,0.9645161290322581,0.992803671162936,-0.028287542130677856,0.0,1
26258,10,31,0.5129032258064518,0.5415775365766978,-0.02867431077024607,0.0,1
23472,3,31,2.4935483870967747,2.5223664881631493,-0.028818101066374613,0.0,1
26477,6,30,0.29666666666666697,0.3255977504560724,-0.028931083789405454,0.0,1
23724,1,31,2.2483870967741932,2.277572090001476,-0.029184993227282963,0.0,1
28434,2,28,1.7142857142857137,1.7438110703910097,-0.02952535610529594,0.0,1
25563,4,30,2.2933333333333334,2.322902364867429,-0.029569031534095735,0.0,1
27199,12,31,1.2161290322580647,1.2457129375558467,-0.029583905297781987,0.0,1
24688,4,30,2.516666666666667,2.5462673339992765,-0.029600667332609465,0.0,1
28275,2,28,1.5392857142857141,1.5689517347853064,-0.029666020499592216,0.0,1
23631,9,30,0.7066666666666667,0.7365508377055325,-0.02988417103886587,0.0,1
37472,5,31,0.5967741935483871,0.6268026559102922,-0.03002846236190504,0.0,1
27037,1,31,0.7677419354838712,0.7977970807032,-0.030055145219328838,0.0,1
23921,9,30,0.9566666666666668,0.9868208502729734,-0.030154183606306617,0.0,1
25551,12,31,3.370967741935484,3.4011966559194757,-0.030228913983991745,0.0,1
22583,9,30,0.5433333333333332,0.5737103211631378,-0.03037698782980458,0.0,1
28138,1,27,1.0296296296296297,1.0600084609455533,-0.03037883131592367,0.0,1
26477,7,31,0.2774193548387097,0.3079259243343145,-0.030506569495604763,0.0,1
31707,8,31,0.606451612903226,0.6370173927156194,-0.03056577981239339,0.0,1
27199,9,30,0.7133333333333333,0.7440137495597203,-0.030680416226387064,0.0,1
32098,6,30,0.9700000000000001,1.000933502179881,-0.030933502179881,0.0,1
23405,5,31,0.7419354838709677,0.7728780993230401,-0.03094261545207233,0.0,1
21946,6,30,1.3533333333333337,1.3844625105212136,-0.031129177187879886,0.0,1
23405,8,31,0.5838709677419354,0.6153083780600177,-0.03143741031808234,0.0,1
24125,1,31,0.6354838709677414,0.6671553395042611,-0.0316714685365197,0.0,1
28434,11,30,0.7533333333333334,0.7852860958874227,-0.0319527625540893,0.0,1
24641,9,30,1.0033333333333334,1.0353695788234474,-0.03203624549011397,0.0,1
23711,10,31,0.9548387096774194,0.9869082828563067,-0.03206957317888737,0.0,1
33008,3,31,0.3096774193548388,0.3424608889126009,-0.032783469557762124,0.0,1
30777,2,28,1.9464285714285716,1.9793979404327862,-0.032969369004214544,0.0,1
37472,9,30,0.696666666666667,0.7297812212506932,-0.033114554584026235,0.0,1
23631,1,31,0.783870967741936,0.8170263663535159,-0.0331553986115799,0.0,1
22887,3,31,0.9774193548387099,1.0107449159506832,-0.03332556111197327,0.0,1
30636,9,30,1.283333333333333,1.3170669789177676,-0.03373364558443459,0.0,1
30758,7,31,0.4677419354838711,0.5015191909586711,-0.03377725547480004,0.0,1
22602,10,31,0.3193548387096776,0.3533023377790327,-0.03394749906935507,0.0,1
24641,12,31,2.270967741935483,2.3049796379141263,-0.03401189597864329,0.0,1
24125,3,31,0.6032258064516126,0.6377506291373602,-0.034524822685747636,0.0,1
23418,12,31,1.3548387096774188,1.3895009653792982,-0.03466225570187942,0.0,1
27459,5,31,0.8967741935483866,0.9316720971176699,-0.03489790356928324,0.0,1
23324,5,31,0.803225806451613,0.8381598989689542,-0.03493409251734114,0.0,1
24959,6,30,0.9499999999999998,0.9850194783718321,-0.03501947837183228,0.0,1
34163,4,15,0.6799999999999999,0.7152762662371001,-0.03527626623710012,0.0,1
28275,5,31,1.409677419354838,1.4450058633521674,-0.03532844399732937,0.0,1
22887,9,30,0.7999999999999997,0.8353294269243873,-0.035329426924387564,0.0,1
29231,11,30,1.4333333333333336,1.4690294501682124,-0.03569611683487883,0.0,1
30372,12,31,2.912903225806452,2.948697221711759,-0.035793995905307074,0.0,1
24266,2,28,1.832142857142857,1.867961615164365,-0.03581875802150791,0.0,1
20891,10,31,1.1096774193548387,1.1454967195258263,-0.03581930017098767,0.0,1
22802,10,31,0.26451612903225813,0.30037101023500007,-0.03585488120274194,0.0,1
30521,12,31,1.9612903225806448,1.9974869663947292,-0.036196643814084384,0.0,1
27037,2,28,0.95,0.9862287752795964,-0.03622877527959645,0.0,1
21946,3,31,1.7322580645161287,1.7684920837321587,-0.03623401921602998,0.0,1
22602,8,31,0.37096774193548404,0.4072633965121163,-0.03629565457663225,0.0,1
28900,11,30,0.46,0.4964273206144571,-0.03642732061445708,0.0,1
27459,6,30,0.5666666666666669,0.6037412678077819,-0.03707460114111505,0.0,1
32411,8,31,0.6387096774193547,0.6758676838910868,-0.037158006471732064,0.0,1
31388,2,28,1.6178571428571433,1.655124496109784,-0.037267353252640634,0.0,1
28698,11,30,1.1066666666666667,1.1440726911773287,-0.037406024510661995,0.0,1
24951,1,31,2.5935483870967744,2.6313403223911602,-0.03779193529438585,0.0,1
36034,2,28,1.9749999999999999,2.012931698307927,-0.0379316983079272,0.0,1
24817,1,31,1.6516129032258067,1.6896539798907697,-0.038041076664963036,0.0,1
32165,7,31,0.6516129032258068,0.6898726410562959,-0.03825973783048908,0.0,1
29282,9,30,0.9233333333333332,0.9620096110304196,-0.03867627769708637,0.0,1
27648,1,31,0.8677419354838708,0.9064743117091334,-0.0387323762252626,0.0,1
23933,1,31,1.670967741935484,1.7099279878570908,-0.03896024592160674,0.0,1
23921,2,28,1.6500000000000001,1.6889888548425265,-0.038988854842526344,0.0,1
24817,3,31,2.2935483870967746,2.3326462441454496,-0.03909785704867508,0.0,1
28138,9,30,2.0366666666666666,2.076155551740279,-0.03948888507361259,0.0,1
31594,7,31,0.6870967741935484,0.7265922752118879,-0.03949550101833943,0.0,1
22820,9,30,0.3466666666666667,0.38635365923866627,-0.03968699257199959,0.0,1
28722,10,31,0.8838709677419352,0.9235608311430098,-0.03968986340107461,0.0,1
20891,6,30,0.98,1.019958617563049,-0.03995861756304908,0.0,1
34123,4,30,0.73,0.7703215406346134,-0.04032154063461346,0.0,1
31369,2,28,1.589285714285714,1.6302146142614737,-0.04092889997575977,0.0,1
24641,7,31,0.9903225806451614,1.031301279729533,-0.04097869908437146,0.0,1
26477,1,30,0.42333333333333323,0.4645029345651467,-0.04116960123181346,0.0,1
21982,8,31,0.9612903225806453,1.0025609950144445,-0.04127067243379923,0.0,1
22217,5,31,0.6290322580645158,0.6705485541012979,-0.041516296036782085,0.0,1
22837,11,30,0.8900000000000002,0.9317520883182687,-0.04175208831826849,0.0,1
26258,1,31,0.5258064516129033,0.5676659457640904,-0.04185949415118706,0.0,1
22820,4,30,0.38666666666666655,0.4285550693857172,-0.041888402719050644,0.0,1
23205,5,31,0.9741935483870966,1.0166229414122718,-0.04242939302517523,0.0,1
27037,8,31,0.33548387096774185,0.377949330270771,-0.04246545930302914,0.0,1
28138,2,18,0.833333333333333,0.8758117672469878,-0.0424784339136548,0.0,1
22113,4,30,0.3266666666666667,0.3694238572070996,-0.042757190540432866,0.0,1
22802,3,31,0.5,0.5428182048678977,-0.04281820486789767,0.0,1
23205,1,30,1.666666666666667,1.7099028436839583,-0.04323617701729132,0.0,1
22802,7,31,0.20645161290322553,0.2497698066455703,-0.043318193742344774,0.0,1
20891,3,31,1.5064516129032255,1.5498402120124906,-0.04338859910926507,0.0,1
22887,5,31,0.6870967741935485,0.7310163457547467,-0.04391957156119819,0.0,1
28440,9,30,0.6333333333333332,0.6773221490780511,-0.04398881574471791,0.0,1
26258,2,28,0.9964285714285718,1.0404304626530838,-0.044001891224512035,0.0,1
22641,11,30,0.6566666666666665,0.7008519198761007,-0.04418525320943423,0.0,1
30777,11,30,1.5200000000000002,1.564190032705665,-0.044190032705664795,0.0,1
24966,2,28,2.392857142857143,2.4370661770725355,-0.044209034215392684,0.0,1
37472,8,31,0.4709677419354838,0.5154774082764504,-0.04450966634096659,0.0,1
27612,5,31,0.36451612903225816,0.4094259734055209,-0.04490984437326273,0.0,1
22802,9,30,0.28666666666666657,0.33158821167307895,-0.04492154500641238,0.0,1
23724,2,28,1.8178571428571426,1.8628595093797355,-0.04500236652259293,0.0,1
32061,2,28,1.182142857142857,1.227760058940787,-0.04561720179793016,0.0,1
30823,5,31,0.770967741935484,0.8167640041920445,-0.04579626225656053,0.0,1
27648,10,31,0.8258064516129031,0.8717766902304344,-0.045970238617531245,0.0,1
28661,6,30,0.48000000000000026,0.5264139177246638,-0.04641391772466358,0.0,1
23711,8,31,0.8354838709677419,0.88203162471914,-0.04654775375139808,0.0,1
21946,2,28,1.5178571428571426,1.56472414785863,-0.04686700500148744,0.0,1
31388,12,31,1.525806451612903,1.572745220807772,-0.046938769194868835,0.0,1
22820,2,28,0.9857142857142855,1.033093216030725,-0.04737893031643936,0.0,1
30230,2,28,2.4607142857142854,2.5081095374322366,-0.047395251717951226,0.0,1
34391,4,30,0.5333333333333333,0.5808022677836315,-0.047468934450298206,0.0,1
25703,10,31,1.8290322580645162,1.8767393793550229,-0.04770712129050669,0.0,1
22583,12,31,1.0709677419354837,1.1189976899403957,-0.048029948004912004,0.0,1
22602,3,31,0.5451612903225805,0.5932056010790892,-0.04804431075650861,0.0,1
31915,7,31,0.4258064516129032,0.47409621111695627,-0.048289759504053065,0.0,1
34880,10,31,0.48064516129032275,0.5291136322062343,-0.048468470915911555,0.0,1
23921,4,30,0.8966666666666664,0.9451372098736464,-0.048470543206979966,0.0,1
24944,12,31,2.3064516129032255,2.3550084887012352,-0.04855687579800971,0.0,1
29282,2,28,1.8357142857142859,1.8853479217937483,-0.04963363607946247,0.0,1
37472,10,31,0.6064516129032257,0.6568316639431061,-0.050380051039880414,0.0,1
24944,1,30,1.6733333333333327,1.7237339787123098,-0.05040064537897715,0.0,1
21982,4,30,1.3766666666666671,1.4272382816423976,-0.05057161497573048,0.0,1
26258,5,31,0.43225806451612886,0.48309563973377784,-0.05083757521764898,0.0,1
31960,8,31,0.6290322580645158,0.6799070728417002,-0.05087481477718436,0.0,1
27823,5,31,0.8419354838709674,0.8932286257404953,-0.051293141869527936,0.0,1
20891,9,30,0.9066666666666668,0.9583513781428337,-0.05168471147616682,0.0,1
24738,12,31,2.4612903225806453,2.5131191146590055,-0.05182879207836022,0.0,1
28064,11,30,0.6666666666666666,0.7185400996046761,-0.0518734329380095,0.0,1
23472,1,31,2.3451612903225802,2.3971330933460604,-0.051971803023480145,0.0,1
34172,7,31,0.7032258064516126,0.7555757065510164,-0.05234990009940377,0.0,1
23891,12,31,1.716129032258064,1.7687222164725098,-0.05259318421444581,0.0,1
31532,1,31,1.7838709677419353,1.8365824510072988,-0.05271148326536346,0.0,1
27199,5,31,0.8483870967741934,0.9016646470273696,-0.053277550253176154,0.0,1
20674,2,28,0.8000000000000005,0.8533007115657844,-0.053300711565783865,0.0,1
31960,7,31,0.7225806451612904,0.7762005437646179,-0.0536198986033275,0.0,1
35121,10,31,0.6451612903225806,0.6988189221389831,-0.053657631816402485,0.0,1
31329,12,31,1.093548387096774,1.1475469106628047,-0.05399852356603074,0.0,1
27612,4,30,0.2733333333333334,0.32754707593160365,-0.054213742598270276,0.0,1
24125,4,29,0.5827586206896551,0.6373564005411907,-0.05459777985153558,0.0,1
22837,1,31,1.1903225806451614,1.2449384410895654,-0.05461586044440403,0.0,1
29838,11,30,1.3733333333333329,1.4282500301394605,-0.05491669680612765,0.0,1
30758,10,31,0.7838709677419357,0.8395067395101632,-0.05563577176822754,0.0,1
22602,9,30,0.44666666666666666,0.5023383460814753,-0.05567167941480866,0.0,1
29263,11,30,1.2266666666666668,1.2832979582622648,-0.05663129159559799,0.0,1
27648,5,31,0.7645161290322583,0.8226684376597406,-0.05815230862748233,0.0,1
28434,9,30,1.0333333333333328,1.091926147288953,-0.058592813955620215,0.0,1
29430,5,31,0.6161290322580647,0.6748072214604868,-0.05867818920242207,0.0,1
24944,11,30,1.6866666666666665,1.74557743926843,-0.05891077260176347,0.0,1
24966,1,10,1.7500000000000013,1.8090925455093398,-0.05909254550933851,0.0,0
30230,12,31,1.6064516129032262,1.6664453680446796,-0.05999375514145333,0.0,1
24817,12,31,2.803225806451613,2.8632290921143952,-0.060003285662782346,0.0,1
34172,6,30,0.7733333333333335,0.8341172510323426,-0.06078391769900904,0.0,1
33008,8,31,0.38064516129032233,0.4417161614540212,-0.061071000163698874,0.0,1
22113,5,31,0.23225806451612907,0.2936389003549852,-0.06138083583885612,0.0,1
23324,3,31,1.270967741935484,1.3324476179096005,-0.06147987597411664,0.0,1
23405,7,31,0.6419354838709678,0.703876413080481,-0.06194092920951322,0.0,1
22802,6,30,0.33333333333333304,0.39539360118408967,-0.062060267850756634,0.0,1
29612,11,30,1.163333333333333,1.2261773732405463,-0.06284403990721321,0.0,1
20891,12,31,1.7193548387096773,1.7822174929803418,-0.06286265427066451,0.0,1
28493,7,31,0.7516129032258064,0.8155477208956597,-0.06393481766985332,0.0,1
30054,11,30,1.28,1.3441400506595766,-0.06414005065957662,0.0,1
24817,2,28,1.9428571428571424,2.0075509704649446,-0.06469382760780218,0.0,1
23418,9,30,0.3866666666666668,0.4514327353735766,-0.06476606870690976,0.0,1
24125,10,31,0.6483870967741936,0.7134782265976912,-0.06509112982349763,0.0,1
29612,9,30,0.6633333333333336,0.7286901291087271,-0.06535679577539355,0.0,1
29430,9,30,0.42000000000000004,0.4858337077933054,-0.06583370779330538,0.0,1
34880,4,30,0.5166666666666665,0.5828671059260766,-0.0662004392594101,0.0,1
33008,10,31,0.2838709677419353,0.35016440522045855,-0.06629343747852323,0.0,1
23933,5,31,1.0645161290322582,1.1308178865260656,-0.0663017574938074,0.0,1
25563,11,30,2.3466666666666662,2.413513382474582,-0.06684671580791557,0.0,1
22217,7,31,0.34838709677419305,0.41525511066879905,-0.066868013894606,0.0,1
34172,9,30,0.6233333333333334,0.6903557586483657,-0.06702242531503233,0.0,1
29430,7,31,0.5387096774193549,0.6059677996041793,-0.06725812218482441,0.0,1
36034,1,31,2.412903225806452,2.480506586938376,-0.067603361131924,0.0,1
28440,12,31,0.5387096774193552,0.6070310665745166,-0.0683213891551614,0.0,1
23405,9,30,0.3633333333333333,0.43240218803286545,-0.06906885469953217,0.0,1
29570,8,31,0.6677419354838711,0.7372975817611142,-0.06955564627724309,0.0,1
27612,10,31,0.22903225806451602,0.29871972289477133,-0.06968746483025531,0.0,1
23205,7,31,0.6677419354838707,0.7381324196775113,-0.07039048419364058,0.0,1
26258,11,30,0.38666666666666677,0.4588556014249722,-0.07218893475830546,0.0,1
23711,7,31,0.796774193548387,0.8689708452551593,-0.07219665170677236,0.0,1
22802,1,31,0.31612903225806455,0.3883687705883096,-0.07223973833024505,0.0,1
22113,7,31,0.4774193548387095,0.5497863081013482,-0.0723669532626387,0.0,1
24738,1,30,1.9833333333333347,2.0559894012287274,-0.0726560678953927,0.0,1
29430,8,31,0.5935483870967742,0.6663484082046536,-0.07280002110787942,0.0,1
23324,1,31,2.061290322580646,2.1346679288893946,-0.07337760630874879,0.0,1
27823,4,30,0.9066666666666664,0.9802155201129302,-0.07354885344626383,0.0,1
23891,1,30,2.3100000000000005,2.383643582562606,-0.07364358256260539,0.0,1
27459,9,30,0.783333333333333,0.8578254374333965,-0.07449210410006346,0.0,1
30230,1,31,1.9516129032258067,2.026868937377848,-0.0752560341520414,0.0,1
27595,9,30,0.3866666666666668,0.46192792305412395,-0.07526125638745712,0.0,1
33008,9,30,0.5233333333333334,0.5986554170399904,-0.07532208370665694,0.0,1
20674,1,31,1.5354838709677419,1.6108725856689194,-0.07538871470117758,0.0,1
22602,5,31,0.40322580645161304,0.47884011057115367,-0.07561430411954062,0.0,1
33008,2,28,0.38214285714285723,0.4581709541912588,-0.07602809704840158,0.0,1
24125,7,31,0.6032258064516127,0.679757920340184,-0.07653211388857128,0.0,1
30252,1,31,2.2612903225806456,2.3380669387511817,-0.0767766161705361,0.0,1
24738,2,28,2.0071428571428567,2.084425438579637,-0.07728258143678035,0.0,1
32165,6,30,0.9200000000000003,0.997609339344005,-0.07760933934400471,0.0,1
29263,2,28,1.3571428571428572,1.43560667381888,-0.07846381667602276,0.0,1
23324,9,30,0.3799999999999999,0.45931535271306834,-0.07931535271306844,0.0,1
28698,9,30,0.6799999999999999,0.7593232860664526,-0.07932328606645267,0.0,1
23324,12,31,1.4548387096774191,1.534374191407715,-0.07953548173029579,0.0,1
26258,3,31,0.5870967741935482,0.6676036677052898,-0.08050689351174156,0.0,1
23955,12,31,2.1032258064516123,2.1840255950247083,-0.080799788573096,0.0,1
29263,12,31,1.4354838709677424,1.5176930822912729,-0.08220921132353043,0.0,1
34391,6,30,0.8166666666666667,0.9000432926416398,-0.0833766259749732,0.0,1
34391,5,31,0.5580645161290319,0.6416983387402946,-0.08363382261126273,0.0,1
32389,6,30,0.5433333333333332,0.6275717181704628,-0.08423838483712953,0.0,1
24688,12,31,1.3000000000000005,1.3845054563315173,-0.08450545633151685,0.0,1
37031,5,31,0.8580645161290327,0.9429054170471409,-0.08484090091810825,0.0,1
23711,5,31,0.8322580645161293,0.9175664490509419,-0.0853083845348126,0.0,1
24738,6,30,0.9633333333333335,1.0490982960506032,-0.08576496271726974,0.0,1
22217,6,30,0.31666666666666665,0.4037194259220268,-0.08705275925536016,0.0,1
23711,9,30,0.5933333333333333,0.6806504542877275,-0.08731712095439426,0.0,1
32389,8,31,0.5064516129032259,0.593802669001443,-0.08735105609821703,0.0,1
28493,6,30,0.7033333333333329,0.7930500590180354,-0.08971672568470246,0.0,1
24343,12,31,2.103225806451614,2.194207888595279,-0.0909820821436651,0.0,1
22583,5,31,0.8806451612903226,0.9718342427524828,-0.0911890814621602,0.0,1
20891,4,30,1.6266666666666667,1.7186803348793185,-0.09201366821265178,0.0,1
20674,5,31,0.5516129032258065,0.6443610658568723,-0.09274816263106578,0.0,1
30252,12,31,3.000000000000001,3.092875228058773,-0.09287522805877213,0.0,1
24125,5,31,0.5645161290322579,0.6583612974612945,-0.09384516842903656,0.0,1
22820,10,31,0.21935483870967742,0.3132427597118001,-0.09388792100212268,0.0,1
30054,12,31,1.9129032258064522,2.007241477745195,-0.09433825193874279,0.0,1
24641,10,31,1.1129032258064513,1.2074071253439587,-0.09450389953750737,0.0,1
28698,4,30,0.7933333333333332,0.8904670844133942,-0.09713375108006095,0.0,1
30054,1,31,1.509677419354839,1.6087284739519803,-0.09905105459714125,0.0,1
37472,3,31,0.5096774193548387,0.6087631665891214,-0.09908574723428276,0.0,1
27595,4,30,0.6100000000000001,0.7099987105528512,-0.09999871055285114,0.0,1
23804,9,30,0.4333333333333333,0.5341547321512673,-0.100821398817934,0.0,1
28224,9,30,1.2600000000000002,1.3609479443356394,-0.10094794433563914,0.0,1
27333,9,30,1.1300000000000001,1.2317497640786073,-0.10174976407860714,0.0,1
26063,12,31,0.5903225806451613,0.694109124329782,-0.1037865436846207,0.0,1
26477,9,30,0.3033333333333333,0.40760393628850566,-0.10427060295517238,0.0,1
30758,11,30,0.9366666666666669,1.0413034249469637,-0.10463675828029684,0.0,1
29838,12,31,1.2225806451612906,1.3272925657130057,-0.10471192055171508,0.0,1
32389,9,30,0.49999999999999983,0.6052207582319774,-0.10522075823197757,0.0,1
22820,7,31,0.3322580645161292,0.44022853677311274,-0.10797047225698353,0.0,1
24908,2,28,2.942857142857143,3.051680503998484,-0.10882336114134095,0.0,1
24908,12,31,2.7935483870967746,2.9031067558353953,-0.10955836873862079,0.0,1
33008,4,30,0.49,0.6026253388573727,-0.11262533885737269,0.0,1
27037,9,30,0.4466666666666667,0.5598735373987196,-0.11320687073205288,0.0,1
24817,11,30,2.4200000000000004,2.5333946934404477,-0.11339469344044728,0.0,1
27595,2,28,1.65,1.7654508287087085,-0.1154508287087086,0.0,1
30054,9,30,0.5966666666666666,0.7129553909723955,-0.1162887243057289,0.0,1
35121,1,31,1.4129032258064522,1.5305713533108396,-0.11766812750438738,0.0,1
25551,1,30,2.386666666666667,2.504587185451141,-0.11792051878447385,0.0,1
29570,9,30,0.9566666666666666,1.0748160032182927,-0.11814933655162618,0.0,1
34391,9,30,1.1300000000000003,1.2485176777861977,-0.11851767778619737,0.0,1
22820,6,30,0.35333333333333317,0.4736266280462343,-0.12029329471290112,0.0,1
30230,9,30,0.7566666666666667,0.8771739531991383,-0.12050728653247156,0.0,1
27648,9,30,0.9800000000000002,1.1046036054566504,-0.12460360545665017,0.0,1
20674,6,30,0.4566666666666668,0.5825115468104679,-0.12584488014380113,0.0,1
22217,8,31,0.28709677419354857,0.41629964293491445,-0.12920286874136588,0.0,1
28493,9,30,0.6499999999999999,0.7835109564848243,-0.13351095648482436,0.0,1
20674,12,31,1.1,1.2346618340140383,-0.1346618340140382,0.0,1
26258,7,31,0.7709677419354845,0.9100964624735142,-0.13912872053802972,0.0,1
30758,2,28,1.3249999999999997,1.4647600622581582,-0.1397600622581585,0.0,1
28698,7,31,0.5580645161290324,0.702467273800604,-0.14440275767157162,0.0,1
20674,4,30,1.2633333333333332,1.408593020796155,-0.1452596874628218,0.0,1
34861,8,31,0.32903225806451597,0.4779761733547334,-0.14894391529021744,0.0,1
34861,6,30,0.5199999999999996,0.6695815491676326,-0.149581549167633,0.0,1
28440,2,28,1.1,1.2546694742249593,-0.15466947422495925,0.0,1
27648,4,30,0.9433333333333334,1.1043763182188073,-0.16104298488547397,0.0,1
35121,11,30,0.56,0.7226409472028416,-0.1626409472028415,0.0,1
27823,9,30,0.8833333333333333,1.0499376779693799,-0.16660434463604656,0.0,1
27333,1,18,0.5222222222222221,0.6903965765920775,-0.1681743543698554,0.0,1
26258,4,30,0.6633333333333332,0.8421052394310632,-0.17877190609772997,0.0,1
30823,6,30,0.41999999999999993,0.5993458625674248,-0.1793458625674249,0.0,1
24125,11,30,0.6266666666666656,0.8107616363620999,-0.18409496969543426,0.0,1
26258,6,30,0.8733333333333332,1.058345864738027,-0.18501253140469387,0.0,1
27459,2,28,1.3035714285714286,1.490131366465773,-0.18655993789434433,0.0,1
37031,4,30,0.8333333333333331,1.0199047300716237,-0.1865713967382906,0.0,1
20674,10,31,0.4483870967741936,0.6362925338648979,-0.18790543709070434,0.0,1
22217,9,30,0.2733333333333332,0.4814732705056667,-0.20813993717233348,0.0,1
20674,8,31,0.458064516129032,0.666367474294478,-0.20830295816544597,0.0,1
24125,9,30,0.4200000000000001,0.632530207882325,-0.21253020788232485,0.0,1
34861,7,31,0.49354838709677423,0.7102392062064142,-0.21669081910964,0.0,1
20674,3,31,1.0129032258064519,1.2539915915458435,-0.24108836573939163,0.0,1
28493,5,31,1.3032258064516127,1.5444368424194475,-0.24121103596783477,0.0,1
20674,11,30,0.7333333333333331,0.979440031001965,-0.2461066976686319,0.0,1
28224,6,1,0.5,0.7642321884632111,-0.26423218846321106,0.0,0
20674,7,31,0.6129032258064514,0.8903051502281617,-0.2774019244217103,0.0,1
20674,9,30,0.4566666666666668,0.7706203139324984,-0.31395364726583164,0.0,1
35121,12,31,0.5935483870967743,0.9372913826857844,-0.3437429955890101,0.0,1
35121,2,28,1.114285714285714,1.5510216873272182,-0.43673597304150413,0.0,1
28440,1,31,1.0935483870967742,1.5808656519939825,-0.4873172648972084,0.0,1
