station,month,n,baseline_mae,xgb_mae,gain,alpha,is_eligible
25913,12,31,6.7612903225806456,1.9894218137187343,4.771868508861911,0.7057629951083934,1
25913,1,31,5.516129032258065,2.07263128834386,3.443497743914205,0.624259824920119,1
25913,11,30,4.39,1.4095762073993683,2.9804237926006314,0.6789120256493466,1
25913,10,31,3.8709677419354844,1.4712036385651561,2.3997641033703285,0.6199390600373348,1
25913,3,31,3.5999999999999996,1.4773499765703755,2.122650023429624,0.589625006508229,1
22113,2,28,3.225,1.358136873585837,1.866863126414163,0.5788722872602056,1
22113,12,31,2.8580645161290326,1.4075948730591805,1.450469643069852,0.5075006651824538,1
22113,11,30,1.8733333333333335,0.79562150289615,1.0777118304371835,0.5752910126888879,1
22113,1,31,2.4387096774193546,1.3797761724841209,1.0589335049352337,0.4342187652512202,1
25913,6,30,1.9366666666666668,0.9836639022827146,0.9530027643839522,0.49208404357174806,1
25913,7,31,1.3709677419354842,0.5991396627118513,0.771828079223633,0.5629804813160615,1
37031,7,31,1.5774193548387099,0.8206450800741871,0.7567742747645227,0.47975465271370554,1
29570,12,31,2.967741935483872,2.238750098501482,0.7289918369823898,0.24563855376580518,1
37235,8,31,1.425806451612903,0.7387422130953885,0.6870642385175145,0.4818776333493881,1
25913,2,28,2.439285714285714,1.7663633380617416,0.6729223762239724,0.275868616900018,1
22113,3,31,1.206451612903226,0.5928004472486434,0.6136511656545824,0.5086413405158303,1
30823,12,31,1.6806451612903226,1.1163358019244287,0.5643093593658939,0.33576948445955296,1
37235,6,30,1.0199999999999998,0.5294572703043616,0.49054272969563817,0.48092424479964535,1
37235,9,30,1.0833333333333333,0.6024367078145344,0.48089662551879886,0.4439045774019682,1
29570,1,31,2.832258064516129,2.385831088404502,0.44642697611162685,0.15762228085945823,1
25913,5,31,1.7483870967741935,1.3061854583481627,0.4422016384260308,0.25291975629533126,1
25563,6,30,2.2766666666666664,1.8360384664932885,0.4406282001733779,0.19354093711861403,1
29570,11,30,1.56,1.1279786852498848,0.4320213147501153,0.2769367402244329,1
37235,7,31,0.9967741935483871,0.6173352641444055,0.3794389294039816,0.3806668871043181,1
22837,6,30,1.2566666666666664,0.8841787338256835,0.3724879328409829,0.2964094956294294,1
30710,12,31,1.935483870967742,1.5674659529039936,0.3680179180637484,0.19014259099960334,1
25913,9,30,1.2133333333333336,0.8612090462446211,0.35212428708871246,0.2902123245236641,1
28440,8,31,1.0064516129032257,0.66020132495511,0.34625028794811574,0.3440307348202432,1
25563,10,31,1.6645161290322579,1.3250792772539195,0.3394368517783384,0.20392524040946688,1
25913,8,31,1.0548387096774194,0.725425184926679,0.3294135247507405,0.3122880509869405,1
34163,7,26,1.8884615384615389,1.560902390113244,0.3275591483482949,0.17345290951233536,1
25913,4,30,1.3166666666666664,0.9898443031311034,0.32682236353556304,0.24821951660928843,1
34163,8,31,1.5806451612903225,1.2546758344096522,0.32596932688067026,0.20622549251634242,1
28440,3,31,0.9580645161290323,0.6373816423839138,0.3206828737451185,0.3347194978484402,1
27595,3,31,1.4322580645161291,1.124339424217901,0.30791864029822813,0.21498823984786197,1
30710,1,31,2.035483870967742,1.74675156377977,0.28873230718797216,0.1418494694584332,1
28440,5,31,1.2322580645161287,0.945101596463111,0.28715646805301775,0.23303273585454326,1
24688,6,30,1.4833333333333336,1.2011335659027103,0.28219976743062336,0.19024703422289213,1
35121,8,31,1.3032258064516131,1.025585716001449,0.27764009045016413,0.2130406634642348,1
35121,3,31,1.532258064516129,1.2627472087260216,0.26951085579010736,0.17589129535775427,1
26063,1,31,0.8000000000000003,0.5474844853724201,0.25251551462758015,0.3156443932844751,1
37235,10,31,0.7967741935483874,0.545016968634821,0.25175722491356645,0.31597060616682415,1
24688,9,30,2.413333333333333,2.16479223417739,0.2485410991559429,0.10298664329666143,1
37235,5,31,0.8161290322580643,0.5709204827585527,0.24520854949951165,0.300453163418374,1
31873,4,30,1.7866666666666668,1.5456897521018982,0.24097691456476866,0.13487513874893767,1
30710,9,30,1.0333333333333337,0.803424235979716,0.22990909735361764,0.2224926748583396,1
25563,12,31,4.648387096774194,4.418690406122515,0.22969669065167864,0.049414277655808726,1
29570,3,31,1.7838709677419355,1.5567617189018956,0.2271092488400399,0.12731259880725565,1
30710,8,31,0.7290322580645159,0.5114789901241178,0.2175532679403981,0.29841377460851076,1
30710,11,30,1.7266666666666666,1.5095720415562393,0.21709462511042732,0.12573047786318184,1
30823,10,31,1.2548387096774192,1.0433663663364225,0.21147234334099663,0.16852551782958602,1
21982,12,31,1.4161290322580646,1.2049244419220957,0.21120459033596894,0.14914219363132203,1
30823,11,30,2.083333333333333,1.8728571877876918,0.2104761455456412,0.10102854986190779,1
29838,6,30,1.2766666666666662,1.0686686833699541,0.20799798329671204,0.16292270232118444,1
26063,10,31,0.7806451612903228,0.5726727516420426,0.20797240964828023,0.2664109379792019,1
28900,7,31,0.6419354838709679,0.43529174558578,0.2066437382851879,0.3219073309970263,1
25551,2,28,2.224999999999999,2.019964974267142,0.20503502573285726,0.09215057336308195,1
22837,8,31,0.8516129032258073,0.6497713765790386,0.2018415266467687,0.2370108835624933,1
31915,4,30,1.4533333333333327,1.2537039277950925,0.19962940553824016,0.13735968270979834,1
29838,9,30,1.3866666666666665,1.1919501781463624,0.1947164885203041,0.14042054460598855,1
35121,9,30,1.0133333333333334,0.8208628622690836,0.19247047106424986,0.18993796486603604,1
22113,10,31,0.7064516129032258,0.5143440890696741,0.19210752383355167,0.27193302460457086,1
30710,10,31,0.9580645161290322,0.7666695885600584,0.1913949275689738,0.19977248332115113,1
22113,9,30,0.7666666666666667,0.5763959264755248,0.19027074019114187,0.24817922633627199,1
27333,7,26,1.6076923076923075,1.4199464211097126,0.18774588658259495,0.11677973806572893,1
29570,2,28,1.9678571428571432,1.7822224344526023,0.18563470840454088,0.09433342713842366,1
35121,5,31,1.1451612903225805,0.9601454457929054,0.18501584452967512,0.1615631318428149,1
25563,5,31,1.4387096774193546,1.2544172853712112,0.1842923920481434,0.1280956088227006,1
28440,6,30,0.8500000000000001,0.6657785097757976,0.18422149022420253,0.21673116496965,1
24343,11,30,1.9233333333333336,1.7471028772989903,0.17623045603434329,0.09162762012184225,1
25563,1,31,2.780645161290322,2.6058335827242938,0.17481157856602803,0.06286727303418643,1
29612,5,31,1.2387096774193551,1.065854327909408,0.1728553495099472,0.13954468319813443,1
25551,10,31,2.4580645161290318,2.286781337905315,0.17128317822371697,0.06968213287316571,1
30710,2,28,1.7892857142857146,1.618553604398455,0.17073210988725962,0.09541914325036464,1
21982,11,30,1.5066666666666668,1.3380052280426027,0.16866143862406413,0.1119434327150868,1
28900,5,31,0.6677419354838706,0.5005294676749936,0.167212467808877,0.25041480686353573,1
24266,11,30,3.4400000000000004,3.2735629908243817,0.16643700917561866,0.0483828515045403,1
33008,6,30,0.7033333333333328,0.5381624158223465,0.16517091751098634,0.23484016707723193,1
23891,11,30,1.993333333333333,1.8284509038925167,0.16488242944081621,0.08271693784656334,1
28440,7,31,0.729032258064516,0.5656170137466922,0.16341524431782384,0.22415365371028936,1
25703,6,30,1.1433333333333335,0.9869581254323323,0.15637520790100123,0.13677131886384944,1
28138,8,31,3.04516129032258,2.889699019155194,0.15546227116738587,0.05105222887912037,1
30823,8,31,0.538709677419355,0.38412489121960064,0.1545847861997544,0.28695379474205895,1
30710,6,30,0.8533333333333333,0.6990556812286378,0.15427765210469546,0.18079412356019,1
31707,12,31,1.8451612903225811,1.6936113326780255,0.1515499576445556,0.08213371830386752,1
21946,10,31,1.3000000000000003,1.1486227089358916,0.1513772910641087,0.11644407004931435,1
24688,10,31,2.2096774193548385,2.061672822890743,0.1480045964640957,0.06698018234141558,1
32098,1,31,2.6774193548387095,2.5300934084000115,0.147325946438698,0.05502535348915227,1
31960,12,31,2.525806451612903,2.378802118378301,0.14700433323460205,0.05820094930105574,1
21982,10,31,0.9580645161290322,0.8125618188611923,0.14550269726783993,0.1518715021987555,1
31329,4,30,1.2,1.0557533570130666,0.14424664298693335,0.12020553582244446,1
37031,8,31,0.9032258064516127,0.7598312624039187,0.14339454404769392,0.15875824519566117,1
24641,3,31,1.654838709677419,1.5114818234597482,0.14335688621767084,0.08662891759742294,1
24908,9,30,1.4766666666666668,1.3346224619199833,0.14204420474668344,0.0961924637110723,1
31960,1,31,2.1709677419354843,2.0297960481336035,0.14117169380188077,0.06502708035450673,1
31594,12,31,1.9709677419354834,1.8301736447118941,0.14079409722358927,0.07143399368136281,1
22837,7,31,1.2516129032258065,1.1118737989856349,0.13973910424017166,0.11164722245993096,1
30710,5,31,1.0419354838709676,0.9028330972117763,0.13910238665919128,0.13350383858931672,1
24641,8,31,0.9419354838709676,0.803309982053695,0.13862550181727262,0.1471709094635429,1
25563,7,31,1.470967741935484,1.3328098189446236,0.1381579229908605,0.09392314940168146,1
30230,6,30,0.8366666666666662,0.6986207008361813,0.1380459658304849,0.16499517828344817,1
30710,7,31,0.8322580645161293,0.6952613645984281,0.13699669991770114,0.16460843788560986,1
21946,8,31,1.2935483870967743,1.15955946060919,0.13398892648758443,0.10358246187319493,1
29866,6,19,1.1473684210526323,1.0137604562859788,0.1336079647666535,0.11644730874157866,1
22837,4,30,1.2366666666666668,1.1042437467972437,0.13242291986942312,0.107080528196299,1
25551,3,31,3.4000000000000012,3.268210814076085,0.1317891859239162,0.038761525271740045,1
27823,7,31,0.7741935483870964,0.6453061380693986,0.1288874103176978,0.16647957166035973,1
26063,7,31,0.7129032258064514,0.5844112642349736,0.1284919615714778,0.18023759315456167,1
37235,4,30,0.8533333333333332,0.7249513689676922,0.12838196436564098,0.15044761449098554,1
27459,1,31,1.2387096774193553,1.1109077945832282,0.12780188283612715,0.1031733949979151,1
24966,11,30,2.6133333333333337,2.48695522626241,0.12637810707092356,0.048358969542445236,1
27459,11,30,0.8766666666666667,0.7509172162413597,0.12574945042530705,0.14344043774749854,1
27648,6,30,0.5666666666666671,0.4417022387186686,0.1249644279479985,0.22052546108470308,1
30636,7,31,1.2322580645161292,1.1080663127283896,0.12419175178773956,0.10078388234083575,1
30054,7,31,0.7290322580645165,0.605957240443076,0.12307501762144057,0.1688197144364892,1
30673,5,31,1.1741935483870967,1.051929183160105,0.12226436522699169,0.10412624511089953,1
27595,12,31,1.4838709677419355,1.3617666644434774,0.12210430329845812,0.08228768265765656,1
34861,2,28,0.942857142857143,0.8222641338195121,0.12059300903763082,0.12790167625203266,1
24738,11,30,1.7300000000000002,1.6096734444300334,0.12032655556996685,0.06955292229477852,1
29866,3,19,1.5947368421052632,1.4765925543872935,0.1181442877179697,0.07408387678684568,1
25703,2,28,2.5642857142857145,2.446317441122872,0.11796827316284242,0.046004340509186455,1
28440,11,30,0.7833333333333333,0.6654377154509227,0.11789561788241065,0.1505050441052051,1
24641,11,30,1.3766666666666671,1.2587812391916913,0.11788542747497588,0.08563106111983718,1
31594,5,31,1.2967741935483872,1.1805318370942148,0.11624235645417236,0.08963962811142644,1
28900,2,28,0.7535714285714287,0.637513910446848,0.11605751812458065,0.15400997665821126,1
29231,5,31,1.5677419354838709,1.4534201760445873,0.11432175943928358,0.07292128688513974,1
24738,5,31,1.3548387096774193,1.2412145045495802,0.1136242051278391,0.08386548473721459,1
29838,8,31,1.0935483870967742,0.9805763429211032,0.11297204417567097,0.1033077690102006,1
21946,12,31,1.8258064516129036,1.712990176293158,0.11281627531974547,0.06178983277229875,1
24966,9,30,1.903333333333333,1.7913040733337404,0.11202925999959268,0.0588595061293832,1
28722,5,31,1.0161290322580645,0.9044511425879694,0.11167788967009507,0.10990522475469673,1
30949,4,30,1.2,1.0885462112228075,0.11145378877719248,0.09287815731432707,1
30925,4,30,1.3466666666666665,1.2352136177072923,0.11145304895937413,0.0827621650688422,1
31532,4,30,1.943333333333333,1.8339448386927448,0.10938849464058809,0.056289105303904685,1
28434,6,30,1.1,0.9906202507019042,0.10937974929809591,0.09943613572554173,1
21982,1,31,1.6709677419354838,1.5615890933621313,0.10937864857335255,0.0654582645902303,1
35121,7,31,0.8645161290322579,0.7559948951967301,0.10852123383552781,0.12552829286945383,1
26063,8,31,0.5677419354838712,0.45987740793535775,0.10786452754851344,0.1899886564774952,1
21946,7,31,1.4709677419354839,1.3632447350409722,0.10772300689451164,0.07323274591512853,1
24908,6,30,1.22,1.1123671690622967,0.10763283093770326,0.08822363191615022,1
24966,8,31,1.6483870967741936,1.5409068076841295,0.10748028909006413,0.0652033064929939,1
24959,11,30,1.5266666666666673,1.4193794218699136,0.10728724479675367,0.07027548785813556,1
29838,5,31,1.8806451612903228,1.7737569839723648,0.10688817731795797,0.05683590903699308,1
24817,7,31,1.1483870967741938,1.0421728195682647,0.10621427720592913,0.09248996048830906,1
24641,12,31,2.270967741935483,2.1658351036810104,0.10513263825447261,0.04629420150410017,1
23472,12,31,2.4967741935483865,2.3931469271259918,0.10362726642239473,0.04150446071181185,1
24343,6,30,0.7400000000000002,0.6364562034606934,0.10354379653930679,0.13992404937744157,1
29866,2,15,1.7733333333333334,1.6703497664133709,0.10298356691996258,0.0580734399924601,1
26063,4,30,0.5466666666666667,0.444531139532725,0.10213552713394175,0.18683328134257635,1
23631,12,31,1.0193548387096778,0.9179911275063791,0.10136371120329868,0.0994390837753879,1
25703,1,30,2.52,2.4192915217081707,0.10070847829182927,0.03996368186183701,1
28434,8,31,1.3096774193548386,1.2089888664983934,0.10068855285644518,0.07688042213176849,1
34861,3,31,0.5806451612903226,0.48032694775010304,0.10031821354021958,0.17277025665260037,1
30252,7,31,1.058064516129032,0.9581349342100084,0.09992958191902368,0.09444564144785776,1
29866,7,30,0.8833333333333333,0.7839258956909182,0.09940743764241511,0.11253672185933786,1
24966,4,29,2.0275862068965513,1.9282795937410715,0.09930661315547984,0.04897775138620605,1
29263,7,31,0.7967741935483869,0.6975480541106194,0.09922613943776748,0.12453483087331145,1
21946,5,31,1.2000000000000002,1.1010202353009055,0.09897976469909464,0.08248313724924553,1
24817,8,31,1.4129032258064516,1.3143442707677042,0.09855895503874734,0.06975633804112255,1
34861,1,31,0.5129032258064516,0.4145082668912026,0.09839495891524902,0.19183922807375595,1
24908,7,31,0.9451612903225806,0.8470240685247606,0.09813722179781992,0.10383119029803474,1
25703,5,31,1.1774193548387097,1.0793133543383686,0.09810600050034113,0.0833229045345363,1
24688,8,31,1.8032258064516131,1.705377040370818,0.09784876608079518,0.054263179758580506,1
34172,3,31,1.2580645161290323,1.1606446511562793,0.0974198649727529,0.07743630292706,1
24959,12,31,1.1096774193548389,1.012950897216797,0.09672652213804178,0.08716634262439811,1
28224,8,31,1.3387096774193545,1.2419917568083734,0.09671792061098117,0.07224712142025101,1
31416,4,30,1.97,1.8738212700684864,0.09617872993151355,0.048821690320565256,1
24817,4,30,2.3466666666666662,2.251258827249209,0.09540783941745712,0.0406567497517573,1
25703,7,31,1.3709677419354838,1.2758059470884258,0.095161794847058,0.06941213271197172,1
31004,7,31,0.9387096774193546,0.8436855685326361,0.09502410888671853,0.1012284321473634,1
27595,1,31,1.4677419354838712,1.3728485985148338,0.09489333696903746,0.06465260320967386,1
24507,11,30,2.5366666666666666,2.4420743123690287,0.0945923542976379,0.0372900214051135,1
29263,4,30,1.613333333333333,1.5187563010056813,0.0945770323276518,0.05862212747581724,1
29866,8,31,1.2161290322580651,1.12156907973751,0.09455995252055516,0.07775486812035036,1
31594,10,31,1.3064516129032258,1.2119213176110095,0.09453029529221624,0.07235652232243713,1
24944,9,30,0.9700000000000001,0.8762912642955779,0.09370873570442217,0.09660694402517749,1
30636,6,30,1.313333333333333,1.2198468049367268,0.0934865283966062,0.07118263583497936,1
21946,1,31,2.0322580645161294,1.9387988675025207,0.09345919701360872,0.04598785884796618,1
30521,6,30,0.9733333333333332,0.8800347073872883,0.09329862594604488,0.0958547526842927,1
31168,7,31,0.9322580645161287,0.8392768244589527,0.092981240057176,0.09973766234506773,1
30710,4,30,0.8766666666666667,0.7840974591175717,0.09256920754909503,0.10559225195714261,1
29698,6,30,1.0899999999999996,0.9974518648783365,0.09254813512166316,0.08490654598317723,1
31416,1,31,2.029032258064516,1.9365065420827552,0.09252571598176074,0.045600909307386056,1
24125,6,30,0.6366666666666669,0.5442269738515216,0.0924396928151453,0.14519323478818627,1
31388,11,30,1.8166666666666667,1.7244671634833015,0.09219950318336512,0.05075202010093493,1
30823,1,31,2.1838709677419357,2.0918237009356098,0.09204726680632591,0.04214867460850964,1
24688,11,30,2.3600000000000003,2.2682159296671554,0.09178407033284497,0.03889155522578176,1
29838,7,31,1.2580645161290318,1.1663101134761686,0.09175440265286317,0.07293298672407075,1
29866,4,20,1.36,1.2684439283609392,0.09155607163906088,0.06732064091107418,1
29282,7,31,0.7612903225806454,0.6703604175198462,0.09092990506079923,0.11944182444427014,1
30372,6,30,1.1666666666666672,1.076048081715902,0.09061858495076525,0.07767307281494161,1
23884,1,31,2.1870967741935488,2.0965452994069746,0.0905514747865741,0.04140259171657518,1
23711,2,28,1.0107142857142857,0.9203284893717087,0.09038579634257693,0.08942764302445774,1
37235,3,31,0.7161290322580646,0.6260099457156272,0.09011908654243739,0.12584196769439454,1
22837,10,31,0.8903225806451612,0.8003504614195517,0.08997211922560955,0.10105564115919914,1
31594,9,30,1.5266666666666666,1.4368364938100175,0.08983017285664907,0.058840724578591096,1
31532,11,30,2.1066666666666665,2.016939302782218,0.08972736388444869,0.04259210310970666,1
29698,1,31,2.2677419354838704,2.1784017685920958,0.0893401668917746,0.039396090663513704,1
28138,7,27,2.5444444444444447,2.455231786657263,0.0892126577871819,0.035061743235136986,1
31329,6,30,1.1200000000000003,1.0309355227152506,0.08906447728474975,0.07952185471852655,1
30521,9,30,1.39,1.3010193173090614,0.0889806826909385,0.06401487963376871,1
28698,2,28,1.407142857142858,1.3182781568595345,0.08886470028332338,0.06315257888154958,1
22820,5,31,0.7741935483870968,0.6856892816482051,0.08850426673889167,0.11431801120440174,1
31873,10,31,1.5870967741935489,1.4989684789411486,0.08812829525240029,0.05552799091106521,1
31707,4,30,1.4599999999999997,1.3719598122437797,0.08804018775622002,0.06030149846316441,1
29866,12,31,2.0258064516129033,1.9379422030141276,0.08786424859877573,0.04337247940385426,1
31532,5,31,1.1451612903225812,1.0573196995642877,0.08784159075829345,0.07670674122555199,1
30823,4,30,1.3966666666666667,1.3093952873597543,0.08727137930691242,0.062485474444090035,1
30777,4,30,1.2566666666666668,1.169601647456487,0.08706501921017984,0.06928250865531552,1
31004,1,31,1.4354838709677415,1.3486642160723283,0.08681965489541321,0.060481107904669894,1
31388,9,30,1.0299999999999996,0.9435457515716554,0.08645424842834415,0.08393616352266425,1
30777,9,30,1.2633333333333334,1.1771659135818482,0.08616741975148523,0.06820640085869543,1
30949,5,31,1.1354838709677417,1.049712864045174,0.08577100692256767,0.07553696632385222,1
29231,7,31,0.8677419354838714,0.7821454571139428,0.08559647836992856,0.09864278176460164,1
29866,5,17,1.1999999999999997,1.1146538622239057,0.08534613777609401,0.07112178148007836,1
30949,6,30,1.02,0.934952875773112,0.08504712422688798,0.08337953355577253,1
28900,9,30,0.5266666666666668,0.44184201558431013,0.0848246510823567,0.16105946408042407,1
21946,4,30,2.4133333333333336,2.3286312452952065,0.08470208803812707,0.0350975502920416,1
31388,8,20,0.6050000000000005,0.5203381443023682,0.0846618556976323,0.13993695156633423,1
30965,7,31,0.983870967741935,0.8993849415932929,0.0844860261486422,0.08587104297075113,1
28434,7,31,0.9096774193548386,0.8253291037774854,0.08434831557735323,0.0927233256346791,1
30925,5,31,1.1548387096774195,1.0707841115613137,0.08405459811610583,0.07278470786590169,1
30673,9,30,1.3766666666666663,1.293235013484955,0.0834316531817112,0.06060410642739314,1
32061,3,31,2.1580645161290315,2.0748041083735806,0.08326040775545085,0.038581055910597566,1
30372,7,31,0.938709677419355,0.855656340814406,0.08305333660494896,0.08847606304994561,1
29282,6,30,1.21,1.1269515482584633,0.08304845174153663,0.06863508408391457,1
24951,3,31,2.648387096774194,2.566174651730445,0.08221244504374914,0.031042457933693333,1
24944,5,31,0.8774193548387096,0.7952632110926411,0.0821561437460685,0.09363384029882808,1
29570,4,30,0.7766666666666667,0.6945354509353638,0.08213121573130289,0.10574834643515392,1
29698,5,31,1.2161290322580647,1.1343738032925514,0.08175522896551324,0.06722578509100557,1
31960,6,30,1.2,1.1184616978963213,0.08153830210367863,0.06794858508639887,1
31707,6,30,0.7633333333333332,0.6818020502726235,0.08153128306070967,0.10680954112756727,1
32411,2,28,2.15,2.0685467004776,0.08145329952239999,0.03788525559181395,1
24908,4,30,2.4099999999999997,2.3285648795962333,0.08143512040376644,0.03379050639160434,1
31088,1,31,1.016129032258065,0.9348135794362716,0.08131545282179331,0.08002473134843148,1
31388,6,30,0.7566666666666663,0.6757130114237467,0.08095365524291953,0.1069872095721404,1
30636,8,31,0.9645161290322581,0.8841676835090883,0.08034844552316989,0.0833044084019487,1
25551,6,30,0.9266666666666666,0.8463716252644856,0.08029504140218102,0.08664932525415218,1
30230,7,31,0.6741935483870972,0.594008993333386,0.08018455505371125,0.11893402902703575,1
34861,5,31,0.7064516129032259,0.6265324561826644,0.07991915672056149,0.1131275734400642,1
31510,9,30,1.13,1.0501267941792807,0.07987320582071922,0.07068425293868957,1
28722,8,31,1.1774193548387093,1.097815673582015,0.07960368125669426,0.06760860599883624,1
24343,8,31,1.225806451612903,1.146597114686043,0.07920933692686005,0.06461814328243848,1
23631,7,31,0.8516129032258064,0.772434874503843,0.07917802872196344,0.09297420039321466,1
31168,9,30,1.6866666666666665,1.6079630311330162,0.07870363553365034,0.046662234506116805,1
30673,10,31,1.6290322580645165,1.5507144006870446,0.07831785737747188,0.04807630848914114,1
31873,5,31,1.1129032258064515,1.0353426410305884,0.07756058477586314,0.06969211965367413,1
28900,3,31,0.7290322580645162,0.6515971624562815,0.0774350956082347,0.10621628158651661,1
24507,5,31,1.035483870967742,0.9592972224758515,0.07618664849189061,0.07357589106693485,1
36034,4,30,1.48,1.4052434211721023,0.07475657882789766,0.05051120191074166,1
29612,7,31,0.6290322580645162,0.5545053420528289,0.07452691601168737,0.11847868699293888,1
23891,4,30,1.6600000000000001,1.585935890873273,0.07406410912672712,0.04461693320887175,1
31416,5,31,1.1387096774193548,1.0651040249534192,0.07360565246593564,0.06463952482844207,1
23405,10,31,0.635483870967742,0.5622606019819937,0.07322326898574827,0.11522443342935007,1
30393,6,30,0.7766666666666667,0.7036254564921063,0.07304121017456044,0.09404447661960572,1
30252,6,30,0.8566666666666667,0.7837498728434243,0.07291679382324234,0.08511687994931012,1
24507,9,30,1.0533333333333337,0.9805646479129793,0.07276868542035442,0.0690841950193238,1
30777,6,30,0.5266666666666665,0.454181671142578,0.07248499552408849,0.13762973833687692,1
30054,2,28,1.6392857142857145,1.5668328080858502,0.07245290619986422,0.04419785127660562,1
26063,6,30,0.6166666666666668,0.5443030484517417,0.0723636182149251,0.11734640791609473,1
30965,4,30,1.7333333333333334,1.661042562822501,0.07229077051083244,0.04170621375624948,1
31873,12,31,2.1258064516129034,2.0536452335696063,0.07216121804329712,0.03394533777454037,1
30673,4,30,1.4366666666666668,1.364844781955083,0.07182188471158368,0.04999203112175198,1
30054,10,31,0.8677419354838709,0.7966793018430772,0.07106263364079368,0.08189374137043139,1
21946,11,30,1.9700000000000002,1.8989986483256027,0.07100135167439747,0.036041295266191604,1
28722,6,30,0.9599999999999996,0.889054857889811,0.07094514211018865,0.07390118969811321,1
34172,2,28,1.3464285714285713,1.2755942242486138,0.07083434717995751,0.05260906421853609,1
29698,4,30,1.4966666666666666,1.42638511856397,0.0702815481026966,0.04695871810870597,1
29570,7,31,0.6032258064516133,0.533075184975901,0.07015062147571227,0.11629247410412187,1
31707,3,31,1.4161290322580646,1.3460596045178752,0.07006942774018943,0.04947955034045266,1
34172,1,30,1.7133333333333332,1.644122546613216,0.06921078672011705,0.04039540080940684,1
25563,8,31,1.6096774193548389,1.5406291131050354,0.06904830624980351,0.04289574135759336,1
22550,7,31,0.5774193548387095,0.5088822703207692,0.06853708451794038,0.1186955095003437,1
23472,11,30,1.6233333333333333,1.5549703613917032,0.0683629719416301,0.04211271372174339,1
36034,5,31,1.561290322580645,1.4934229604659541,0.0678673621146908,0.04346876499081436,1
32098,2,28,2.060714285714286,1.9929625596318927,0.06775172608239322,0.032877787353674345,1
30925,8,31,0.9612903225806453,0.893579815280053,0.06771050730059225,0.07043710491001207,1
31369,6,30,1.32,1.2527981503804524,0.06720184961954767,0.05091049213602096,1
25703,8,31,1.7322580645161292,1.6651087545579477,0.06714930995818147,0.038764033681631754,1
23405,1,31,1.5225806451612898,1.456251021354429,0.0663296238068607,0.04356394783925174,1
34880,11,30,0.67,0.6037422846754393,0.0662577153245607,0.09889211242471746,1
31168,10,31,1.4193548387096775,1.353186134369143,0.06616870434053457,0.046618859876285716,1
30823,9,30,0.8900000000000001,0.8239120705922444,0.06608792940775576,0.07425610045815254,1
27648,7,31,1.0451612903225804,0.9792412419472968,0.06592004837528365,0.06307165122326523,1
28722,7,31,0.9225806451612901,0.856783922256962,0.06579672290432814,0.07131812622497108,1
24817,6,30,1.1966666666666663,1.130898962020874,0.06576770464579229,0.054959084662221984,1
32061,12,31,1.4419354838709675,1.376369236938415,0.06556624693255242,0.045470998991255604,1
30393,9,30,1.2433333333333332,1.1777887241045633,0.06554460922876992,0.052716843883729166,1
28138,10,31,2.0129032258064514,1.9479483957252195,0.06495483008123193,0.0322692264826633,1
22550,4,30,0.6066666666666669,0.5417306043207646,0.06493606234590232,0.10703746540533346,1
29263,6,30,0.9266666666666662,0.86186190923055,0.06480475743611624,0.06993319147782333,1
27648,8,31,0.9451612903225803,0.8804426131709929,0.06471867715158741,0.06847368572352254,1
28722,9,30,0.9333333333333333,0.8694679419199626,0.06386539141337078,0.0684272050857544,1
32411,1,31,1.7677419354838708,1.704112200583181,0.0636297349006898,0.03599492302776248,1
30965,5,31,1.3806451612903228,1.317047123755178,0.06359803753514481,0.046063999149287126,1
25563,2,28,3.192857142857144,3.129272563116891,0.06358457974025278,0.019914633475694374,1
32098,10,31,1.7516129032258065,1.6880519293969676,0.06356097382883896,0.03628711213064471,1
26063,3,31,0.5903225806451612,0.5268078458104885,0.06351473483467274,0.10759326665982816,1
23724,6,30,0.8733333333333337,0.8100328954060875,0.06330043792724627,0.07248141747394607,1
31088,12,31,1.3806451612903226,1.3174573036932173,0.06318785759710521,0.04576690620351079,1
30054,1,31,1.509677419354839,1.4467515391688195,0.06292588018601952,0.0416816727727907,1
32389,1,31,2.1580645161290324,2.095184718408892,0.0628797977201403,0.029137125998869192,1
23933,7,31,0.7193548387096769,0.656702176986202,0.06265266172347483,0.08709562840483055,1
24688,5,31,0.9677419354838709,0.90517755593023,0.06256437955364091,0.06464985887209562,1
37031,6,30,0.73,0.6677240117390949,0.06227598826090508,0.08530957296014395,1
22550,6,30,0.7466666666666665,0.6845250574747722,0.062141609191894265,0.08322536945342984,1
31960,3,31,1.3322580645161295,1.2701526601468363,0.06210540436929324,0.046616647347411375,1
31960,11,30,1.4666666666666666,1.4047203189134596,0.061946347753206954,0.04223614619536838,1
20891,2,28,1.6535714285714282,1.5916253226143975,0.06194610595703076,0.037462007922178436,1
22887,1,30,1.716666666666667,1.6547559507687888,0.06191071589787822,0.03606449469779313,1
30949,7,31,0.7935483870967738,0.7316689091344031,0.0618794779623707,0.07797820393632084,1
31915,1,31,1.5129032258064519,1.4510729020641697,0.061830323742282145,0.04086865748423766,1
31004,9,30,1.3599999999999999,1.298811547855536,0.06118845214446389,0.044991508929752864,1
23631,5,31,1.1096774193548384,1.0487155237505514,0.060961895604287,0.05493659196897958,1
31329,9,30,0.7000000000000001,0.6390389458338419,0.06096105416615816,0.08708722023736878,1
23711,4,30,0.9299999999999998,0.8691344779729843,0.06086552202701556,0.06544679787851138,1
23955,5,31,1.6419354838709679,1.5811519453602452,0.06078353851072271,0.0370194438866877,1
29866,11,30,1.75,1.6893835855027042,0.06061641449729582,0.0346379511413119,1
24944,6,30,0.8533333333333333,0.792800210316976,0.06053312301635727,0.07093725353479369,1
24817,5,31,1.0225806451612904,0.9622677686233674,0.060312876537923055,0.05898104645664399,1
36034,9,30,1.0999999999999999,1.039707702000936,0.06029229799906388,0.05481117999914899,1
30949,9,30,1.143333333333333,1.0831390368938445,0.06019429643948859,0.052648072687599363,1
24738,3,31,1.503225806451613,1.4431489606057444,0.0600768458458687,0.03996528371720878,1
24507,2,28,3.2357142857142853,3.1757003647940496,0.06001392092023572,0.018547348628770423,1
22641,2,28,1.3000000000000003,1.2405510476657322,0.05944895233426806,0.04572996333405234,1
23955,6,30,1.1533333333333333,1.094092222849528,0.059241110483805315,0.051365124696941024,1
31388,3,31,1.6161290322580646,1.5571647332560634,0.058964299002001175,0.03648489559006061,1
20891,11,30,1.8733333333333333,1.8148152796427408,0.058518053690592486,0.03123739520850133,1
24951,5,31,0.8516129032258066,0.7931594525614092,0.058453450664397444,0.06863852161349698,1
28064,6,30,0.7499999999999997,0.6917154693603516,0.05828453063964811,0.07771270751953085,1
31909,1,31,1.7548387096774194,1.6970578670501708,0.057780842627248585,0.03292658311479239,1
29612,3,31,0.9903225806451617,0.9326244476341431,0.05769813301101856,0.05826195841503501,1
23205,2,28,1.2499999999999996,1.1924199478966848,0.05758005210331474,0.04606404168265181,1
24951,6,30,1.0366666666666664,0.9793053436279295,0.05736132303873687,0.05533246595376548,1
24507,6,30,0.85,0.7927724679311118,0.0572275320688882,0.06732650831633906,1
24951,7,31,1.0419354838709673,0.9847206669469036,0.057214816924063716,0.054912053394612255,1
30777,7,31,0.8387096774193548,0.7817341650685957,0.05697551235075904,0.06793234164898193,1
24738,9,30,1.0599999999999998,1.0030475860089063,0.05695241399109352,0.05372869244442786,1
30393,7,31,0.8387096774193551,0.7818918228149416,0.056817854604413465,0.06774436510526219,1
30393,3,31,1.4516129032258067,1.3949320531660514,0.05668085005975532,0.03904680781894254,1
31388,5,31,0.8612903225806451,0.8046618430845197,0.05662847949612537,0.06574842188688715,1
25551,8,31,1.6419354838709674,1.5855179140644688,0.05641756980649859,0.034360405972523704,1
31909,6,30,1.2400000000000004,1.1837031237284341,0.05629687627156632,0.045400706670617984,1
24343,7,30,0.9333333333333335,0.8772993723551431,0.056033960978190356,0.0600363867623468,1
24959,7,31,1.0741935483870961,1.0181754081479963,0.05601814023909979,0.05214901944180464,1
30925,12,31,1.2741935483870968,1.218245377079133,0.0559481713079637,0.04390869140624999,1
30636,5,31,0.9645161290322581,0.9085936546325684,0.05592247439968978,0.057979822956200106,1
31329,5,31,0.8000000000000002,0.7445086981019666,0.05549130189803353,0.0693641273725419,1
20891,1,31,1.887096774193549,1.8318998952065746,0.05519687898697434,0.029249628181131693,1
24951,8,31,1.1225806451612903,1.0674537843273533,0.05512686083393703,0.049107261087702525,1
29430,4,30,0.4433333333333334,0.38836239496866853,0.05497093836466488,0.12399459781503354,1
24507,7,31,0.9709677419354834,0.9162365328881049,0.05473120904737849,0.05636769038102107,1
29231,4,30,1.2633333333333334,1.209224852323532,0.05410848100980137,0.04282993219773195,1
22583,8,31,0.7451612903225807,0.6910631579737511,0.05409813234882965,0.07259922523003112,1
31915,10,31,1.7,1.6464328693766748,0.05356713062332519,0.031510076837250114,1
31873,3,31,1.4903225806451614,1.4367768529442047,0.05354572770095678,0.03592895148765498,1
23891,7,31,0.9709677419354844,0.9175423775949786,0.05342536434050582,0.05502280048357739,1
36034,6,30,1.1800000000000002,1.126746622721354,0.0532533772786461,0.04512998074461533,1
23205,12,31,1.3322580645161295,1.2791182487241688,0.0531398157919607,0.03988702880268235,1
29612,2,28,1.7821428571428568,1.7290303885936738,0.053112468549183056,0.02980258756266785,1
31253,6,30,0.7566666666666664,0.7036362139383954,0.053030452728271005,0.07008429875982955,1
30372,3,31,2.2322580645161296,2.179229673262565,0.05302839125356451,0.023755493191625714,1
32061,9,30,1.1866666666666668,1.133682117462158,0.05298454920450868,0.0446499010150354,1
28661,4,30,0.6966666666666664,0.6441314474741617,0.0525352191925047,0.07540940553948046,1
24688,3,31,3.0548387096774197,3.002357698255969,0.052481011421450674,0.01717963415063327,1
23933,6,30,0.8866666666666665,0.8342785676320392,0.05238809903462727,0.05908432221950445,1
30252,5,31,1.0064516129032262,0.9541784101916898,0.05227320271153635,0.05193811807877007,1
29838,2,28,2.292857142857143,2.240783603702273,0.05207353915487012,0.022711200877513445,1
26258,9,30,0.49666666666666676,0.4446657562255861,0.05200091044108068,0.1046998196800282,1
28900,12,31,0.8516129032258064,0.7997256738524283,0.051887229373378085,0.06092818600661821,1
23884,3,31,1.3838709677419354,1.3320753951226512,0.05179557261928425,0.03742803615845715,1
30054,4,30,1.16,1.1082624842226503,0.05173751577734964,0.044601306704611765,1
22837,2,28,1.6214285714285712,1.5697690912655422,0.051659480163029015,0.03186047234724257,1
23891,5,31,1.3806451612903226,1.3290060024107655,0.05163915887955706,0.037402194515567026,1
23955,4,30,1.1299999999999997,1.078876791795095,0.05112320820490468,0.04524177717248203,1
23891,6,30,1.0266666666666666,0.9755667050679525,0.051099961598714105,0.049772689868877375,1
22217,2,28,1.3785714285714286,1.3276714563369751,0.05089997223445342,0.03692225965193512,1
31253,4,30,1.54,1.489101759195328,0.05089824080467209,0.03305080571731954,1
28661,10,31,0.9419354838709676,0.8910452418750332,0.05089024199593439,0.054027311708012546,1
31329,2,28,1.6607142857142863,1.6099508013044084,0.05076348440987788,0.030567259429603873,1
28698,5,31,0.7548387096774194,0.7042772016217631,0.05056150805565629,0.06698319443270705,1
25703,9,30,1.4633333333333332,1.4128007217496632,0.05053261158366995,0.03453253638975168,1
37235,1,31,0.6354838709677422,0.5852172070933928,0.050266663874349415,0.07909982640126047,1
31594,11,30,1.7133333333333334,1.6631266313791275,0.050206701954205846,0.029303522541365278,1
34861,4,30,0.52,0.46991733233133964,0.050082667668660374,0.09631282243973148,1
24959,9,30,0.9799999999999999,0.9300962448120117,0.049903755187988175,0.050922199171416514,1
28064,10,31,0.738709677419355,0.6889557077038675,0.04975396971548751,0.06735253542271234,1
30230,11,30,1.3566666666666667,1.307212339589993,0.04945432707667363,0.03645282094103707,1
26063,2,28,0.6678571428571428,0.6184764138289861,0.04938072902815671,0.07393905950740043,1
31707,2,28,1.721428571428571,1.6721692664282661,0.049259305000304954,0.028615363900592095,1
30372,9,30,0.9766666666666667,0.9276369696855543,0.04902969698111237,0.05020105492946659,1
31416,3,31,2.3258064516129036,2.2768390039282456,0.048967447684657994,0.021053965023916748,1
30521,8,31,0.9193548387096776,0.8704064092328471,0.048948429476830535,0.053242151360763025,1
20891,8,31,0.8677419354838709,0.8188347339630125,0.04890720152085837,0.05636145900173269,1
29838,10,31,1.3548387096774193,1.3061379176955068,0.04870079198191246,0.03594582265331634,1
24266,7,31,1.3580645161290321,1.3093705146543444,0.04869400147468772,0.03585544051580331,1
23921,8,31,1.1258064516129025,1.077352726844049,0.04845372476885346,0.04303912515284981,1
31416,6,30,1.5833333333333337,1.535336847305298,0.047996486028035745,0.030313570122969938,1
30252,9,30,0.9033333333333334,0.8553389676411948,0.04799436569213866,0.053130294124138736,1
31915,11,30,1.3733333333333335,1.3256131944184504,0.04772013891488314,0.03474767396714791,1
26063,5,31,0.5677419354838711,0.5201207822368991,0.047621153246972026,0.08387816765091662,1
30372,4,30,1.8033333333333337,1.7557298917571702,0.047603441576163474,0.02639747222338085,1
28224,7,27,1.348148148148148,1.3005511672408494,0.04759698090729869,0.03530545287079848,1
29698,7,31,1.0483870967741933,1.0008898519700573,0.047497244804135974,0.04530506427471433,1
31088,8,31,0.8193548387096777,0.7718652048418597,0.047489633867818015,0.05795978936623456,1
24343,9,30,1.2799999999999996,1.2326850042740503,0.04731499572594933,0.036964840410897926,1
30823,2,28,1.4428571428571426,1.3956744194030766,0.047182723454066045,0.03270089744341211,1
28722,1,31,0.9129032258064516,0.8659401747488207,0.04696305105763088,0.051443624833447256,1
31594,4,30,1.6333333333333333,1.5866584208235146,0.0466749125098187,0.028576477046827777,1
30521,7,31,0.7516129032258073,0.7052744527016919,0.04633845052411545,0.06165201571878014,1
24951,9,30,1.3299999999999998,1.2839322952429453,0.04606770475705457,0.034637371997785396,1
30949,10,31,1.2677419354838708,1.2217272361440041,0.04601469933986668,0.036296582176485175,1
24959,5,31,0.9225806451612903,0.8765863733906901,0.045994271770600226,0.049853930940161086,1
34861,11,30,0.7100000000000002,0.6640390257040659,0.045960974295934265,0.06473376661399191,1
30673,7,31,1.0516129032258066,1.0057092358989101,0.045903667326896436,0.04365072659919599,1
31168,11,30,1.65,1.6043973284959796,0.04560267150402031,0.02763798272970928,1
20891,7,31,1.2612903225806449,1.2158946252638292,0.0453956973168157,0.03599147357599199,1
31594,3,31,2.1225806451612907,2.0773859358062188,0.04519470935507197,0.02129234027366612,1
24966,5,31,0.9548387096774191,0.9096829168258176,0.04515579285160154,0.04729153981079892,1
23921,6,30,0.7666666666666667,0.7218246587117513,0.04484200795491544,0.05848957559336796,1
36034,8,31,0.8870967741935485,0.8422989876039568,0.04479778658959166,0.05049932306463059,1
24959,3,31,2.3677419354838714,2.322978558078889,0.044763377404982485,0.01890551361790813,1
31168,12,31,1.8451612903225802,1.8004183615407634,0.04474292878181685,0.024248790074061582,1
35121,6,30,0.876666666666667,0.8320151201883951,0.044651546478271964,0.050933322979017426,1
23724,8,31,0.703225806451613,0.658778138314524,0.044447668137089,0.06320539964448435,1
28138,12,31,2.6741935483870964,2.629997705259631,0.044195843127465384,0.016526792966844717,1
30393,2,28,1.2642857142857145,1.220231969015939,0.044053745269775346,0.0348447702698788,1
29231,6,30,1.2699999999999998,1.2259710756937665,0.044028924306233286,0.03466844433561676,1
37235,2,28,0.85,0.8061693705285766,0.043830629471423355,0.05156544643696866,1
30673,3,31,2.132258064516128,2.0885856175614936,0.04367244695463457,0.020481782989314253,1
29263,8,31,0.8354838709677421,0.7918691450549712,0.043614725912770935,0.052202953795208444,1
30965,3,31,1.7935483870967746,1.749951345401425,0.0435970416953495,0.0243077031035222,1
24908,8,31,0.9258064516129035,0.8825076195501513,0.0432988320627522,0.04676877330819923,1
31088,9,30,0.9366666666666662,0.8933829045295715,0.04328376213709473,0.04621042221042144,1
30521,5,31,1.670967741935484,1.6277658962434336,0.04320184569205043,0.025854386418022457,1
21946,9,30,0.8999999999999999,0.8568465306423605,0.04315346935763942,0.047948299286266025,1
21982,2,28,1.2464285714285712,1.2034720420837404,0.04295652934483085,0.03446369116490728,1
32061,5,31,1.1290322580645162,1.0861093368741772,0.042922921190339025,0.038017444482871705,1
28900,1,31,0.8225806451612903,0.7798222664863834,0.04275837867490684,0.05198077407537695,1
30965,8,31,0.8870967741935482,0.844576386482485,0.042520387711063146,0.04793207341974392,1
33008,5,31,0.49999999999999994,0.4575093576985021,0.04249064230149785,0.08498128460299571,1
31369,9,30,1.8700000000000006,1.8277577368418378,0.04224226315816271,0.022589445539124436,1
30965,9,30,1.2100000000000002,1.1678326177597045,0.0421673822402957,0.03484907623164934,1
34172,10,31,0.8193548387096774,0.7775809364934122,0.0417739022162652,0.050983896405678006,1
32061,4,30,1.4433333333333331,1.4016134337491046,0.041719899584228504,0.02890524220616294,1
29282,5,31,1.1903225806451612,1.1487497175893473,0.04157286305581387,0.03492571151030434,1
31707,9,30,0.973333333333333,0.9317700386047363,0.04156329472859677,0.04270201513211998,1
31004,3,31,1.6645161290322579,1.6229578979553716,0.041558231076886276,0.02496715432913711,1
29430,1,31,0.8774193548387098,0.8359596313968781,0.041459723441831686,0.04725189068738169,1
23205,9,30,0.5266666666666666,0.4852639198303224,0.041402746836344206,0.07861281044875483,1
28440,10,31,0.7032258064516129,0.6619587955936309,0.04126701085798201,0.058682446632910196,1
23884,8,31,0.9,0.8588938374673168,0.04110616253268318,0.04567351392520353,1
24738,8,31,1.0225806451612902,0.9817342019850206,0.04084644317626962,0.03994447124493244,1
30636,10,31,1.2129032258064516,1.1720760167606414,0.040827209045810164,0.0336607308622371,1
23631,8,31,1.0419354838709676,1.0011102091881536,0.04082527468281394,0.03918215217236013,1
22641,7,31,0.7935483870967742,0.7533691836941625,0.04017920340261172,0.05063232949109606,1
31915,12,31,1.9612903225806453,1.921285710796233,0.04000461178441239,0.020397088245341845,1
27459,10,31,0.964516129032258,0.9246536252960083,0.03986250373624978,0.041329017251630205,1
32411,3,31,1.8967741935483868,1.8570508001312134,0.03972339341717346,0.020942605372999617,1
31369,7,31,1.0774193548387097,1.0377006899925971,0.03971866484611253,0.036864629048787075,1
30636,2,28,3.103571428571429,3.064091522353036,0.03947990621839326,0.012720798321231427,1
30777,5,31,1.1516129032258065,1.112169022713938,0.03944388051186842,0.0342509886797737,1
31416,2,28,2.1,2.060712494168963,0.039287505831036906,0.018708336110017574,1
23324,6,30,0.9133333333333333,0.8741661163171134,0.039167217016219946,0.04288381425133571,1
24266,9,30,1.5766666666666667,1.5375473364194234,0.039119330247243234,0.024811414533135245,1
23711,3,31,0.9032258064516132,0.8646807862866308,0.0385450201649824,0.042674843754087644,1
27823,11,30,0.7899999999999997,0.7515858304500578,0.03841416954994192,0.04862553107587587,1
31707,10,31,1.5935483870967742,1.5551678374890356,0.03838054960773851,0.024084960280159797,1
30636,4,30,1.3066666666666669,1.268295175433159,0.038371491233507804,0.029365937168500864,1
31873,9,30,1.1133333333333333,1.075000915527344,0.038332417805989394,0.03443031539460125,1
30925,9,30,0.8699999999999998,0.8318120781580607,0.03818792184193909,0.043894163036711606,1
22887,7,31,0.6677419354838714,0.6297910567252869,0.037950878758584494,0.056834649348604764,1
30949,1,31,1.9870967741935481,1.949444813882151,0.03765196031139717,0.01894822678008624,1
31510,3,31,1.7322580645161287,1.6947258301439785,0.03753223437215025,0.021666652989509462,1
31532,9,30,1.0166666666666666,0.9792471281687419,0.037419538497924676,0.03680610344058165,1
37031,9,30,0.606666666666667,0.5693061574300131,0.037360509236653905,0.06158325698349541,1
30758,5,31,0.703225806451613,0.6659787208803241,0.037247085571288974,0.052966039115135685,1
31915,8,31,0.5451612903225811,0.508130350420552,0.0370309399020291,0.06792657615165096,1
37235,11,30,0.5099999999999999,0.4732173361380895,0.036782663861910425,0.07212287031747143,1
34824,9,30,0.6766666666666665,0.6400256792704262,0.03664098739624033,0.05414924245749804,1
28434,5,31,1.138709677419355,1.102326593091411,0.036383084327944015,0.031951150542953666,1
28661,9,30,0.8000000000000002,0.7636660591761272,0.03633394082387298,0.04541742602984122,1
28722,11,30,0.73,0.6936987227201461,0.03630127727985388,0.049727777095690255,1
23205,10,31,0.7645161290322581,0.7290327598971704,0.03548336913508765,0.04641284570412309,1
28434,4,30,0.7999999999999999,0.764567182858785,0.035432817141214934,0.044291021426518674,1
30393,12,31,1.6645161290322574,1.629159970437327,0.035356158594930465,0.021241103031838078,1
31594,6,30,0.7933333333333336,0.7580339686075848,0.035299364725748794,0.04449499755346485,1
22217,1,31,1.4096774193548387,1.3746012718446798,0.03507614751015886,0.024882392970593244,1
22550,5,31,0.7838709677419357,0.7488107919692992,0.035060175772636426,0.04472697320789008,1
30230,5,31,0.8741935483870966,0.8394380815567509,0.034755466830345694,0.039757176078993234,1
25703,4,30,2.186666666666666,2.1519224903980883,0.03474417626857784,0.015889105000874017,1
31960,5,31,1.135483870967742,1.1007806193444039,0.034703251623338094,0.030562522736462525,1
30636,1,30,2.666666666666666,2.6320504506429026,0.034616216023763524,0.012981081008911325,1
28275,11,30,1.1166666666666667,1.0820773633817835,0.03458930328488319,0.03097549547899987,1
22602,2,28,1.0464285714285715,1.0119187448705944,0.034509826557977075,0.03297867384380061,1
28064,5,31,1.0419354838709678,1.0077462473223289,0.034189236548638924,0.03281319916432838,1
31915,5,31,0.8483870967741934,0.8141979217529298,0.03418917502126362,0.04029902759160351,1
30054,8,31,0.6580645161290325,0.6238990291472404,0.034165486981792115,0.051918141982135055,1
30949,8,31,0.7419354838709676,0.7079190284975112,0.03401645537345643,0.045848265938136935,1
24944,8,31,0.8870967741935484,0.8533370540988061,0.03375972009474226,0.03805641174316401,1
24738,7,31,1.1096774193548384,1.0760416400048036,0.03363577935003481,0.03031131278636859,1
28138,3,26,0.8692307692307693,0.8356854042181602,0.033545365012609074,0.03859201284636442,1
27333,8,31,1.3677419354838711,1.334750157017861,0.03299177846601009,0.02412134746335643,1
28493,10,31,0.6161290322580646,0.5834547561983908,0.03267427605967377,0.05303154753140768,1
23933,3,31,1.0032258064516126,0.9706177343283929,0.0326080721232197,0.032503223016714176,1
34391,1,31,1.5451612903225806,1.512597213829717,0.032564076492863636,0.02107487205174891,1
30372,10,31,1.2225806451612906,1.1901333402481769,0.03244730491311376,0.02654001193420914,1
29263,5,31,1.3225806451612905,1.2901787419472968,0.03240190321399372,0.024498999991068422,1
23921,3,31,1.267741935483871,1.2355592717566797,0.03218266372719136,0.025385816171575884,1
24908,5,31,1.2516129032258065,1.2196119705124968,0.03200093271330973,0.025567755518366018,1
31168,3,31,1.4612903225806453,1.42944455271767,0.03184576986297527,0.02179291094375791,1
31510,12,31,1.1483870967741943,1.1166120283065302,0.03177506846766409,0.02766930119375242,1
23891,8,31,1.0225806451612904,0.9909337382162772,0.031646906945013265,0.030948079346858393,1
29570,5,31,0.9387096774193548,0.907067677282518,0.03164200013683682,0.03370797265436225,1
29570,6,30,0.8400000000000002,0.808380349477132,0.03161965052286819,0.0376424410986526,1
23472,8,31,1.1709677419354838,1.1395676305217126,0.03140011141377119,0.026815522143991927,1
30823,7,31,0.5612903225806449,0.5298954502228764,0.0313948723577685,0.05593339328108183,1
32098,12,31,2.532258064516129,2.501153682893322,0.031104381622807153,0.012283258984802824,1
32389,12,31,1.7838709677419355,1.7528220224284357,0.031048945313499887,0.01740537621552435,1
28493,8,31,1.0548387096774197,1.0241330485190114,0.030705661158408226,0.02910934238258883,1
31960,10,31,1.7,1.6695073866075083,0.030492613392491652,0.01793683140734803,1
30521,11,30,1.2966666666666669,1.2661833031972252,0.030483363469441693,0.023509020670520582,1
31253,11,30,1.6366666666666665,1.6064052780469258,0.030261388619740703,0.018489646814505524,1
25563,3,31,3.809677419354838,3.7794462665434803,0.03023115281135791,0.00793535763888311,1
30925,1,31,1.3451612903225811,1.315021539503528,0.03013975081905307,0.022406049769559826,1
28493,12,31,1.1258064516129034,1.095870340639545,0.029936110973358465,0.02659081490470236,1
29698,10,31,1.3290322580645162,1.2991053451573658,0.029926912907150438,0.02251782281848698,1
30949,3,31,1.3322580645161293,1.3024603003455746,0.029797764170554686,0.02236636051542845,1
29612,6,30,0.8566666666666667,0.8268922996520994,0.02977436701456726,0.034756070445020146,1
30673,8,31,1.0870967741935484,1.0577178155222247,0.029378958671323785,0.02702515486086164,1
23933,12,31,1.5161290322580643,1.486902356532312,0.029226675725752216,0.01927716909570891,1
30054,3,31,1.2838709677419358,1.2546731054782871,0.029197862263648622,0.022742053521937363,1
31329,10,31,0.8,0.7708279020363283,0.029172097963671706,0.03646512245458963,1
23884,9,30,0.6033333333333334,0.574214647610982,0.029118685722351434,0.04826301500942226,1
23955,9,30,0.6666666666666666,0.6376251832644145,0.0290414834022521,0.04356222510337815,1
34824,6,30,0.7400000000000002,0.7110384114583332,0.02896158854166697,0.03913728181306347,1
29612,12,31,1.5096774193548386,1.4807268442646149,0.028950575090223696,0.01917666298711399,1
32098,9,30,1.2266666666666668,1.1979274559020998,0.02873921076456698,0.023428704427636123,1
26258,12,31,1.474193548387097,1.4455702799702845,0.028623268416812397,0.019416221464358518,1
29612,4,30,0.7733333333333332,0.7447587652007741,0.028574568132559097,0.03694987258520573,1
30521,1,31,1.7000000000000004,1.6714467202463454,0.02855327975365496,0.01679604691391468,1
31510,5,31,0.8548387096774192,0.8263952132194272,0.028443496457991935,0.03327352415840567,1
31532,6,30,0.9866666666666669,0.9582296625773113,0.028437004089355566,0.028821287928400906,1
32165,9,30,0.49333333333333307,0.46503082911173504,0.028302504221598024,0.057369940989725754,1
29838,4,30,1.3766666666666665,1.3486884125073753,0.027978254159291227,0.020323187040647384,1
31510,4,30,1.2133333333333336,1.1854456381003062,0.027887695233027365,0.022984364203044526,1
32411,12,31,1.9806451612903222,1.952816746984759,0.027828414305563154,0.01405017660378596,1
23724,1,31,2.2483870967741932,2.2205903207102127,0.027796776063980566,0.01236298504997701,1
22583,1,31,1.4741935483870967,1.4465506092194584,0.02764293916763827,0.018751227881767755,1
30636,11,30,1.343333333333333,1.3157482358316577,0.02758509750167537,0.020534812035986633,1
29430,12,31,0.8709677419354838,0.8435169335334531,0.027450808402030624,0.03151759483196109,1
23631,10,31,0.8483870967741935,0.8210154587222683,0.027371638051925218,0.032263147513676114,1
23921,12,31,2.919354838709677,2.891989654879416,0.027365183830260875,0.009373709378321406,1
24966,3,28,2.982142857142857,2.954803463390895,0.02733939375196215,0.009167700898861559,1
26063,11,30,0.42,0.39272989471753444,0.02727010528246554,0.06492882210110842,1
24966,7,31,1.2709677419354843,1.2438730178340789,0.027094724101405454,0.02131818393765403,1
23324,2,28,1.7535714285714288,1.7267945017133441,0.026776926858084638,0.015269937923143987,1
23724,7,31,0.625806451612903,0.5990368689260174,0.026769582686885673,0.04277613728316784,1
27459,3,31,1.2838709677419355,1.2571606611051866,0.026710306636748893,0.020804510194452654,1
29430,2,28,0.7249999999999995,0.6985368499266247,0.026463150073374853,0.03650089665293085,1
23933,8,31,0.7161290322580643,0.68969547517838,0.02643355707968431,0.03691172385000963,1
23921,7,31,0.967741935483871,0.9413153617612776,0.026426573722593383,0.027307459513346496,1
28722,12,31,0.9580645161290322,0.9316524801715727,0.026412035957459556,0.027568118339435902,1
32389,7,31,0.5161290322580647,0.48972887223766715,0.02640016002039758,0.05115031003952029,1
29231,10,31,1.0290322580645164,1.0026809373209553,0.026351320743561057,0.025607866553303844,1
32098,4,30,1.0066666666666666,0.9805101984242598,0.026156468242406805,0.02598324659841736,1
31369,10,31,1.3451612903225807,1.3190860872066787,0.026075203115901946,0.019384443563380344,1
22641,8,31,0.7451612903225809,0.7191920864966608,0.025969203825920162,0.034850446692793274,1
34861,12,31,0.6096774193548387,0.5838490199297666,0.02582839942507209,0.04236404138503888,1
30230,3,31,1.6935483870967742,1.6679489270333323,0.025599460063441937,0.015115871656508571,1
36034,10,31,1.0903225806451615,1.0647540717355664,0.025568508909595167,0.023450407579806213,1
25563,9,30,1.4266666666666667,1.401107342243194,0.02555932442347264,0.017915414315518206,1
28275,6,30,0.7533333333333336,0.7278729629516602,0.02546037038167348,0.033796951834079825,1
31088,4,30,1.0433333333333334,1.0180677602284898,0.025265573104843675,0.024216204253843774,1
30965,11,30,1.7533333333333334,1.7280683867136633,0.02526494661967016,0.01440966537243545,1
31416,11,30,2.1533333333333338,2.128150192896525,0.025183140436808582,0.011694956859199029,1
24966,6,30,1.1466666666666663,1.1215472602844236,0.025119406382242637,0.021906459054281378,1
24959,8,31,0.9870967741935482,0.9620630541155414,0.02503372007800686,0.025360958248961202,1
24507,4,30,1.9433333333333331,1.9183002132177356,0.02503312011559755,0.012881536937700284,1
31253,1,31,1.3612903225806439,1.3366786587622852,0.024611663818358664,0.0180796582551924,1
28275,3,31,1.1709677419354838,1.1464554286772206,0.024512313258263196,0.02093338046848923,1
31416,9,30,1.4600000000000002,1.435548830032349,0.024451169967651287,0.016747376690172112,1
22583,10,31,0.5870967741935482,0.5626745286247422,0.02442224556880601,0.04159833036444981,1
31329,3,31,1.1419354838709677,1.1175927483266401,0.02434273554432753,0.0213170847987049,1
30777,1,31,1.3806451612903232,1.3566850908340944,0.023960070456228832,0.017354256638857323,1
24951,11,30,1.5733333333333335,1.5494522343079251,0.02388109902540836,0.015178664634793447,1
23884,2,28,2.142857142857143,2.1190328087125505,0.023824334144592285,0.011118022600809734,1
31004,8,31,0.761290322580645,0.737728075827322,0.02356224675332297,0.030950408870890348,1
30777,8,31,0.6870967741935484,0.663648396153604,0.023448378039944373,0.034126747382078666,1
25551,5,31,0.825806451612903,0.802478273837797,0.023328177775105985,0.02824896527454241,1
31004,5,31,0.8935483870967742,0.8703747999764256,0.02317358712034856,0.02593433937656337,1
30965,10,31,1.4096774193548387,1.3865915100180335,0.02308590933680521,0.01637673202382063,1
32061,7,31,0.7161290322580643,0.6931312007288779,0.02299783152918644,0.03211408907228738,1
31168,8,31,0.8677419354838707,0.8447710037231448,0.022970931760725843,0.026472077493773286,1
31873,11,30,1.4566666666666668,1.4337944037218884,0.0228722629447784,0.015701782341953133,1
27823,3,31,0.7967741935483871,0.7739472595914718,0.022826933956915263,0.028649188366978672,1
31388,2,28,1.6178571428571433,1.595074936321804,0.022782206535339355,0.014081717063785911,1
31915,3,31,1.5064516129032257,1.4837010482145891,0.022750564688636565,0.015102087908945044,1
23884,7,31,1.0483870967741937,1.025661794600948,0.022725302173245643,0.021676442072941993,1
28900,6,30,0.5166666666666672,0.49402440388997443,0.022642262776692734,0.04382373440650202,1
31915,6,30,0.4933333333333335,0.470736401875814,0.02259693145751951,0.045804590792269256,1
23205,11,30,1.7966666666666664,1.7741966648896532,0.022470001777013193,0.012506494495554655,1
34163,3,30,0.8233333333333335,0.8008696700632572,0.022463663270076317,0.02728380154260281,1
22602,12,31,1.0354838709677414,1.0131429998624706,0.022340871105270832,0.021575296082971842,1
34391,2,28,1.0035714285714286,0.9816797601990401,0.02189166837238843,0.021813762079248258,1
23205,4,30,1.0633333333333332,1.041530933181445,0.02180240015188817,0.020503824594252196,1
22550,11,30,0.7733333333333333,0.7516630708612503,0.021670262472083035,0.02802189112769358,1
28224,11,30,0.8966666666666667,0.8750958226124443,0.021570844054222382,0.024056703406195964,1
23724,3,31,0.8580645161290321,0.8366106564960173,0.021453859633014827,0.025002618369303,1
22887,4,30,0.7300000000000001,0.7085814843575159,0.021418515642484204,0.029340432386964658,1
30521,4,30,1.1699999999999997,1.1486767426381508,0.021323257361848924,0.01822500629217857,1
25703,11,30,2.9133333333333336,2.8921566804250083,0.021176652908325266,0.007268873995992654,1
28224,10,31,0.8451612903225805,0.8240196687559928,0.02114162156658772,0.025014895746725933,1
30252,8,31,0.7161290322580647,0.6950011345647998,0.02112789769326484,0.029502920202306753,1
22113,6,30,0.5700000000000001,0.5489735253651936,0.021026474634806447,0.0368885519908885,1
31253,12,3,1.733333333333335,1.7128210067749035,0.020512326558431493,0.011834034552941235,0
30372,11,30,2.396666666666667,2.376404676437377,0.02026199022928976,0.008454237925990163,1
28698,3,31,1.1903225806451612,1.170071359603636,0.020251221041525103,0.017013220929194533,1
31960,2,28,1.7500000000000004,1.729894124184336,0.020105875815664476,0.011489071894665411,1
22887,11,30,1.0500000000000003,1.0299341169993081,0.02006588300069212,0.01911036476256392,1
31532,3,31,1.8580645161290323,1.8380885555859536,0.019975960543078708,0.010750950986726387,1
30925,7,31,0.7935483870967743,0.7736657296457599,0.019882657451014474,0.025055381340709292,1
32061,1,30,2.113333333333333,2.093615016937256,0.019718316396077018,0.009330433625903954,1
31369,11,30,1.4699999999999998,1.4504881058136623,0.019511894186337475,0.013273397405671754,1
30758,3,31,1.1870967741935485,1.167669999407184,0.019426774786364565,0.016364946151557105,1
22583,3,31,1.0709677419354837,1.0516315325613945,0.019336209374089197,0.01805489429508329,1
30710,3,31,1.12258064516129,1.1035550394846547,0.01902560567663536,0.01694809701079587,1
30054,6,30,0.5833333333333329,0.5643187268575031,0.019014606475829865,0.032596468244279794,1
30054,5,31,0.6806451612903228,0.661636099748073,0.019009061542249794,0.02792800510946651,1
31915,9,30,1.0633333333333332,1.0443553924560547,0.018977940877278554,0.017847593301515884,1
32165,5,31,0.7677419354838709,0.7490964120434178,0.018645523440453116,0.024286185993867504,1
30393,5,31,0.7838709677419355,0.7652768461934981,0.018594121548437426,0.02372089580253334,1
24641,4,30,1.1133333333333335,1.0947484850883484,0.018584848244985075,0.016692977465555453,1
23955,7,31,0.9935483870967742,0.9751739994172125,0.018374387679561677,0.018493701885273117,1
27648,1,31,0.8677419354838708,0.8494229186446435,0.01831901683922732,0.02111113464743669,1
24266,8,31,1.5354838709677423,1.5172889494126844,0.018194921555057864,0.01184963378585701,1
30393,4,30,1.6566666666666665,1.6385858062903085,0.018080860376358032,0.010914000227177888,1
28440,4,30,0.6600000000000001,0.6419572684913875,0.018042731508612686,0.027337471982746487,1
31873,6,30,0.7066666666666669,0.6888114420572917,0.017855224609375164,0.025266827277417678,1
27612,3,31,0.396774193548387,0.3789449999409338,0.01782919360745322,0.04493536600252439,1
23804,2,28,0.671428571428571,0.653775199822017,0.017653371606554003,0.02629225558422938,1
22837,3,31,1.4161290322580646,1.3986401986691264,0.01748883358893827,0.012349745814512215,1
28224,5,31,1.0548387096774199,1.0374901648490664,0.017348544828353463,0.016446632711894713,1
36034,7,31,1.0032258064516133,0.9859822611654961,0.017243545286117157,0.017188099802882047,1
34123,1,31,0.5000000000000001,0.48290179383550447,0.017098206164495644,0.03419641232899128,1
29231,9,30,0.8300000000000002,0.8131335687637331,0.016866431236267077,0.0203210014894784,1
30521,10,31,1.4935483870967745,1.4767005395504733,0.016847847546301198,0.011280416283700584,1
22550,10,31,0.40322580645161266,0.3865449232439841,0.01668088320762856,0.041368590354918855,1
28493,7,31,0.7516129032258064,0.7353402722266413,0.016272630999165094,0.021650281586872013,1
31168,5,31,0.6258064516129032,0.6098340191517867,0.01597243246111646,0.025522959087351044,1
29838,1,31,2.106451612903226,2.090549278259277,0.015902334643948635,0.007549347227601955,1
27823,1,31,0.738709677419355,0.7228867484917565,0.015822928927598512,0.021419685447840776,1
29866,9,30,1.6833333333333333,1.6676080624262493,0.015725270907084088,0.00934174509331728,1
32098,5,31,0.9,0.8843673408031462,0.01563265919685386,0.01736962132983762,1
29282,4,30,1.2599999999999996,1.2443893561015529,0.015610643898446686,0.012389399919402135,1
32411,6,30,0.6566666666666665,0.6410647757848105,0.01560189088185604,0.023759224693181792,1
28661,3,31,0.7483870967741935,0.7328012486138651,0.015585848160328375,0.02082591780043878,1
30925,6,30,0.9500000000000001,0.9344799391428631,0.015520060857136975,0.016336906165407342,1
23891,10,31,0.9354838709677422,0.9199766876236086,0.01550718334413359,0.016576644264418662,1
21982,6,30,1.0333333333333332,1.0179842132826646,0.015349120050668574,0.0148539871458083,1
30823,5,31,0.770967741935484,0.755662791959701,0.015304949975783022,0.019851608755199732,1
23933,4,30,0.6599999999999999,0.6448789513111117,0.015121048688888195,0.02291067983164878,1
31388,7,31,0.9516129032258065,0.9365434338969573,0.015069469328849228,0.01583571353201105,1
34824,10,31,0.6516129032258062,0.6366641598363074,0.014948743389498809,0.022941140845270457,1
24343,5,30,0.7333333333333332,0.7185299022992452,0.014803431034087988,0.02018649686466544,1
28493,4,30,0.9599999999999996,0.9453951474030813,0.01460485259691835,0.015213388121789953,1
31369,8,31,0.6677419354838712,0.6531514506186208,0.014590484865250386,0.02185048458080975,1
32165,4,30,0.7766666666666666,0.7622973287726442,0.014369337894022394,0.018501293425779906,1
23804,8,31,0.47419354838709693,0.4598401961788056,0.014353352208291315,0.03026897404469596,1
22550,9,30,0.4866666666666666,0.4723857164382936,0.014280950228373002,0.029344418277478777,1
22583,11,30,0.8866666666666668,0.8723863835136095,0.014280283153057294,0.01610558250344807,1
24944,4,30,1.5233333333333332,1.509058514734109,0.014274818599224304,0.00937077807388904,1
29231,3,31,0.9999999999999999,0.9858873908558199,0.01411260914418,0.014112609144180001,1
32389,10,31,0.532258064516129,0.5181614531624701,0.014096611353658917,0.026484542543237965,1
23472,10,31,0.8806451612903227,0.8666331276537911,0.014012033636531585,0.015911100466391177,1
29698,3,31,2.203225806451613,2.1892631513457146,0.013962655105898225,0.006337369081740044,1
32061,10,31,1.1677419354838707,1.153834551380527,0.01390738410334369,0.011909638320542941,1
27199,7,31,0.6129032258064521,0.5989972083799302,0.013906017426521866,0.02268876527485145,1
31004,6,30,1.0333333333333334,1.019456729888916,0.013876603444417546,0.013428971075242786,1
29430,10,31,0.5774193548387099,0.5635567260846017,0.013862628754108153,0.024007904546220815,1
30949,2,28,2.0785714285714287,2.064736080169678,0.013835348401750824,0.006656181361667062,1
30758,4,30,0.7533333333333334,0.7398439324150483,0.0134894009182851,0.017906284404803227,1
29231,2,28,2.4357142857142855,2.422225342478071,0.013488943236214634,0.005537982560322724,1
37235,12,31,0.9032258064516128,0.8898992820132163,0.013326524438396437,0.014754366342510343,1
30252,4,30,1.9166666666666672,1.9035028637448947,0.013163802921772438,0.0068680710896204,1
34861,10,31,0.5258064516129034,0.5126772290275944,0.01312922258530902,0.024969687125434323,1
23804,10,31,0.5967741935483872,0.5837979325363714,0.012976261012015877,0.021744004939053627,1
27199,3,31,1.096774193548387,1.0839140365200657,0.012860157028321328,0.011725437290528272,1
28275,7,31,0.7677419354838712,0.7549351107689644,0.012806824714906795,0.016681158242105486,1
27823,2,28,1.1857142857142855,1.17298143985016,0.012732845864125597,0.01073854470468424,1
23921,5,31,0.835483870967742,0.8227521173415646,0.0127317536261774,0.015238778471486462,1
28064,4,30,0.85,0.837280821800232,0.012719178199767978,0.014963739058550562,1
26258,8,31,0.4225806451612903,0.40990374165196547,0.012676903509324822,0.029998779296875534,1
27199,4,30,0.6533333333333332,0.6406659762064614,0.012667357126871837,0.019388811928885467,1
31909,4,30,1.6866666666666665,1.674137317339579,0.012529349327087491,0.007428467980486656,1
28493,11,30,1.0266666666666666,1.0143482552965482,0.012318411370118465,0.011998452633232272,1
32098,3,31,2.103225806451613,2.0911071691301566,0.012118637321456571,0.005761928787809106,1
31416,10,31,1.2354838709677416,1.2234804976371028,0.012003373330638833,0.009715524105739006,1
31909,12,31,1.7677419354838713,1.7558067089126954,0.01193522657117585,0.0067516792647162645,1
28722,2,28,0.625,0.6130981271820409,0.01190187281795907,0.019042996508734512,1
28434,3,31,1.5161290322580643,1.5042858547741367,0.011843177483927603,0.0078114574893990586,1
23631,6,30,0.9400000000000002,0.9285185337066652,0.011481466293335019,0.012214325843973422,1
32389,11,30,1.4066666666666667,1.395295336594184,0.0113713300724827,0.00808388393778391,1
30372,5,31,0.7580645161290323,0.7467310963138458,0.01133341981518643,0.014950468692373589,1
23324,11,30,1.6066666666666662,1.5953624518712362,0.01130421479543009,0.007035818337404622,1
29430,6,30,0.6666666666666664,0.6555765914916993,0.011090075174967073,0.016635112762450617,1
22837,5,31,1.4322580645161294,1.421301999399739,0.010956065116390468,0.007649504923605955,1
23891,12,31,1.716129032258064,1.7051975927045269,0.010931439553537148,0.006369823799993453,1
24266,4,30,2.4533333333333327,2.442661704818408,0.010671628514924869,0.004349848579453073,1
28275,9,30,0.7400000000000002,0.7293576288223266,0.010642371177673637,0.014381582672531939,1
30965,2,28,2.9142857142857146,2.903752292905535,0.010533421380179764,0.003614409297120507,1
33008,7,31,0.6645161290322582,0.6540709710890248,0.010445157943233419,0.015718441565059995,1
22802,12,31,0.5387096774193547,0.52827965530657,0.010430022112784765,0.019361118891995675,1
24343,10,31,1.067741935483871,1.0575970995810724,0.010144835902798688,0.009501205830415688,1
30925,11,30,1.3166666666666667,1.3065630680322646,0.010103598634402022,0.007673619216001536,1
23955,10,31,1.0935483870967742,1.0834740523489252,0.010074334747848912,0.00921251850098278,1
24266,6,30,1.4466666666666668,1.436645723978678,0.010020942687988699,0.006926918908747948,1
31004,4,30,2.093333333333333,2.0833200678229336,0.010013265510399272,0.004783407090955067,1
30521,3,31,1.5,1.490088032330236,0.009911967669764099,0.006607978446509399,1
31253,5,31,1.0999999999999999,1.0901142781780617,0.009885721821938143,0.008987019838125585,1
36034,3,31,1.690322580645161,1.680446601562923,0.009875979082238029,0.0058426593807133385,1
23205,8,31,0.4903225806451614,0.4805043343574769,0.009818246287684462,0.02002405492883015,1
31004,11,30,1.2366666666666668,1.226864446004232,0.009802220662434857,0.00792632398579638,1
37031,1,31,0.6870967741935484,0.6773883265833701,0.009708447610178306,0.014129665535940257,1
30636,9,30,1.283333333333333,1.273635320663452,0.009698012669880907,0.007556892989517592,1
30393,11,30,1.573333333333333,1.563840627670288,0.009492705663044942,0.006033499362104838,1
30372,8,31,0.7451612903225806,0.7357184379331525,0.009442852389428102,0.012672226150314771,1
29282,11,30,1.3266666666666667,1.317237382022043,0.009429284644623559,0.007107500988409718,1
34880,1,31,0.6483870967741935,0.6390238797412283,0.009363217032965165,0.014440782488652744,1
22550,3,31,1.058064516129032,1.048733690573323,0.009330825555708966,0.008818768055700548,1
32098,11,30,1.736666666666667,1.7273545542359352,0.009312112430731823,0.005362060900613332,1
31388,4,30,0.8466666666666668,0.8373995420833429,0.009267124583323905,0.010945422736209335,1
29231,1,31,1.8935483870967742,1.8848886305286034,0.008659756568170751,0.004573295632253719,1
23921,1,30,2.253333333333333,2.244732599258423,0.008600734074910132,0.0038168938202263907,1
24641,5,31,1.0064516129032257,0.9983611452964044,0.008090467606821306,0.008038605634982708,1
30230,8,31,0.5806451612903227,0.5725733172508979,0.008071844039424847,0.013901509179009454,1
31369,3,31,2.0290322580645164,2.021143393747268,0.007888864317248334,0.0038879935426820085,1
34123,3,31,0.6419354838709679,0.6343808566370318,0.007554627233936073,0.011768514786533579,1
30777,3,31,1.532258064516129,1.5247442026292124,0.007513861886916606,0.004903783547250838,1
32165,10,31,0.8322580645161292,0.8249967113617929,0.007261353154336292,0.008724881697070737,1
27648,2,28,1.6392857142857136,1.6320700504950112,0.007215663790702376,0.004401712116332606,1
31088,10,31,0.8064516129032256,0.7994326556882551,0.007018957214970589,0.008703506946563532,1
22583,7,31,0.7064516129032258,0.6994763220510175,0.006975290852208271,0.009873699379838192,1
34163,2,21,1.2571428571428573,1.2501856309317407,0.006957226211116607,0.0055341572133882095,1
27333,11,30,0.6733333333333333,0.666419886847337,0.006913446485996344,0.010267494781182688,1
24688,7,31,1.5967741935483868,1.589963577639672,0.006810615908714679,0.004265234205457678,1
27648,11,30,0.8999999999999999,0.8934551018476485,0.006544898152351375,0.007272109058168195,1
34824,1,31,0.7225806451612904,0.7160505725491432,0.00653007261214722,0.00903715406145374,1
25551,7,31,1.3645161290322583,1.3580376901934228,0.006478438838835476,0.004747792056829781,1
28138,6,2,0.9000000000000012,0.8936246871948246,0.006375312805176669,0.007083680894640734,0
29570,10,31,1.167741935483871,1.1614714641724864,0.0062704713113845845,0.005369740625771329,1
28493,2,28,1.5035714285714286,1.4973289029938834,0.006242525577545122,0.004151798483877991,1
25551,9,30,1.3900000000000001,1.3839625167349974,0.006037483265002752,0.00434351314028975,1
23921,11,30,1.9433333333333336,1.9374372524023056,0.005896080931028003,0.003034003909619898,1
27199,8,31,0.6645161290322581,0.658695307085591,0.00582082194666711,0.008759489337217494,1
31510,8,31,0.6161290322580647,0.6103085794756494,0.005820452782415275,0.009446808180883427,1
29612,10,31,0.8096774193548387,0.8039233992176671,0.005754020137171634,0.007106558735152217,1
30673,6,30,0.7566666666666669,0.7509611701965332,0.005705496470133742,0.007540303705022564,1
31707,11,30,1.3566666666666662,1.350966596206029,0.005700070460637141,0.004201526138061776,1
23418,8,31,0.703225806451613,0.6975372037579937,0.005688602693619371,0.00808929740835782,1
23418,1,30,2.2333333333333334,2.22788641611735,0.005446917215983227,0.0024389181564104,1
23804,5,31,0.7838709677419354,0.7784417767678539,0.005429190974081566,0.006926128403149323,1
28138,4,27,0.7222222222222222,0.7168706135617361,0.005351608660486118,0.00740991968375001,1
25551,4,30,2.2333333333333334,2.228048096895218,0.005285236438115515,0.0023665237782606783,1
29698,8,31,0.7064516129032259,0.7011966951431767,0.00525491776004916,0.007438468062170044,1
30777,10,31,1.1322580645161289,1.1272268254910744,0.005031239025054424,0.004443544438082255,1
32061,8,31,0.6677419354838711,0.6627378156108241,0.005004119873046942,0.00749409256350025,1
27199,2,28,0.914285714285714,0.9093534486634389,0.0049322656222751116,0.005394665524363405,1
23884,5,31,1.1645161290322579,1.1597420123315625,0.0047741167006953855,0.004099657000597146,1
31369,2,28,1.589285714285714,1.5846435649054393,0.004642149380274629,0.0029209029808469583,1
32411,4,30,1.353333333333333,1.3487110926707588,0.004622240662574217,0.0034154487654489297,1
24908,3,31,2.519354838709678,2.5147472035500313,0.004607635159646684,0.0018288948777086705,1
31594,2,28,2.3857142857142857,2.3811738525118145,0.004540433202471217,0.0019031755938502108,1
23921,10,31,0.9806451612903226,0.97611575208364,0.004529409206682655,0.004618805441025076,1
29282,8,31,0.7774193548387099,0.7729371655371879,0.004482189301521999,0.005765471715650702,1
24959,10,31,0.9580645161290322,0.9536049971657414,0.004459518963290776,0.004654716763030776,1
34824,5,31,0.7548387096774191,0.750446399565666,0.004392310111753117,0.005818872370271226,1
29698,2,28,2.4392857142857145,2.4349034649985173,0.004382249287197215,0.0017965297224234555,1
27595,2,28,1.65,1.6457317313977653,0.004268268602234615,0.002586829455899767,1
31088,7,31,0.5774193548387094,0.5731539018692507,0.004265452969458683,0.007387097321408896,1
23711,1,31,1.4258064516129039,1.4217565028898183,0.004049948723085617,0.0028404617741098204,1
24343,3,31,1.8032258064516127,1.7992479447395564,0.003977861712056274,0.0022059698224283454,1
32411,9,30,1.1966666666666665,1.1929148642222087,0.00375180244445783,0.0031352109563714463,1
34123,12,31,0.5838709677419355,0.5803825216908608,0.0034884460510746784,0.005974686606812985,1
37472,5,31,0.5967741935483871,0.5935265448785598,0.0032476486698272966,0.005442005879170065,1
31253,9,30,0.98,0.9769195381800333,0.0030804618199666844,0.0031433283877211064,1
29282,1,31,1.6903225806451614,1.6872710997058493,0.003051480939312068,0.0018052654411960707,1
34172,11,30,0.7633333333333333,0.7605315249164899,0.00280180841684341,0.003670491375777393,1
28064,7,31,0.7129032258064517,0.710508697263656,0.0023945285427957597,0.003358840942383192,1
31369,12,31,2.3451612903225802,2.3428143808918613,0.002346909430718913,0.0010007454243780786,1
22550,8,31,0.40645161290322546,0.40413422738352117,0.0023173855197042847,0.005701504056415309,1
31909,5,31,0.7806451612903227,0.7783549431831607,0.002290218107162012,0.002933750467852164,1
31510,11,30,1.1166666666666667,1.1143802122275033,0.002286454439163421,0.0020475711395493324,1
31909,11,30,1.2633333333333334,1.2610820884505907,0.0022512448827427534,0.001781988033833314,1
24738,10,31,0.7967741935483872,0.79462891648854,0.0021452770598472393,0.0026924529900916763,1
27333,3,28,0.9928571428571429,0.9908943947936807,0.001962748063462194,0.0019768685531273895,1
34123,9,30,0.5000000000000001,0.4982630252838133,0.0017369747161868343,0.0034739494323736677,1
28275,8,31,0.6096774193548387,0.6080867029005479,0.0015907164542907637,0.0026091116446038984,1
22217,10,31,0.4387096774193549,0.43720073805701365,0.001508939362341255,0.0034394941347484485,1
22583,4,30,0.7500000000000002,0.7485496735572814,0.0014503264427188078,0.0019337685902917432,1
37472,1,30,0.6966666666666667,0.6953064489364623,0.0013602177302043383,0.001952465641441634,1
37031,10,31,0.6548387096774193,0.6534830354875133,0.0013556741899060087,0.0020702413737480924,1
37472,4,30,0.5633333333333332,0.562045097351074,0.0012882359822592448,0.002286809435963157,1
31707,5,31,0.8645161290322582,0.8632281303405761,0.0012879986916820574,0.0014898492329158124,1
34163,10,31,1.4258064516129036,1.4246075660951676,0.0011988855177360591,0.0008408473088194077,1
31416,8,31,0.6322580645161289,0.6311556354645756,0.001102429051553222,0.0017436377856198924,1
23711,10,31,0.9548387096774194,0.9537541889375255,0.0010845207398938461,0.0011358156397536902,1
31329,11,30,1.2333333333333338,1.2322527718544007,0.0010805614789330953,0.0008761309288646715,1
28064,3,31,0.9645161290322578,0.9636119737740485,0.0009041552582093049,0.0009374184951333932,1
28434,10,31,1.064516129032258,1.0640322363665027,0.0004838926657553255,0.00045456583752773004,1
30823,3,31,1.3354838709677417,1.3350485482523518,0.0004353227153899297,0.0003259662844707204,1
28224,2,20,1.105,1.1047084414958956,0.0002915585041043389,0.00026385384986818004,1
31873,8,31,0.6903225806451615,0.6900335927163403,0.00028898792882114943,0.000418627373525964,1
29612,8,31,0.6838709677419356,0.6836374959638042,0.00023347177813137776,0.00034139741141852404,1
29698,9,30,1.0066666666666666,1.006670864423116,-4.19775644933118e-06,0.0,1
23955,2,28,1.9571428571428573,1.957240981715066,-9.812457220870208e-05,0.0,1
34123,11,30,0.6533333333333334,0.6536044075091679,-0.0002710741758344959,0.0,1
22802,8,31,0.29032258064516125,0.29080478299048634,-0.000482202345325089,0.0,1
23472,3,31,2.4935483870967747,2.4940655831367744,-0.0005171960399996678,0.0,1
24266,5,31,1.2483870967741937,1.2489438229510863,-0.000556726176892619,0.0,1
23724,11,30,1.436666666666667,1.437326695819696,-0.0006600291530289848,0.0,1
23891,3,31,1.5677419354838709,1.5685034628837338,-0.0007615273998629046,0.0,1
31594,8,31,0.7225806451612906,0.7236353043586977,-0.001054659197407104,0.0,1
29231,8,31,0.9645161290322578,0.9658366541708668,-0.00132052513860903,0.0,1
26477,10,31,0.42580645161290315,0.4271890317240069,-0.0013825801111037594,0.0,1
26063,12,31,0.5903225806451613,0.5919142201062171,-0.0015916394610557827,0.0,1
22602,6,30,0.42999999999999977,0.43164145151774086,-0.0016414515177410882,0.0,1
30965,12,31,2.1387096774193552,2.1403517384682935,-0.0016420610489382703,0.0,1
30758,1,31,1.5451612903225806,1.5469958582232075,-0.00183456790062686,0.0,1
31909,3,31,1.4516129032258065,1.4534550030385294,-0.001842099812722875,0.0,1
28275,12,31,1.3645161290322576,1.3664488911628718,-0.0019327621306142184,0.0,1
20891,3,31,1.5064516129032255,1.5085110202912362,-0.0020594073880106922,0.0,1
32389,2,28,1.8714285714285717,1.873593669278281,-0.0021650978497094187,0.0,1
22602,7,31,0.4387096774193549,0.4409405862131427,-0.002230908793787789,0.0,1
23418,3,31,0.8806451612903224,0.8829017725683028,-0.0022566112779803804,0.0,1
31253,3,31,1.2064516129032257,1.2087633305980314,-0.0023117176948057594,0.0,1
23405,4,30,0.9366666666666668,0.9389968790610632,-0.002330212394396458,0.0,1
23631,11,30,0.7733333333333335,0.7756958540280662,-0.0023625206947326394,0.0,1
22887,10,31,0.6677419354838708,0.6701236232634513,-0.002381687779580477,0.0,1
31909,2,28,1.6321428571428576,1.6347495705953665,-0.0026067134525089575,0.0,1
27037,8,31,0.33548387096774185,0.33812695164834305,-0.0026430806806012064,0.0,1
23891,2,28,2.132142857142857,2.134791098322187,-0.0026482411793300464,0.0,1
27333,2,19,0.8210526315789473,0.8237092319287751,-0.0026566003498278423,0.0,1
23884,4,30,1.29,1.2930923813581467,-0.003092381358146712,0.0,1
37031,12,31,0.7096774193548389,0.712879086574239,-0.003201667219400184,0.0,1
23405,6,30,0.956666666666667,0.9599046262105306,-0.0032379595438636333,0.0,1
23418,4,30,0.8833333333333334,0.8869052849213281,-0.003571951587994726,0.0,1
31329,8,31,0.5000000000000001,0.5036582885249969,-0.0036582885249968333,0.0,1
27037,3,31,0.9419354838709679,0.9460010770588154,-0.004065593187847494,0.0,1
34123,5,31,0.7999999999999999,0.8042983455042684,-0.0042983455042684415,0.0,1
34391,10,31,0.7548387096774193,0.7591472195040795,-0.004308509826660201,0.0,1
27199,11,30,0.7533333333333334,0.7577369461953641,-0.004403612862030726,0.0,1
30965,6,30,1.1266666666666674,1.1311289278666181,-0.0044622611999507455,0.0,1
34391,3,31,0.6774193548387097,0.6819480090732536,-0.00452865423454385,0.0,1
31088,11,30,1.6266666666666665,1.6312066209316256,-0.004539954264959123,0.0,1
32389,4,30,0.7666666666666667,0.7714881438016891,-0.004821477135022345,0.0,1
27612,9,30,0.2566666666666667,0.26148874918619797,-0.004822082519531257,0.0,1
31510,6,30,0.6266666666666666,0.6315909830729165,-0.004924316406249907,0.0,1
28224,4,30,0.6900000000000001,0.6949343291918437,-0.004934329191843667,0.0,1
37031,2,28,0.8892857142857142,0.8943248974425452,-0.00503918315683094,0.0,1
27612,5,31,0.36451612903225816,0.3695587927295316,-0.005042663697273464,0.0,1
23472,7,31,1.0967741935483875,1.1021792934786891,-0.005405099930301693,0.0,1
21946,2,28,1.5178571428571426,1.5232853753226137,-0.005428232465471083,0.0,1
23804,3,31,0.7000000000000001,0.7054833770759644,-0.005483377075964357,0.0,1
29263,9,30,0.7833333333333338,0.7889289220174154,-0.005595588684081609,0.0,1
24343,4,30,1.6700000000000004,1.6756126848856607,-0.005612684885660357,0.0,1
29698,11,30,1.4466666666666668,1.4523617121577266,-0.005695045491059814,0.0,1
24688,4,30,2.516666666666667,2.5223666608333586,-0.0056999941666915355,0.0,1
27648,3,31,0.8516129032258064,0.8573286644874081,-0.005715761261601671,0.0,1
23933,9,30,0.6133333333333333,0.6191560236612956,-0.005822690327962343,0.0,1
30636,12,31,2.0193548387096776,2.0252136088186687,-0.005858770108991163,0.0,1
29282,10,31,1.1451612903225805,1.151149725625592,-0.005988435303011519,0.0,1
34391,11,30,0.6599999999999999,0.6661176838477453,-0.006117683847745359,0.0,1
34880,12,31,0.5612903225806453,0.5675075281050899,-0.006217205524444602,0.0,1
22802,5,31,0.38387096774193546,0.3901162578213599,-0.006245290079424426,0.0,1
28434,2,28,1.7142857142857137,1.7206434377602169,-0.006357723474503141,0.0,1
23631,4,30,0.7033333333333333,0.709807397425175,-0.0064740640918417025,0.0,1
28224,3,31,0.7483870967741939,0.7549968151315568,-0.006609718357362904,0.0,1
24951,12,31,2.258064516129033,2.264674562023532,-0.006610045894499095,0.0,1
27037,4,30,0.7233333333333333,0.7299660217761994,-0.00663268844286613,0.0,1
23724,9,30,0.7800000000000001,0.7868619320789974,-0.006861932078997213,0.0,1
32165,3,31,0.8483870967741934,0.8552529013925984,-0.006865804618404914,0.0,1
32165,12,31,1.0677419354838709,1.0746672762978462,-0.006925340813975334,0.0,1
28661,2,28,1.15,1.1569315514394216,-0.0069315514394217015,0.0,1
24908,10,31,1.3677419354838711,1.374750219670034,-0.00700828418616295,0.0,1
31532,8,31,0.896774193548387,0.903899678876323,-0.007125485327935999,0.0,1
23418,10,31,0.6903225806451613,0.6975116897013879,-0.007189109056226606,0.0,1
31909,7,31,0.7322580645161291,0.7395161597959455,-0.007258095279816468,0.0,1
28064,12,31,1.538709677419355,1.5460340011504388,-0.007324323731083826,0.0,1
32061,6,30,0.9966666666666667,1.004026527404785,-0.00735986073811834,0.0,1
22837,12,31,1.4903225806451614,1.4977161580516445,-0.007393577406483054,0.0,1
20891,5,31,0.9903225806451614,0.9978015773479014,-0.007478996702739993,0.0,1
34824,2,28,0.8642857142857141,0.871892850313868,-0.0076071360281538825,0.0,1
31088,5,31,0.7225806451612904,0.7302179707154153,-0.007637325554124885,0.0,1
30636,3,31,1.6935483870967747,1.7013616494594084,-0.007813262362633688,0.0,1
31960,4,30,0.9400000000000001,0.9478606637318928,-0.007860663731892759,0.0,1
34123,2,28,0.9964285714285712,1.0042972020804881,-0.007868630651916897,0.0,1
37031,3,31,0.5354838709677417,0.5438958944812897,-0.008412023513547973,0.0,1
23724,2,28,1.8178571428571426,1.8263072524751938,-0.00845010961805115,0.0,1
31088,6,30,0.6733333333333335,0.681909680366516,-0.008576347033182552,0.0,1
23405,11,30,0.9966666666666665,1.0052968347072597,-0.008630168040593245,0.0,1
27459,12,31,1.6387096774193548,1.6473596159488924,-0.008649938529537549,0.0,1
28064,2,28,0.9571428571428571,0.9658133677073888,-0.00867051056453172,0.0,1
24641,6,30,1.1833333333333333,1.1921037356058755,-0.00877040227254211,0.0,1
27612,2,28,0.5214285714285717,0.5303520532058819,-0.008923481777310172,0.0,1
24507,8,31,1.2483870967741935,1.2573341554211035,-0.008947058646910033,0.0,1
28275,4,30,1.1133333333333333,1.1225601512193677,-0.00922681788603441,0.0,1
32098,8,31,0.6096774193548387,0.6189205969533612,-0.009243177598522556,0.0,1
31253,2,28,1.7999999999999996,1.8093812261308941,-0.009381226130894538,0.0,1
31909,9,30,0.9566666666666668,0.966072006225586,-0.009405339558919201,0.0,1
30925,3,31,1.8354838709677421,1.8449079223698186,-0.009424051402076472,0.0,1
21982,5,31,0.9419354838709678,0.9515810030121957,-0.00964551914122791,0.0,1
23724,4,30,0.8500000000000001,0.8596599493424096,-0.009659949342409546,0.0,1
23724,10,31,0.7774193548387097,0.7873106939177358,-0.009891339079026062,0.0,1
32165,8,31,0.858064516129032,0.8681364305557743,-0.010071914426742268,0.0,1
28722,10,31,0.8838709677419352,0.8939489223303334,-0.010077954588398219,0.0,1
28698,10,31,0.7129032258064514,0.7231958873810305,-0.010292661574579087,0.0,1
28698,12,31,1.006451612903226,1.0167925864938767,-0.010340973590650782,0.0,1
31004,12,31,1.2935483870967734,1.3040731860745332,-0.010524798977759708,0.0,1
30393,8,31,0.7903225806451611,0.8009956729027531,-0.010673092257591943,0.0,1
31088,2,28,1.1642857142857141,1.175081729888916,-0.01079601560320187,0.0,1
27199,1,31,0.9741935483870968,0.9850712914620676,-0.010877743074970803,0.0,1
24641,2,28,1.4678571428571432,1.4789059775216238,-0.011048834664480589,0.0,1
22217,5,31,0.6290322580645158,0.6401679442774866,-0.011135686212970786,0.0,1
21982,7,31,0.7064516129032257,0.7177009844010875,-0.01124937149786187,0.0,1
22887,8,31,0.641935483870968,0.6532477409608903,-0.01131225708992234,0.0,1
31253,7,31,0.7064516129032256,0.7178255019649384,-0.011373889061712883,0.0,1
22217,4,30,0.2833333333333333,0.294718093300859,-0.011384759967525693,0.0,1
26477,3,31,0.37096774193548376,0.382383866848484,-0.011416124913000258,0.0,1
24944,3,31,1.4709677419354843,1.4828483935325372,-0.011880651597052871,0.0,1
30252,3,31,2.2129032258064516,2.225327299487206,-0.0124240736807546,0.0,1
23405,8,31,0.5838709677419354,0.5963032845527894,-0.012432316810853994,0.0,1
28900,10,31,0.6129032258064516,0.6253991003959408,-0.012495874589489198,0.0,1
27037,7,31,0.36129032258064503,0.37417412419472984,-0.012883801614084811,0.0,1
31369,5,31,0.7354838709677418,0.7484115079525978,-0.012927636984855995,0.0,1
23955,8,31,0.7903225806451615,0.8033584748545003,-0.013035894209338816,0.0,1
30393,1,30,1.6233333333333329,1.6364340591430662,-0.013100725809733316,0.0,1
23472,5,31,1.0419354838709673,1.05505183531392,-0.013116351442952645,0.0,1
28493,3,31,1.093548387096774,1.106876882333909,-0.013328495237135085,0.0,1
27459,8,31,0.7967741935483872,0.8102656579786731,-0.013491464430285927,0.0,1
26477,5,31,0.3516129032258065,0.3651175837362967,-0.013504680510490197,0.0,1
24641,9,30,1.0033333333333334,1.0170153109232587,-0.013681977589925287,0.0,1
24908,11,30,2.2066666666666666,2.220412860711415,-0.013746194044748528,0.0,1
22887,6,30,0.7233333333333334,0.737080141703288,-0.013746808369954566,0.0,1
30925,10,31,1.0032258064516129,1.0170066740724348,-0.01378086762082198,0.0,1
23324,8,31,0.5709677419354839,0.5847520612901257,-0.01378431935464175,0.0,1
27459,4,30,0.6166666666666667,0.6304973741372426,-0.01383070747057591,0.0,1
23955,3,31,1.264516129032258,1.278487790207709,-0.013971661175451011,0.0,1
27612,11,30,0.1666666666666666,0.18081769744555157,-0.014151030778884965,0.0,1
31253,10,31,1.006451612903226,1.0206351780122325,-0.014183565109006535,0.0,1
24817,10,31,1.1935483870967742,1.2078459156136359,-0.014297528516861613,0.0,1
30673,1,31,1.7677419354838708,1.7820789952431955,-0.014337059759324644,0.0,1
27595,10,31,0.6774193548387094,0.6919702265531783,-0.014550871714468894,0.0,1
27333,10,31,0.8000000000000004,0.8146216990486269,-0.014621699048626535,0.0,1
22113,8,31,0.5580645161290324,0.5734658641199912,-0.015401347990958825,0.0,1
32389,3,31,1.3935483870967742,1.4089680356364096,-0.0154196485396354,0.0,1
34880,2,28,0.6357142857142856,0.651222102823002,-0.015507817108716404,0.0,1
22602,1,31,0.8516129032258064,0.8674809900983688,-0.01586808687256236,0.0,1
22641,5,31,0.8000000000000002,0.8161476381363407,-0.01614763813634057,0.0,1
23631,9,30,0.7066666666666667,0.7228560752669971,-0.016189408600330468,0.0,1
30393,10,31,1.2806451612903227,1.296867978861255,-0.016222817570932246,0.0,1
23324,10,31,0.6258064516129032,0.6421824930175658,-0.016376041404662645,0.0,1
31873,1,31,1.8032258064516125,1.8196582086624644,-0.01643240221085196,0.0,1
30252,2,28,2.892857142857142,2.909323406219482,-0.01646626336234025,0.0,1
31594,1,31,1.9096774193548383,1.9261931080971992,-0.01651568874236098,0.0,1
31909,10,31,1.5645161290322582,1.5811335679023497,-0.016617438870091483,0.0,1
32411,11,30,1.3333333333333333,1.3501616996526715,-0.01682836631933826,0.0,1
31707,1,31,1.6935483870967742,1.7104119823824975,-0.016863595285723232,0.0,1
26477,8,31,0.3548387096774193,0.37173111823297317,-0.01689240855555385,0.0,1
30758,9,30,0.8600000000000001,0.8770703856150309,-0.017070385615030825,0.0,1
23472,9,30,0.8133333333333332,0.8304222492376963,-0.01708891590436301,0.0,1
34861,9,30,0.49333333333333323,0.5104759915669758,-0.017142658233642527,0.0,1
35121,4,30,0.7866666666666664,0.8038361986478169,-0.017169531981150454,0.0,1
28275,10,31,0.7774193548387097,0.7946618281064495,-0.017242473267739755,0.0,1
34163,1,30,1.0266666666666668,1.044353001713753,-0.017686335047086166,0.0,1
34172,5,31,0.8161290322580637,0.8338560165897488,-0.01772698433168518,0.0,1
28434,12,31,1.9193548387096775,1.9372072804358695,-0.017852441726192048,0.0,1
27595,11,30,0.7899999999999999,0.8079132648929954,-0.017913264892995495,0.0,1
22887,3,31,0.9774193548387099,0.9953907682049659,-0.01797141336625596,0.0,1
24908,1,31,2.7645161290322586,2.782601977932838,-0.018085848900579293,0.0,1
29430,3,31,0.5677419354838711,0.5859073591809119,-0.018165423697040772,0.0,1
37031,11,30,0.7099999999999999,0.7282626668612163,-0.01826266686121647,0.0,1
24944,7,31,1.135483870967742,1.153903659697502,-0.018419788729760134,0.0,1
29866,10,31,1.3741935483870968,1.3926676530991828,-0.018474104712085992,0.0,1
31594,7,31,0.6870967741935484,0.7058410152312249,-0.018744241037676468,0.0,1
23955,11,30,1.6666666666666667,1.6855603985488414,-0.01889373188217469,0.0,1
31168,4,30,0.8666666666666667,0.8856418905655542,-0.018975223898887505,0.0,1
27459,5,31,0.8967741935483866,0.9157903825083086,-0.019016188959921965,0.0,1
34172,8,31,0.658064516129032,0.6772862588205644,-0.019221742691532318,0.0,1
33008,2,28,0.38214285714285723,0.4014109381607601,-0.019268081017902894,0.0,1
27595,7,31,0.37741935483870975,0.39672439329085823,-0.019305038452148482,0.0,1
24125,8,31,1.0193548387096774,1.0386779938974684,-0.01932315518779104,0.0,1
23205,6,30,0.9833333333333331,1.0027040815353392,-0.019370748202006127,0.0,1
24738,2,28,2.0071428571428567,2.0265173230852396,-0.0193744659423829,0.0,1
34880,3,31,0.5709677419354837,0.5906858025058623,-0.019718060570378615,0.0,1
22837,11,30,0.8900000000000002,0.9100078492611646,-0.02000784926116439,0.0,1
28275,5,31,1.409677419354838,1.430015963892783,-0.020338544537944925,0.0,1
23405,3,31,0.9483870967741935,0.9689083766552709,-0.020521279881077326,0.0,1
34172,12,31,1.2290322580645159,1.2496535818625785,-0.020621323798062585,0.0,1
28064,8,31,0.5774193548387097,0.5983299009261595,-0.0209105460874498,0.0,1
24738,4,30,1.4666666666666666,1.4877357448389132,-0.02106907817224668,0.0,1
27037,10,31,0.6451612903225806,0.6666232245583689,-0.021461934235788238,0.0,1
30372,12,31,2.912903225806452,2.9344236127791863,-0.021520386972734507,0.0,1
27037,11,30,0.5366666666666667,0.5583734746774038,-0.0217068080107371,0.0,1
22820,2,28,0.9857142857142855,1.0074665046163969,-0.02175221890211132,0.0,1
22641,1,31,1.2387096774193551,1.2604700780683946,-0.021760400649039502,0.0,1
31004,10,31,0.9419354838709676,0.9637949852693466,-0.021859501398379,0.0,1
31369,4,30,1.3300000000000003,1.3518827709617716,-0.02188277096177127,0.0,1
23711,6,30,0.9033333333333335,0.9253009382883708,-0.021967604955037245,0.0,1
24507,10,31,1.2483870967741937,1.2703994285675786,-0.02201233179338491,0.0,1
28138,5,26,1.011538461538461,1.0335565090179442,-0.022018047479483105,0.0,1
27595,5,31,0.6548387096774195,0.6768710720923642,-0.022032362414944662,0.0,1
23884,6,30,0.9999999999999999,1.022037992477417,-0.022037992477417112,0.0,1
31873,2,28,1.7214285714285718,1.7437141793114803,-0.022285607882908565,0.0,1
29263,11,30,1.2266666666666668,1.2490081210931143,-0.022341454426447527,0.0,1
30777,12,31,2.245161290322581,2.267671905025359,-0.022510614702778042,0.0,1
31510,10,31,0.8451612903225806,0.8678018385364162,-0.022640548213835654,0.0,1
26477,11,30,0.36666666666666664,0.3893795306980611,-0.022712864031394442,0.0,1
22820,1,31,0.5612903225806452,0.5840483772177849,-0.022758054637139757,0.0,1
29282,3,31,1.3903225806451613,1.4134627635440515,-0.023140182898890194,0.0,1
29838,3,31,1.6677419354838714,1.6910150169364868,-0.02327308145261542,0.0,1
22887,9,30,0.7999999999999997,0.82336057583491,-0.023360575834910247,0.0,1
22802,2,28,0.7500000000000003,0.7733844965031106,-0.023384496503110253,0.0,1
31416,7,31,1.1000000000000003,1.1235821016373175,-0.02358210163731722,0.0,1
28064,1,31,1.435483870967742,1.4590924232236802,-0.023608552255938164,0.0,1
23418,11,30,1.726666666666667,1.750364366968473,-0.023697700301805957,0.0,1
30230,2,28,2.4607142857142854,2.4844365903309407,-0.023722304616655254,0.0,1
23324,5,31,0.803225806451613,0.8270810707922904,-0.023855264340677418,0.0,1
27199,10,31,0.7483870967741935,0.7722516415580626,-0.023864544783869124,0.0,1
20891,10,31,1.1096774193548387,1.1335971777958254,-0.023919758440986705,0.0,1
34123,8,31,0.6000000000000004,0.624092791157384,-0.02409279115738361,0.0,1
24817,9,30,1.1966666666666665,1.2207723292708397,-0.024105662604173128,0.0,1
29698,12,31,1.4709677419354836,1.4951232676063813,-0.024155525670897626,0.0,1
30758,8,31,0.3935483870967741,0.4177229788995557,-0.024174591802781586,0.0,1
22820,8,31,0.30322580645161296,0.3277310648272116,-0.024505258375598638,0.0,1
22641,3,31,1.2838709677419355,1.3083804972710147,-0.024509529529079144,0.0,1
34172,4,30,1.73,1.7545568792025248,-0.024556879202524806,0.0,1
27612,8,31,0.3548387096774193,0.37944225188224545,-0.024603542204826134,0.0,1
22641,4,30,0.5599999999999999,0.58483603653498,-0.02483603653498001,0.0,1
21982,3,31,1.961290322580645,1.9863412980110413,-0.02505097543039625,0.0,1
31253,8,31,0.5483870967741931,0.5734398995676345,-0.025052802793441464,0.0,1
31909,8,31,0.7580645161290321,0.7831644919610788,-0.025099975832046706,0.0,1
28138,11,30,2.6466666666666674,2.671795476277669,-0.02512880961100139,0.0,1
28900,4,30,0.6466666666666666,0.6719341890017192,-0.025267522335052583,0.0,1
23933,10,31,0.7129032258064519,0.7384057614111129,-0.02550253560466098,0.0,1
22802,11,30,0.23666666666666666,0.26224259118239085,-0.025575924515724185,0.0,1
26477,4,30,0.31666666666666676,0.3422928984959922,-0.02562623182932544,0.0,1
34880,9,30,0.33666666666666684,0.36235654195149725,-0.02568987528483041,0.0,1
23804,11,30,0.9333333333333333,0.9591153852796802,-0.025782051946346862,0.0,1
24125,10,31,0.6483870967741936,0.674367056402468,-0.025979959628274374,0.0,1
34163,11,30,0.8466666666666665,0.8727119557062788,-0.02604528903961234,0.0,1
24966,10,30,1.25,1.276120591312647,-0.02612059131264699,0.0,1
30673,11,30,2.0333333333333337,2.0596349604924518,-0.0263016271591181,0.0,1
34824,11,30,0.8166666666666667,0.8431829395890236,-0.02651627292235692,0.0,1
31532,10,31,1.1419354838709677,1.1685411050795549,-0.026605621208587227,0.0,1
31532,2,28,2.7642857142857147,2.79097581590925,-0.026690101623535245,0.0,1
28224,12,31,1.2580645161290323,1.2847651846947208,-0.026700668565688535,0.0,1
34824,3,31,0.5935483870967743,0.6205386788614334,-0.02699029176465917,0.0,1
32165,7,31,0.6516129032258068,0.67876342035109,-0.02715051712528327,0.0,1
27823,5,31,0.8419354838709674,0.8701032638549804,-0.028167779984012986,0.0,1
32061,11,30,1.0166666666666666,1.0449157657970987,-0.028249099130432054,0.0,1
33008,1,31,0.41290322580645145,0.4413646046913439,-0.028461378884892474,0.0,1
30758,6,30,0.52,0.5484718990325927,-0.02847189903259273,0.0,1
22641,12,31,1.4709677419354836,1.4994400478178453,-0.028472305882361715,0.0,1
30949,11,30,2.0233333333333334,2.051881649692853,-0.02854831635951971,0.0,1
31510,2,28,1.4821428571428572,1.5107215983527047,-0.02857874120984749,0.0,1
30372,2,28,3.0285714285714285,3.057497487749372,-0.028926059177943664,0.0,1
32098,7,31,0.9419354838709676,0.9708846922843686,-0.028949208413400984,0.0,1
30949,12,31,2.1741935483870964,2.2034065723419185,-0.02921302395482206,0.0,1
22641,6,30,0.9033333333333332,0.9328256670633953,-0.029492333730062104,0.0,1
22602,11,30,1.32,1.3496116159359617,-0.02961161593596162,0.0,1
23405,5,31,0.7419354838709677,0.7717169299721717,-0.029781446101203923,0.0,1
23324,4,30,0.9500000000000003,0.9798757441838581,-0.029875744183857855,0.0,1
31915,2,28,1.3964285714285711,1.4263952868325371,-0.029966715403966004,0.0,1
30230,10,31,0.9645161290322581,0.994567116998857,-0.030050987966598885,0.0,1
26258,5,31,0.43225806451612886,0.4625338631291544,-0.03027579861302554,0.0,1
36034,2,28,1.9749999999999999,2.005434823036194,-0.03043482303619416,0.0,1
23804,1,31,0.9709677419354839,1.0018802652435919,-0.03091252330810801,0.0,1
22583,6,30,0.8666666666666666,0.8976388581593832,-0.030972191492716572,0.0,1
22602,4,30,0.24333333333333332,0.27450791135430336,-0.03117457802097004,0.0,1
23804,6,30,0.586666666666667,0.6179788144429524,-0.03131214777628544,0.0,1
24944,10,31,1.0032258064516129,1.034560718892082,-0.031334912440469154,0.0,1
27037,12,31,1.0290322580645161,1.0604425307243102,-0.031410272659794014,0.0,1
28661,12,31,0.8903225806451615,0.9218335580441261,-0.03151097739896469,0.0,1
20891,6,30,0.98,1.0116810977458954,-0.03168109774589545,0.0,1
27612,1,31,0.4516129032258064,0.4833372995257378,-0.0317243962999314,0.0,1
28064,9,30,0.6400000000000001,0.6720399896303814,-0.03203998963038124,0.0,1
23472,4,30,1.686666666666667,1.7188591910401982,-0.03219252437353126,0.0,1
28722,4,30,0.6066666666666666,0.6389625708262124,-0.03229590415954586,0.0,1
27333,4,9,0.5444444444444444,0.5768528752856784,-0.032408430841234015,0.0,0
34391,12,31,1.2161290322580642,1.248564019174345,-0.03243498691628077,0.0,1
23804,7,31,0.5387096774193552,0.571170739204653,-0.03246106178529784,0.0,1
30252,10,31,0.9774193548387098,1.009932755462585,-0.0325134006238752,0.0,1
24959,4,30,1.393333333333333,1.4260246766606965,-0.032691343327363453,0.0,1
32411,5,31,0.8225806451612903,0.8553922593353256,-0.03281161417403533,0.0,1
34123,10,31,0.7419354838709676,0.7748375465792994,-0.032902062708331736,0.0,1
22550,2,28,0.9821428571428577,1.0154741781098504,-0.03333132096699276,0.0,1
22602,8,31,0.37096774193548404,0.4043516343639743,-0.03338389242849027,0.0,1
22641,10,31,0.6483870967741936,0.6822640105601281,-0.03387691378593449,0.0,1
22802,4,30,0.26999999999999996,0.30388297001520786,-0.0338829700152079,0.0,1
32165,2,28,1.0035714285714286,1.0375416457653046,-0.03397021719387605,0.0,1
32098,6,30,0.9700000000000001,1.0039790534973145,-0.03397905349731445,0.0,1
34123,7,31,0.4870967741935483,0.5211253258489791,-0.03402855165543078,0.0,1
28434,1,30,1.7533333333333334,1.7874192619323737,-0.03408592859904025,0.0,1
23933,11,30,1.14,1.1741274408499398,-0.034127440849939905,0.0,1
22820,11,30,0.22999999999999995,0.2642535578211149,-0.03425355782111497,0.0,1
21946,6,30,1.3533333333333337,1.387802128791809,-0.034468795458475254,0.0,1
29838,11,30,1.3733333333333329,1.4078196225563682,-0.034486289223035316,0.0,1
29263,3,31,1.4,1.4346025486146252,-0.034602548614625306,0.0,1
34824,4,30,0.6466666666666666,0.6814455986022948,-0.0347789319356282,0.0,1
37472,2,28,1.0,1.0348050179226056,-0.0348050179226056,0.0,1
32165,1,31,1.0064516129032255,1.0417283831104156,-0.03527677020719011,0.0,1
24738,12,31,2.4612903225806453,2.4971348054947393,-0.035844482914094034,0.0,1
24343,2,28,1.117857142857143,1.1540141923086986,-0.03615704945155551,0.0,1
22583,2,28,1.0500000000000003,1.0862222126552041,-0.03622221265520387,0.0,1
31532,7,31,0.7935483870967742,0.8298876485516948,-0.03633926145492061,0.0,1
23884,10,31,1.1032258064516127,1.1397483277705407,-0.03652252131892797,0.0,1
27199,12,31,1.2161290322580647,1.2527228053539023,-0.03659377309583767,0.0,1
25563,4,30,2.2933333333333334,2.3302201406160994,-0.03688680728276594,0.0,1
23724,5,31,0.7806451612903228,0.8176240221146618,-0.03697886082433899,0.0,1
28138,2,18,0.833333333333333,0.87034256723192,-0.03700923389858701,0.0,1
24125,2,28,0.6142857142857141,0.6513974870954247,-0.037111772809710564,0.0,1
31168,6,30,0.8900000000000001,0.9273576847712198,-0.0373576847712197,0.0,1
22820,3,31,0.6290322580645161,0.666498646043962,-0.0374663879794459,0.0,1
23205,5,31,0.9741935483870966,1.0117611825466155,-0.037567634159518914,0.0,1
23205,3,31,1.109677419354839,1.1473238698897825,-0.03764645053494342,0.0,1
30521,2,28,2.0642857142857145,2.101955086844308,-0.037669372558593484,0.0,1
31388,10,31,0.9483870967741935,0.9861060843352348,-0.037718987561041306,0.0,1
28493,1,31,1.303225806451613,1.340984442926222,-0.0377586364746092,0.0,1
29282,9,30,0.9233333333333332,0.9615302340189618,-0.03819690068562853,0.0,1
23205,1,30,1.666666666666667,1.7050276501973471,-0.03836098353068018,0.0,1
23884,12,31,2.948387096774194,2.987189470568011,-0.038802373793817235,0.0,1
32165,11,30,0.89,0.9289466889699299,-0.03894668896992992,0.0,1
25551,12,31,3.370967741935484,3.409923928783786,-0.03895618684830193,0.0,1
26477,2,28,0.6357142857142859,0.674774718923228,-0.03906043320894215,0.0,1
30054,11,30,1.28,1.3190896384914714,-0.0390896384914714,0.0,1
28661,11,30,0.9133333333333333,0.9524450246493021,-0.03911169131596881,0.0,1
23631,2,28,1.2785714285714285,1.317834513528007,-0.03926308495657849,0.0,1
37472,7,31,0.5290322580645159,0.568548350180349,-0.03951609211583307,0.0,1
23418,5,31,0.9483870967741937,0.9880337642085169,-0.0396466674343231,0.0,1
23891,9,30,0.8266666666666665,0.8663169227043785,-0.039650256037711995,0.0,1
37472,6,30,0.4466666666666667,0.4865386199951172,-0.039871953328450505,0.0,1
37472,11,30,0.6366666666666667,0.6769007396697996,-0.040234073003132864,0.0,1
27037,2,28,0.95,0.9903203453336443,-0.04032034533364437,0.0,1
32411,7,31,0.6161290322580644,0.656602484180081,-0.04047345192201668,0.0,1
26477,12,31,0.4870967741935487,0.527571737958539,-0.04047496376499027,0.0,1
29231,12,31,2.325806451612903,2.3662854425368764,-0.040478990923973335,0.0,1
29612,11,30,1.163333333333333,1.2038912997146447,-0.040557966381311594,0.0,1
30673,2,28,2.1785714285714293,2.219148683547974,-0.04057725497654463,0.0,1
31329,7,31,0.674193548387097,0.7149210529942668,-0.040727504607169784,0.0,1
22550,12,31,0.8870967741935483,0.9284652325414842,-0.0413684583479359,0.0,1
27333,12,31,1.5806451612903225,1.6221239353379897,-0.0414787740476672,0.0,1
36034,11,30,1.54,1.5814810425043107,-0.04148104250431062,0.0,1
23921,9,30,0.9566666666666668,0.9981824811299643,-0.04151581446329755,0.0,1
29231,11,30,1.4333333333333336,1.4751615631083645,-0.04182822977503098,0.0,1
34824,12,31,0.7741935483870966,0.8161449064170161,-0.04195135802991945,0.0,1
22802,10,31,0.26451612903225813,0.3071440235260994,-0.042627894493841245,0.0,1
30925,2,28,1.7214285714285715,1.7640750305993218,-0.04264645917075027,0.0,1
24944,12,31,2.3064516129032255,2.349338611479728,-0.04288699857650258,0.0,1
21982,9,30,0.8200000000000001,0.8630441075004638,-0.043044107500463724,0.0,1
24817,2,28,1.9428571428571424,1.9860714367457797,-0.04321429388863729,0.0,1
28224,1,28,1.025,1.068438752208437,-0.04343875220843718,0.0,1
23933,2,28,1.0000000000000004,1.04355765410832,-0.04355765410831958,0.0,1
27037,1,31,0.7677419354838712,0.8113587724345345,-0.04361683695066332,0.0,1
36034,12,31,1.8870967741935485,1.9307343898280973,-0.04363761563454882,0.0,1
27823,8,31,0.729032258064516,0.7729699288645095,-0.043937670799993556,0.0,1
27823,12,31,0.9838709677419357,1.0280602386401545,-0.04418927089821878,0.0,1
22820,12,31,0.4322580645161291,0.47647092890354903,-0.04421286438741995,0.0,1
22802,9,30,0.28666666666666657,0.33103491465250645,-0.04436824798583988,0.0,1
23418,7,31,0.7354838709677416,0.7798759337394467,-0.044392062771705154,0.0,1
23711,12,31,0.9096774193548387,0.9542586880345497,-0.04458126867971102,0.0,1
24951,10,31,0.7741935483870965,0.8190547227859497,-0.044861174398853176,0.0,1
24944,11,30,1.6866666666666665,1.731632714271545,-0.044966047604878545,0.0,1
23804,4,30,0.5433333333333333,0.5888366357485453,-0.045503302415211944,0.0,1
26063,9,30,0.49,0.5361459509531656,-0.04614595095316565,0.0,1
23205,7,31,0.6677419354838707,0.7140920331401206,-0.04635009765624987,0.0,1
20891,9,30,0.9066666666666668,0.9531542909642058,-0.04648762429753894,0.0,1
26258,10,31,0.5129032258064518,0.5597784534577399,-0.046875227651288154,0.0,1
31510,1,31,0.9709677419354835,1.0180091488745904,-0.047041406939106856,0.0,1
23711,11,30,0.87,0.9177748942375185,-0.04777489423751846,0.0,1
28440,9,30,0.6333333333333332,0.6812006870905558,-0.04786735375722262,0.0,1
22837,9,30,0.7566666666666665,0.8045414543151854,-0.047874787648518935,0.0,1
24959,6,30,0.9499999999999998,0.9981077512105305,-0.04810775121053068,0.0,1
23631,3,31,1.2612903225806453,1.3094491108771296,-0.048158788296484234,0.0,1
22887,5,31,0.6870967741935485,0.7353328950943486,-0.048236120900800095,0.0,1
33008,11,30,0.20666666666666655,0.25509201089541106,-0.048425344228744505,0.0,1
27595,4,30,0.6100000000000001,0.6585300954182945,-0.04853009541829445,0.0,1
24944,2,28,1.285714285714286,1.3345670427594871,-0.04885275704520109,0.0,1
29570,8,31,0.6677419354838711,0.7168320378949566,-0.04909010241108558,0.0,1
31960,9,30,0.7166666666666669,0.7658609135945638,-0.04919424692789687,0.0,1
29430,11,30,0.693333333333333,0.7425554690758386,-0.04922213574250556,0.0,1
26258,11,30,0.38666666666666677,0.4359508760770162,-0.049284209410349444,0.0,1
27823,10,31,0.6741935483870969,0.7236462396960105,-0.04945269130891361,0.0,1
30252,12,31,3.000000000000001,3.049502331210721,-0.04950233121072012,0.0,1
22602,10,31,0.3193548387096776,0.36912083178758637,-0.04976599307790874,0.0,1
34163,9,30,1.5533333333333337,1.6032111899058021,-0.04987785657246846,0.0,1
31088,3,31,1.2548387096774194,1.3048861965056389,-0.05004748682821947,0.0,1
30230,4,30,1.26,1.3101781940460204,-0.05017819404602042,0.0,1
24266,10,31,2.1064516129032262,2.156652551697147,-0.050200938793920624,0.0,1
30965,1,31,1.8193548387096776,1.8696436605145854,-0.05028882180490779,0.0,1
24641,7,31,0.9903225806451614,1.040999830922773,-0.05067725027761161,0.0,1
33008,12,31,0.19677419354838707,0.24750165766285312,-0.05072746411446605,0.0,1
24951,4,30,1.8033333333333335,1.854146189292272,-0.050812855958938474,0.0,1
28900,11,30,0.46,0.5108302805821101,-0.05083028058211009,0.0,1
23884,11,30,1.9733333333333334,2.0243624983479576,-0.05102916501462418,0.0,1
28698,1,31,1.4870967741935486,1.5382772045750766,-0.051180430381527975,0.0,1
22641,11,30,0.6566666666666665,0.708238956257701,-0.05157228959103444,0.0,1
22802,7,31,0.20645161290322553,0.2580706934775072,-0.05161908057428169,0.0,1
28698,8,31,0.5645161290322576,0.6161840069678519,-0.05166787793559435,0.0,1
32389,5,31,0.5870967741935482,0.6389917504402901,-0.051894976246741886,0.0,1
25703,3,31,2.8032258064516133,2.8553530723817886,-0.05212726593017525,0.0,1
22217,3,31,0.7161290322580648,0.7685122113074027,-0.05238317904933787,0.0,1
23418,2,28,1.5357142857142854,1.5881841012409754,-0.052469815526690056,0.0,1
28138,9,30,2.0366666666666666,2.089149641593297,-0.052482974926630455,0.0,1
23418,6,30,0.8866666666666667,0.9392287063598633,-0.052562039693196616,0.0,1
31707,7,31,0.532258064516129,0.5853165165070566,-0.053058451990927624,0.0,1
29282,2,28,1.8357142857142859,1.8892023563385012,-0.053488070624215345,0.0,1
31960,8,31,0.6290322580645158,0.6825526698943106,-0.053520411829794834,0.0,1
22802,3,31,0.5,0.5535877001862372,-0.05358770018623715,0.0,1
28064,11,30,0.6666666666666666,0.7202776337166626,-0.05361096704999602,0.0,1
28661,8,31,1.0806451612903223,1.1343178595266035,-0.05367269823628118,0.0,1
30252,11,30,1.863333333333333,1.9170339852571487,-0.05370065192381568,0.0,1
31707,8,31,0.606451612903226,0.6607411230764083,-0.05428951017318229,0.0,1
29430,5,31,0.6161290322580647,0.6708519104988343,-0.0547228782407696,0.0,1
37472,12,31,0.706451612903226,0.7615022335291631,-0.05505062062593713,0.0,1
28275,2,28,1.5392857142857141,1.5943733436720713,-0.05508762938635714,0.0,1
24641,10,31,1.1129032258064513,1.168441418870803,-0.055538193064351704,0.0,1
30777,2,28,1.9464285714285716,2.0020823751177113,-0.055653803689139636,0.0,1
26477,7,31,0.2774193548387097,0.33345772527879264,-0.05603837044008292,0.0,1
23418,9,30,0.3866666666666668,0.44276994228363037,-0.056103275616963544,0.0,1
27037,5,31,0.6548387096774193,0.7116315595565306,-0.05679284987911126,0.0,1
27648,12,31,1.0290322580645161,1.0858882528158926,-0.05685599475137648,0.0,1
34163,4,15,0.6799999999999999,0.73686194340388,-0.056861943403880066,0.0,1
28661,1,31,1.1290322580645156,1.1860015269248714,-0.056969268860355804,0.0,1
33008,3,31,0.3096774193548388,0.3670188671158206,-0.05734144776098182,0.0,1
32411,10,31,0.7096774193548387,0.76729524981591,-0.05761783046107127,0.0,1
30372,1,31,1.835483870967742,1.8935476733792216,-0.05806380241147968,0.0,1
30230,12,31,1.6064516129032262,1.6646480514157203,-0.05819643851249401,0.0,1
29263,1,30,1.766666666666667,1.825059305826823,-0.05839263916015591,0.0,1
23804,12,31,0.9451612903225808,1.00358786659856,-0.05842657627597925,0.0,1
35121,10,31,0.6451612903225806,0.7037625382023474,-0.05860124787976673,0.0,1
23933,5,31,1.0645161290322582,1.1231784128373672,-0.05866228380510896,0.0,1
22641,9,30,0.5533333333333336,0.6122008005777996,-0.05886746724446601,0.0,1
34391,7,31,0.829032258064516,0.8880562689996535,-0.05902401093513754,0.0,1
34163,12,31,1.0032258064516126,1.0624822697331828,-0.05925646328157019,0.0,1
27199,9,30,0.7133333333333333,0.7726272233327229,-0.05929388999938967,0.0,1
23418,12,31,1.3548387096774188,1.414569934721916,-0.05973122504449724,0.0,1
27037,6,30,0.5266666666666667,0.5864862187703453,-0.05981955210367862,0.0,1
27648,10,31,0.8258064516129031,0.8857912844227206,-0.05998483280981748,0.0,1
22217,12,31,0.9032258064516129,0.9633618208669847,-0.06013601441537186,0.0,1
31369,1,31,1.158064516129032,1.2182273372527088,-0.06016282112367688,0.0,1
22583,9,30,0.5433333333333332,0.6036182347933452,-0.060284901460011975,0.0,1
23711,8,31,0.8354838709677419,0.8962985438685261,-0.06081467290078424,0.0,1
23921,4,30,0.8966666666666664,0.9575054627656938,-0.060838796099027426,0.0,1
21946,3,31,1.7322580645161287,1.7933477217151268,-0.06108965719899806,0.0,1
23711,7,31,0.796774193548387,0.8581106862714213,-0.06133649272303432,0.0,1
28722,3,31,0.9870967741935485,1.0496882129340404,-0.06259143874049189,0.0,1
23955,1,31,1.787096774193548,1.8497196074455016,-0.06262283325195361,0.0,1
32061,2,28,1.182142857142857,1.2457981348037719,-0.06365527766091494,0.0,1
31168,1,31,1.1774193548387093,1.241087427446919,-0.06366807260820972,0.0,1
29430,8,31,0.5935483870967742,0.6576787825553649,-0.06413039545859078,0.0,1
31004,2,28,1.1500000000000001,1.214753178187779,-0.06475317818777881,0.0,1
37031,5,31,0.8580645161290327,0.9233613414149133,-0.06529682528588066,0.0,1
27459,7,31,0.535483870967742,0.6011924066851214,-0.06570853571737945,0.0,1
36034,1,31,2.412903225806452,2.4786238824167564,-0.06572065661030457,0.0,1
22113,4,30,0.3266666666666667,0.39248191135625043,-0.06581524468958372,0.0,1
27612,10,31,0.22903225806451602,0.29493751833515763,-0.06590526027064161,0.0,1
28698,11,30,1.1066666666666667,1.1728251922130581,-0.06615852554639146,0.0,1
23724,12,31,1.1645161290322579,1.2319663878410092,-0.06745025880875133,0.0,1
34123,4,30,0.73,0.7975571823120116,-0.06755718231201158,0.0,1
28698,6,30,0.6233333333333333,0.6916441535949706,-0.06831082026163726,0.0,1
22887,12,31,1.3096774193548386,1.3782032758958878,-0.06852585654104915,0.0,1
23472,6,30,0.9633333333333333,1.0323500744501748,-0.06901674111684153,0.0,1
21982,8,31,0.9612903225806453,1.030829864644235,-0.06953954206358981,0.0,1
29866,1,20,1.825,1.8946062254905705,-0.0696062254905705,0.0,1
27612,12,31,0.38387096774193546,0.4537259515254728,-0.06985498378353733,0.0,1
28434,9,30,1.0333333333333328,1.1032460578282675,-0.06991272449493469,0.0,1
22602,5,31,0.40322580645161304,0.4733735928612371,-0.07014778640962405,0.0,1
22217,11,30,1.0266666666666666,1.09695942958196,-0.0702927629152934,0.0,1
27595,8,31,0.41612903225806425,0.487142808975712,-0.07101377671764775,0.0,1
27199,5,31,0.8483870967741934,0.919504867061492,-0.0711177702872986,0.0,1
29263,10,31,1.0290322580645161,1.1003480911254881,-0.071315833060972,0.0,1
37472,9,30,0.696666666666667,0.7680060323079427,-0.07133936564127574,0.0,1
24125,5,31,0.5645161290322579,0.6360643490668267,-0.07154822003456884,0.0,1
30758,12,31,1.8354838709677417,1.9075456803844821,-0.07206180941674045,0.0,1
28275,1,31,1.4806451612903226,1.5527117236968013,-0.07206656240647868,0.0,1
23405,2,28,1.2464285714285714,1.3187794549124583,-0.07235088348388685,0.0,1
34172,9,30,0.6233333333333334,0.6961169974009195,-0.07278366406758607,0.0,1
23405,12,31,1.5580645161290316,1.630876141209756,-0.07281162508072447,0.0,1
29263,12,31,1.4354838709677424,1.5085199302242644,-0.07303605925652201,0.0,1
28698,4,30,0.7933333333333332,0.8666555898884932,-0.07332225655516,0.0,1
22550,1,31,0.9193548387096774,0.9927056764402696,-0.07335083773059226,0.0,1
32411,8,31,0.6387096774193547,0.7128000505508917,-0.07409037313153699,0.0,1
34861,6,30,0.5199999999999996,0.5948623021443683,-0.07486230214436873,0.0,1
22217,7,31,0.34838709677419305,0.423759429685531,-0.07537233291133794,0.0,1
34880,10,31,0.48064516129032275,0.557051750921434,-0.07640658963111124,0.0,1
30777,11,30,1.5200000000000002,1.5967840369542443,-0.07678403695424407,0.0,1
30758,7,31,0.4677419354838711,0.5445345355618384,-0.07679260007796729,0.0,1
24966,2,28,2.392857142857143,2.469868312563215,-0.07701116970607202,0.0,1
29612,1,30,1.5499999999999996,1.627049659093221,-0.07704965909322148,0.0,1
30758,10,31,0.7838709677419357,0.8615344309037731,-0.07766346316183748,0.0,1
34391,8,31,1.2709677419354832,1.3487562979421308,-0.07778855600664758,0.0,1
24817,3,31,2.2935483870967746,2.371579696286109,-0.07803130918933432,0.0,1
24817,11,30,2.4200000000000004,2.4981276679039004,-0.07812766790390002,0.0,1
28138,1,27,1.0296296296296297,1.1077652825249569,-0.0781356528953272,0.0,1
29430,9,30,0.42000000000000004,0.49816399733225497,-0.07816399733225493,0.0,1
28434,11,30,0.7533333333333334,0.8318609754244488,-0.0785276420911154,0.0,1
23324,3,31,1.270967741935484,1.3496716587774218,-0.0787039168419379,0.0,1
31388,1,31,2.2387096774193553,2.3179664857925912,-0.0792568083732359,0.0,1
30252,1,31,2.2612903225806456,2.3406158324210877,-0.07932550984044218,0.0,1
34880,5,31,0.45483870967741946,0.5342202032766035,-0.079381493599184,0.0,1
25551,11,30,3.2833333333333328,3.3627660385767624,-0.0794327052434296,0.0,1
22802,1,31,0.31612903225806455,0.39611985368594055,-0.079990821427876,0.0,1
31329,1,31,1.8258064516129036,1.9061689684467935,-0.08036251683388995,0.0,1
30758,11,30,0.9366666666666669,1.0174539417028428,-0.08078727503617589,0.0,1
27199,6,30,0.58,0.6610104688008626,-0.0810104688008626,0.0,1
22820,9,30,0.3466666666666667,0.428595151901245,-0.0819284852345783,0.0,1
23324,1,31,2.061290322580646,2.1433482570032925,-0.08205793442264664,0.0,1
27823,6,30,0.5333333333333331,0.6155951436360676,-0.0822618103027345,0.0,1
23405,7,31,0.6419354838709678,0.7246692534415952,-0.08273376957062739,0.0,1
22820,4,30,0.38666666666666655,0.46943294227123267,-0.08276627560456612,0.0,1
26477,6,30,0.29666666666666697,0.37958819071451827,-0.0829215240478513,0.0,1
26258,2,28,0.9964285714285718,1.0807340776281698,-0.08430550619959798,0.0,1
35121,1,31,1.4129032258064522,1.4973385780088364,-0.08443535220238418,0.0,1
31510,7,31,0.6064516129032259,0.6910667850125221,-0.08461517210929614,0.0,1
24125,12,31,0.8258064516129032,0.9107891205818421,-0.08498266896893891,0.0,1
23921,2,28,1.6500000000000001,1.7350984437125072,-0.08509844371250708,0.0,1
28698,9,30,0.6799999999999999,0.765548882484436,-0.08554888248443604,0.0,1
31329,12,31,1.093548387096774,1.1792741344821063,-0.08572574738533234,0.0,1
24908,2,28,2.942857142857143,3.02876181602478,-0.08590467316763695,0.0,1
27595,9,30,0.3866666666666668,0.47267699241638167,-0.08601032574971484,0.0,1
29282,12,31,2.0999999999999996,2.1861185973690405,-0.08611859736904082,0.0,1
32389,8,31,0.5064516129032259,0.5927806977302795,-0.08632908482705359,0.0,1
22602,3,31,0.5451612903225805,0.6323294337718717,-0.08716814344929114,0.0,1
22602,9,30,0.44666666666666666,0.5351513957977294,-0.08848472913106276,0.0,1
24266,3,31,3.4096774193548383,3.4984676976357734,-0.08879027828093511,0.0,1
26258,3,31,0.5870967741935482,0.6760911027269977,-0.08899432853344946,0.0,1
27459,9,30,0.783333333333333,0.8725426673889157,-0.08920933405558273,0.0,1
22583,12,31,1.0709677419354837,1.1610135970577116,-0.09004585512222785,0.0,1
28440,12,31,0.5387096774193552,0.6288166694102749,-0.09010699199091976,0.0,1
24738,6,30,0.9633333333333335,1.0543828201293945,-0.09104948679606106,0.0,1
23324,7,31,0.7451612903225807,0.8362120843702749,-0.09105079404769423,0.0,1
24951,2,28,1.857142857142857,1.9484594072614396,-0.09131655011858264,0.0,1
22802,6,30,0.33333333333333304,0.426154416402181,-0.09282108306884795,0.0,1
31532,1,31,1.7838709677419353,1.8782417051253781,-0.09437073738344282,0.0,1
24959,2,28,1.1857142857142853,1.2801978111267087,-0.09448352541242344,0.0,1
30673,12,31,2.0903225806451617,2.1848284813665573,-0.09450590072139553,0.0,1
20891,12,31,1.7193548387096773,1.8142751263033958,-0.09492028759371851,0.0,1
34391,4,30,0.5333333333333333,0.6284609746932982,-0.09512764135996488,0.0,1
22820,10,31,0.21935483870967742,0.31502285042116723,-0.09566801171148981,0.0,1
23711,9,30,0.5933333333333333,0.689458686510722,-0.09612535317738868,0.0,1
28900,8,31,0.6,0.6963915055797946,-0.09639150557979459,0.0,1
24125,7,31,0.6032258064516127,0.6996926523024036,-0.0964668458507909,0.0,1
32389,6,30,0.5433333333333332,0.6399925295511882,-0.09665919621785501,0.0,1
27823,4,30,0.9066666666666664,1.00368985414505,-0.09702318747838368,0.0,1
22583,5,31,0.8806451612903226,0.9776709857486907,-0.09702582445836816,0.0,1
23472,2,28,1.403571428571429,1.5007198333740237,-0.09714840480259479,0.0,1
22113,5,31,0.23225806451612907,0.3296441164949247,-0.09738605197879563,0.0,1
29612,9,30,0.6633333333333336,0.7609756199518839,-0.09764228661855034,0.0,1
29570,9,30,0.9566666666666666,1.0544069798787434,-0.09774031321207688,0.0,1
23405,9,30,0.3633333333333333,0.461325798034668,-0.09799246470133471,0.0,1
33008,9,30,0.5233333333333334,0.6213451131184897,-0.0980117797851563,0.0,1
24507,3,31,1.935483870967742,2.0335023326258503,-0.09801846165810835,0.0,1
30758,2,28,1.3249999999999997,1.4230731010437008,-0.09807310104370104,0.0,1
26477,9,30,0.3033333333333333,0.4014416408538819,-0.09810830752054861,0.0,1
26258,1,31,0.5258064516129033,0.6242960130315153,-0.09848956141861198,0.0,1
30521,12,31,1.9612903225806448,2.0598837637132212,-0.0985934411325764,0.0,1
23933,1,31,1.670967741935484,1.7701703779159055,-0.09920263598042145,0.0,1
31532,12,31,2.3096774193548386,2.409120670441658,-0.09944325108681928,0.0,1
30054,9,30,0.5966666666666666,0.6961803726355235,-0.09951370596885689,0.0,1
23631,1,31,0.783870967741936,0.8836356624480218,-0.09976469470608584,0.0,1
31416,12,31,2.6354838709677426,2.735848186862084,-0.10036431589434125,0.0,1
29430,7,31,0.5387096774193549,0.6394097851168723,-0.10070010769751736,0.0,1
22887,2,28,0.9107142857142854,1.0125338707651408,-0.10181958505085542,0.0,1
34123,6,30,0.40333333333333343,0.5059282684326175,-0.10259493509928408,0.0,1
28224,9,30,1.2600000000000002,1.362598425547282,-0.10259842554728182,0.0,1
23711,5,31,0.8322580645161293,0.9349352036753008,-0.10267713915917154,0.0,1
20891,4,30,1.6266666666666667,1.7293980177243546,-0.10273135105768794,0.0,1
20674,5,31,0.5516129032258065,0.6546130054900723,-0.10300010226426581,0.0,1
32165,6,30,0.9200000000000003,1.023205353418986,-0.10320535341898573,0.0,1
29263,2,28,1.3571428571428572,1.4606027959845964,-0.10345993884173921,0.0,1
31168,2,28,1.7214285714285715,1.8261746440614972,-0.10474607263292568,0.0,1
26477,1,30,0.42333333333333323,0.5311672935138146,-0.10783396018048141,0.0,1
23324,9,30,0.3799999999999999,0.4895739730199178,-0.10957397301991789,0.0,1
37472,3,31,0.5096774193548387,0.6201166410599984,-0.11043922170515974,0.0,1
37031,4,30,0.8333333333333331,0.9439972368876138,-0.11066390355428068,0.0,1
27612,4,30,0.2733333333333334,0.38480021953582744,-0.11146688620249406,0.0,1
27612,7,31,0.3806451612903224,0.4924446721230784,-0.11179951083275602,0.0,1
37472,10,31,0.6064516129032257,0.7197308201943674,-0.11327920729114171,0.0,1
30230,9,30,0.7566666666666667,0.8700579619407655,-0.11339129527409875,0.0,1
25703,10,31,1.8290322580645162,1.9425722395220109,-0.11353998145749467,0.0,1
27648,5,31,0.7645161290322583,0.8791278716056579,-0.11461174257339957,0.0,1
22217,6,30,0.31666666666666665,0.43242551167805987,-0.11575884501139322,0.0,1
27333,9,30,1.1300000000000001,1.2461169719696044,-0.11611697196960424,0.0,1
30230,1,31,1.9516129032258067,2.0680630714662613,-0.11645016824045462,0.0,1
24125,4,29,0.5827586206896551,0.6993247554220002,-0.11656613473234512,0.0,1
31388,12,31,1.525806451612903,1.643283419455251,-0.11747696784234796,0.0,1
23324,12,31,1.4548387096774191,1.572494826778289,-0.11765611710086987,0.0,1
31960,7,31,0.7225806451612904,0.8411751285676035,-0.11859448340631307,0.0,1
24507,12,31,2.254838709677419,2.373872855401808,-0.11903414572438908,0.0,1
22113,7,31,0.4774193548387095,0.596578687237155,-0.1191593323984455,0.0,1
33008,8,31,0.38064516129032233,0.5001643703829856,-0.11951920909266323,0.0,1
29838,12,31,1.2225806451612906,1.3436007384330995,-0.12102009327180885,0.0,1
28661,7,31,0.5612903225806448,0.6836940211634482,-0.12240369858280342,0.0,1
23804,9,30,0.4333333333333333,0.5559856255849203,-0.12265229225158697,0.0,1
24125,3,31,0.6032258064516126,0.7280562554636308,-0.12483044901201823,0.0,1
34824,8,31,0.6580645161290325,0.7829223140593496,-0.12485779793031715,0.0,1
22217,8,31,0.28709677419354857,0.41251693848640697,-0.1254201642928584,0.0,1
35121,11,30,0.56,0.6859492097298304,-0.12594920972983037,0.0,1
22837,1,31,1.1903225806451614,1.318758806105583,-0.12843622546042166,0.0,1
28493,6,30,0.7033333333333329,0.833132572174072,-0.12979923884073907,0.0,1
30823,6,30,0.41999999999999993,0.5511754608154296,-0.13117546081542963,0.0,1
28661,5,31,0.7903225806451615,0.9229440812141666,-0.13262150056900512,0.0,1
28661,6,30,0.48000000000000026,0.613569424947103,-0.13356942494710272,0.0,1
27459,2,28,1.3035714285714286,1.4384072686944689,-0.13483584012304028,0.0,1
28440,2,28,1.1,1.2350736827722617,-0.13507368277226162,0.0,1
21982,4,30,1.3766666666666671,1.5166396411259968,-0.13997297445932966,0.0,1
20674,2,28,0.8000000000000005,0.940486928394863,-0.14048692839486254,0.0,1
25551,1,30,2.386666666666667,2.5300003306070957,-0.14333366394042857,0.0,1
32389,9,30,0.49999999999999983,0.6433851464589435,-0.14338514645894368,0.0,1
28493,9,30,0.6499999999999999,0.7934525577227277,-0.1434525577227278,0.0,1
27648,9,30,0.9800000000000002,1.1241784000396728,-0.14417840003967264,0.0,1
30054,12,31,1.9129032258064522,2.057437359902166,-0.1445341340957138,0.0,1
22820,7,31,0.3322580645161292,0.480090005936161,-0.1478319414200318,0.0,1
27612,6,30,0.3066666666666667,0.4552140617370608,-0.1485473950703941,0.0,1
23955,12,31,2.1032258064516123,2.2539085226674236,-0.1506827162158113,0.0,1
34391,5,31,0.5580645161290319,0.7094620181668186,-0.1513975020377868,0.0,1
27037,9,30,0.4466666666666667,0.5992078399658205,-0.1525411732991538,0.0,1
24966,1,10,1.7500000000000013,1.9073956298828114,-0.15739562988281008,0.0,0
25563,11,30,2.3466666666666662,2.5048032840092986,-0.1581366173426324,0.0,1
26258,4,30,0.6633333333333332,0.8258406623204547,-0.1625073289871215,0.0,1
33008,4,30,0.49,0.6529219992955525,-0.1629219992955525,0.0,1
27648,4,30,0.9433333333333334,1.1065641407171887,-0.16323080738385531,0.0,1
26258,7,31,0.7709677419354845,0.9350340812436998,-0.16406633930821535,0.0,1
34391,9,30,1.1300000000000003,1.2948714256286622,-0.16487142562866186,0.0,1
27459,6,30,0.5666666666666669,0.7320692189534506,-0.1654025522867837,0.0,1
27823,9,30,0.8833333333333333,1.0515479151407876,-0.1682145818074543,0.0,1
34172,6,30,0.7733333333333335,0.9441990788777669,-0.17086574554443335,0.0,1
24125,11,30,0.6266666666666656,0.7982704289754229,-0.1716037623087573,0.0,1
24343,12,31,2.103225806451614,2.27772453061996,-0.174498724168346,0.0,1
31873,7,31,0.44838709677419336,0.6231344407604588,-0.1747473439862654,0.0,1
23472,1,31,2.3451612903225802,2.5207012299568423,-0.17553993963426207,0.0,1
33008,10,31,0.2838709677419353,0.4614357148447344,-0.17756474710279907,0.0,1
20674,10,31,0.4483870967741936,0.6262934053256627,-0.1779063085514691,0.0,1
20674,4,30,1.2633333333333332,1.452236832777659,-0.18890349944432572,0.0,1
34172,7,31,0.7032258064516126,0.8927665095175463,-0.18954070306593374,0.0,1
31915,7,31,0.4258064516129032,0.6180112038889237,-0.19220475227602052,0.0,1
24951,1,31,2.5935483870967744,2.7862441155218307,-0.19269572842505633,0.0,1
26258,6,30,0.8733333333333332,1.0663702201843264,-0.19303688685099318,0.0,1
24688,2,28,1.485714285714287,1.681269781930107,-0.1955554962158199,0.0,1
34880,7,31,0.2838709677419355,0.48306439307428145,-0.19919342533234596,0.0,1
20674,12,31,1.1,1.3037241351219913,-0.20372413512199117,0.0,1
27595,6,30,0.3099999999999997,0.5140960057576497,-0.20409600575764997,0.0,1
23891,1,30,2.3100000000000005,2.514337259928386,-0.2043372599283857,0.0,1
27333,1,18,0.5222222222222221,0.7316985090573629,-0.20947628683514075,0.0,1
20674,1,31,1.5354838709677419,1.7467759286203692,-0.21129205765262737,0.0,1
34824,7,31,0.864516129032258,1.0787485061153288,-0.21423237708307075,0.0,1
20674,11,30,0.7333333333333331,0.9498922570546467,-0.2165589237213137,0.0,1
20674,6,30,0.4566666666666668,0.6757094069321948,-0.21904274026552806,0.0,1
24125,9,30,0.4200000000000001,0.6406087162097295,-0.22060871620972938,0.0,1
24817,1,31,1.6516129032258067,1.8730857479956842,-0.2214728447698775,0.0,1
24966,12,31,2.2193548387096778,2.4434861583094434,-0.22413131959976562,0.0,1
22820,6,30,0.35333333333333317,0.5779562695821127,-0.2246229362487795,0.0,1
24908,12,31,2.7935483870967746,3.018535727839317,-0.22498734074254223,0.0,1
20674,7,31,0.6129032258064514,0.8382279561411952,-0.22532473033474376,0.0,1
24817,12,31,2.803225806451613,3.03692180725836,-0.23369600080674724,0.0,1
24944,1,30,1.6733333333333327,1.909790242513021,-0.23645690917968842,0.0,1
22217,9,30,0.2733333333333332,0.5115904442469279,-0.2382571109135947,0.0,1
28493,5,31,1.3032258064516127,1.5468457006639045,-0.2436198942122918,0.0,1
28698,7,31,0.5580645161290324,0.810942477564658,-0.2528779614356256,0.0,1
24738,1,30,1.9833333333333347,2.23637991587321,-0.25304658253987533,0.0,1
34880,4,30,0.5166666666666665,0.7828947226206462,-0.2662280559539797,0.0,1
34880,6,30,0.20666666666666642,0.47426785786946596,-0.26760119120279957,0.0,1
20674,8,31,0.458064516129032,0.733908870143275,-0.275844354014243,0.0,1
25703,12,31,3.6774193548387104,3.9702898702313827,-0.2928705153926723,0.0,1
34861,7,31,0.49354838709677423,0.7993380023587132,-0.305789615261939,0.0,1
20674,9,30,0.4566666666666668,0.7708786793798209,-0.31421201271315413,0.0,1
28224,6,1,0.5,0.8220352172851548,-0.32203521728515483,0.0,0
34880,8,31,0.3258064516129035,0.6595574655840476,-0.3337510139711441,0.0,1
35121,12,31,0.5935483870967743,0.9386762358488574,-0.34512784875208313,0.0,1
24959,1,31,1.2032258064516133,1.5504358107043854,-0.34721000425277215,0.0,1
35121,2,28,1.114285714285714,1.477675396097558,-0.36338968181184383,0.0,1
37472,8,31,0.4709677419354838,0.8349396736391129,-0.3639719317036291,0.0,1
24266,2,28,1.832142857142857,2.2015420913696286,-0.36939923422677157,0.0,1
20674,3,31,1.0129032258064519,1.4088355525847405,-0.3959323267782886,0.0,1
24641,1,30,1.7266666666666672,2.132575047810873,-0.4059083811442059,0.0,1
24125,1,31,0.6354838709677414,1.0762161193355444,-0.440732248367803,0.0,1
28440,1,31,1.0935483870967742,1.576469627503426,-0.48292124040665185,0.0,1
34861,8,31,0.32903225806451597,0.8164948125039379,-0.4874625544394219,0.0,1
34391,6,30,0.8166666666666667,1.3145127614339194,-0.4978460947672527,0.0,1
24507,1,30,2.086666666666667,2.5938859939575196,-0.5072193272908527,0.0,1
24266,12,31,1.55483870967742,2.0954685334236394,-0.5406298237462193,0.0,1
24343,1,31,1.641935483870968,2.2463689619495018,-0.6044334780785336,0.0,1
24688,1,31,1.4258064516129036,2.087171468427104,-0.6613650168142002,0.0,1
24266,1,31,2.0774193548387094,3.1964051769625756,-1.1189858221238662,0.0,1
24688,12,31,1.3000000000000005,2.9284401186050903,-1.6284401186050899,0.0,1
