station,month,n,baseline_mae,ridge_mae,gain,alpha,is_eligible
25913,12,31,6.7612903225806456,4.741883476420713,2.0194068461599324,0.2986718140789976,1
25913,10,31,3.8709677419354844,2.211880757356489,1.6590869845789955,0.42859747101624046,1
25913,1,31,5.516129032258065,4.095813461594782,1.4203155706632833,0.2574841093015309,1
25913,11,30,4.39,3.2197295308785763,1.1702704691214234,0.2665764166563607,1
25913,3,31,3.5999999999999996,2.4989320568339566,1.101067943166043,0.305852206435012,1
25913,2,28,2.439285714285714,1.571831830682336,0.867453883603378,0.35561799034984753,1
30555,7,26,9.215384615384616,8.407907690410113,0.8074769249745035,0.08762270471342691,1
37235,8,31,1.425806451612903,0.714760665148297,0.711045786464606,0.4986972710498369,1
30555,8,31,9.148387096774192,8.473656288175038,0.6747308085991541,0.07375407287226299,1
22113,2,28,3.225,2.6293259543470233,0.5956740456529768,0.18470513043503156,1
22113,12,31,2.8580645161290326,2.2903935290704314,0.5676709870586012,0.19862077425300942,1
22113,11,30,1.8733333333333335,1.3426736706739157,0.5306596626594178,0.283270282558408,1
30555,12,31,9.14516129032258,8.638884083230455,0.5062772070921255,0.05536011788308957,1
29570,11,30,1.56,1.0626509002604612,0.4973490997395389,0.3188135254740634,1
37235,6,30,1.0199999999999998,0.5317077189109441,0.48829228108905565,0.4787179226363292,1
29570,12,31,2.967741935483872,2.4813909409359005,0.48635099454797137,0.16387913946725116,1
22113,1,31,2.4387096774193546,1.9611749056565706,0.477534771762784,0.19581452281278183,1
30555,9,30,8.316666666666666,7.848551331441727,0.4681153352249394,0.05628641305309893,1
30555,11,30,11.613333333333333,11.179530132310619,0.4338032010227142,0.037353892166134973,1
37235,7,31,0.9967741935483871,0.5840351134709523,0.4127390800774349,0.41407480525567897,1
30555,10,31,9.687096774193549,9.275470254373019,0.4116265198205298,0.04249224813332142,1
30823,12,31,1.6806451612903226,1.3087540602797225,0.3718911010106001,0.22127877411379276,1
29570,1,31,2.832258064516129,2.461571443980758,0.3706866205353707,0.1308802418746753,1
30710,12,31,1.935483870967742,1.5812965511406696,0.3541873198270724,0.18299678191065408,1
37235,9,30,1.0833333333333333,0.7345718456483091,0.34876148768502413,0.3219336809400223,1
30710,1,31,2.035483870967742,1.743141482747373,0.29234238822036906,0.14362304334122727,1
34391,8,31,1.2709677419354832,0.9792884002520662,0.291679341683417,0.22949389827883077,1
26063,10,31,0.7806451612903228,0.491672940202758,0.2889722210875648,0.37017102701299615,1
30710,11,30,1.7266666666666666,1.4436482375833788,0.2830184290832878,0.16391028711387323,1
22837,6,30,1.2566666666666664,0.9751887122089986,0.28147795445766777,0.22398776216790545,1
37235,5,31,0.8161290322580643,0.5353658033596919,0.28076322889837246,0.3440181856067015,1
34163,8,31,1.5806451612903225,1.3027622527056884,0.27788290858463416,0.17580347277803388,1
27595,3,31,1.4322580645161291,1.1643244428784394,0.26793362163768975,0.18707077186415275,1
24959,12,31,1.1096774193548389,0.8450403017422279,0.264637117612611,0.23848112342996916,1
34163,7,26,1.8884615384615389,1.6245860035532855,0.26387553490825333,0.13973042581699766,1
28440,3,31,0.9580645161290323,0.6946142180195746,0.26345029810945775,0.27498179263950134,1
29570,3,31,1.7838709677419355,1.5401956958880534,0.24367527185388216,0.13659915782044027,1
28138,8,31,3.04516129032258,2.8131383589913432,0.23202293133123675,0.07619397109394428,1
26063,1,31,0.8000000000000003,0.5738745304404989,0.2261254695595014,0.28265683694937666,1
26063,6,30,0.6166666666666668,0.39290064597309116,0.22376602069357565,0.3628638173409334,1
30823,10,31,1.2548387096774192,1.0421034831078255,0.21273522656959365,0.16953192862872504,1
37235,10,31,0.7967741935483874,0.5853327432401969,0.2114414503081905,0.26537186071068436,1
24343,11,30,1.9233333333333336,1.713285826401641,0.2100475069316925,0.1092101422521798,1
30823,11,30,2.083333333333333,1.8742774892165306,0.20905584411680245,0.10034680517606519,1
35121,8,31,1.3032258064516131,1.0966049031070277,0.20662090334458538,0.15854574266539964,1
35121,3,31,1.532258064516129,1.3275656369250797,0.20469242759104933,0.1335887422173164,1
30636,7,31,1.2322580645161292,1.0282922812910271,0.20396578322510206,0.1655219706800566,1
24688,6,30,1.4833333333333336,1.2800786069262637,0.20325472640706987,0.1370256582519572,1
37235,4,30,0.8533333333333332,0.6520462615556318,0.20128707177770133,0.23588328723949378,1
30823,8,31,0.538709677419355,0.33794077847409226,0.20076889894526279,0.37268478247324216,1
22113,3,31,1.206451612903226,1.0065191812903533,0.19993243161287255,0.16571939518714035,1
29838,6,30,1.2766666666666662,1.0775931488870636,0.19907351777960258,0.1559322593573911,1
26063,7,31,0.7129032258064514,0.5186238498133487,0.19427937599310263,0.27251858170978205,1
25563,5,31,1.4387096774193546,1.2448334338019582,0.19387624361739642,0.13475703031702443,1
27595,2,28,1.65,1.4566370395962942,0.1933629604037057,0.11718967297194285,1
34861,3,31,0.5806451612903226,0.3948139425771361,0.18583121871318653,0.3200426544504879,1
34172,2,28,1.3464285714285713,1.1626185831470308,0.1838099882815405,0.13651670217196643,1
35121,9,30,1.0133333333333334,0.8304474815261467,0.18288585180718675,0.18047945902025006,1
24641,8,31,0.9419354838709676,0.7592569826351512,0.18267850123581642,0.19393950473665444,1
30710,8,31,0.7290322580645159,0.5485132718724184,0.1805189861920975,0.2476145385820807,1
22837,8,31,0.8516129032258073,0.6718015345259308,0.17981136869987646,0.2111421374884911,1
28411,2,21,1.228571428571429,1.0506069808468002,0.17796444772462894,0.14485478303167465,1
28722,5,31,1.0161290322580645,0.8386148402438436,0.17751419201422092,0.1746965064266936,1
30710,2,28,1.7892857142857146,1.6153246543436472,0.17396105994206734,0.09722374607540687,1
29570,2,28,1.9678571428571432,1.7940925819951405,0.17376456086200265,0.08830141023840424,1
25563,12,31,4.648387096774194,4.476121671910656,0.17226542486353758,0.03705918230929677,1
30710,9,30,1.0333333333333337,0.8649640456573777,0.16836928767595594,0.1629380203315702,1
29612,5,31,1.2387096774193551,1.0721379623442115,0.16657171507514357,0.13447195748253774,1
30393,12,31,1.6645161290322574,1.4991494004854653,0.16536672854679213,0.09934822839051469,1
25563,6,30,2.2766666666666664,2.1162660161369096,0.16040065052975683,0.07045416567924898,1
29866,8,31,1.2161290322580651,1.0569441291986468,0.15918490305941835,0.1308947478737922,1
34009,2,21,2.1904761904761902,2.033813751121196,0.15666243935499446,0.07151980927075835,1
28900,7,31,0.6419354838709679,0.48828453360314894,0.15365095026781894,0.23935575167348674,1
30710,7,31,0.8322580645161293,0.6796990111280921,0.1525590533880372,0.18330738972981211,1
26063,4,30,0.5466666666666667,0.3944071942660195,0.15225947240064724,0.27852342512313516,1
24908,1,31,2.7645161290322586,2.6129955085386367,0.15152062049362192,0.05480909259395891,1
31707,12,31,1.8451612903225811,1.695103265305693,0.15005802501688814,0.08132515341824355,1
28138,7,27,2.5444444444444447,2.396161130175784,0.1482833142686606,0.058277285083753065,1
29866,6,19,1.1473684210526323,1.0002324431424576,0.14713597791017463,0.12823777891253746,1
28440,6,30,0.8500000000000001,0.7030035972405703,0.14699640275942982,0.1729369444228586,1
28138,12,31,2.6741935483870964,2.528030944885833,0.14616260350126353,0.05465670335994174,1
30636,6,30,1.313333333333333,1.1682001340029573,0.14513319933037572,0.11050751218048915,1
29866,3,19,1.5947368421052632,1.4532358582477953,0.1415009838574679,0.08872998987762012,1
34861,2,28,0.942857142857143,0.803239268524113,0.13961787433302997,0.14807956368654693,1
34861,4,30,0.52,0.3805361925878522,0.1394638074121478,0.2681996296387458,1
26063,2,28,0.6678571428571428,0.5289974694590148,0.138859673398128,0.20791822754799916,1
24738,8,31,1.0225806451612902,0.8840625169449801,0.13851812821631015,0.1354593682872434,1
35121,7,31,0.8645161290322579,0.72670501606268,0.13781111296957793,0.15940837694242227,1
31388,9,30,1.0299999999999996,0.893073421921295,0.13692657807870456,0.1329384253191307,1
31004,12,31,1.2935483870967734,1.1567683274330889,0.13678005966368456,0.10574019574998064,1
34861,5,31,0.7064516129032259,0.5698662984389197,0.13658531446430622,0.1933399428490179,1
30710,4,30,0.8766666666666667,0.7404803067533543,0.1361863599133124,0.15534565769579362,1
30393,11,30,1.573333333333333,1.4391556430835115,0.1341776902498215,0.08528243024353063,1
30230,6,30,0.8366666666666662,0.7025453582625126,0.1341213084041536,0.16030435267428725,1
31873,4,30,1.7866666666666668,1.6552449049681217,0.13142176169854514,0.07355695617455883,1
31004,1,31,1.4354838709677415,1.3047089981264703,0.1307748728412712,0.09110159681077322,1
29838,9,30,1.3866666666666665,1.2561346359802443,0.13053203068642216,0.09413367597578523,1
35121,6,30,0.876666666666667,0.7468207339558123,0.12984593271085476,0.14811323122911182,1
29866,7,30,0.8833333333333333,0.7537876135028827,0.1295457198304506,0.14665553188352898,1
31388,8,20,0.6050000000000005,0.4787477726794105,0.12625222732059005,0.2086813674720495,1
30521,1,31,1.7000000000000004,1.5740734818243334,0.12592651817566702,0.0740744224562747,1
35121,5,31,1.1451612903225805,1.0192484448327679,0.12591284548981263,0.10995206225870963,1
30710,10,31,0.9580645161290322,0.8326575074149747,0.12540700871405752,0.1308962043816762,1
30710,6,30,0.8533333333333333,0.7285656634565388,0.12476766987679444,0.1462121131368685,1
30965,2,28,2.9142857142857146,2.7899044015398604,0.12438131274585418,0.042679862216714666,1
21946,7,31,1.4709677419354839,1.34815317051938,0.12281457141610375,0.08349236214691264,1
31004,7,31,0.9387096774193546,0.8162238121521189,0.1224858652672357,0.13048322416784564,1
29612,7,31,0.6290322580645162,0.5066853971402792,0.12234686092423708,0.19450013787955633,1
37235,3,31,0.7161290322580646,0.5947241462451408,0.12140488601292376,0.169529345333362,1
21946,10,31,1.3000000000000003,1.1787301389485876,0.12126986105141269,0.09328450850108666,1
34391,7,31,0.829032258064516,0.7091612105439894,0.11987104752052657,0.14459153591970134,1
30252,7,31,1.058064516129032,0.9384549222225013,0.11960959390653081,0.1130456527775139,1
32411,2,28,2.15,2.0304568618086196,0.1195431381913803,0.055601459623897814,1
29430,1,31,0.8774193548387098,0.7609756106748867,0.11644374416382308,0.13271162018671012,1
21982,10,31,0.9580645161290322,0.8419434711329453,0.11612104499608689,0.12120378433934996,1
30054,4,30,1.16,1.0438960454566404,0.11610395454335953,0.10008961598565477,1
29866,12,31,2.0258064516129033,1.9098269940623407,0.1159794575505626,0.05725100611572358,1
27333,7,26,1.6076923076923075,1.4918034192984335,0.11588888839387401,0.07208399756556758,1
25551,1,30,2.386666666666667,2.271261461477993,0.11540520518867403,0.048354136252237716,1
25551,11,30,3.2833333333333328,3.1681287725277523,0.1152045608055805,0.03508768349408544,1
30054,5,31,0.6806451612903228,0.566274450252105,0.11437071103821783,0.16803279820780814,1
24688,9,30,2.413333333333333,2.2992715359770703,0.11406179735626276,0.047263175700108885,1
25563,7,31,1.470967741935484,1.358665261383434,0.11230248055205005,0.07634598458582349,1
24908,9,30,1.4766666666666668,1.3665251877755016,0.11014147889116521,0.07458790895564235,1
22837,7,31,1.2516129032258065,1.1421657375528702,0.10944716567293633,0.08744490040878933,1
28411,6,30,0.7333333333333331,0.6249478607669978,0.10838547256633524,0.14779837168136628,1
25703,8,31,1.7322580645161292,1.6255059823683982,0.10675208214773102,0.06162596921004956,1
22837,5,31,1.4322580645161294,1.325636891763437,0.10662117275269245,0.07444271070570868,1
24908,6,30,1.22,1.1138812784733174,0.10611872152668256,0.08698255862842832,1
34861,1,31,0.5129032258064516,0.4068537105697022,0.10604951523674944,0.20676320580749888,1
28900,2,28,0.7535714285714287,0.6476851595467702,0.10588626902465847,0.14051258448769843,1
24959,11,30,1.5266666666666673,1.4218600077708885,0.10480665889577878,0.0686506499317328,1
28434,8,31,1.3096774193548386,1.2049096163168849,0.10476780303795374,0.07999512054622085,1
37099,10,31,0.9580645161290323,0.8535359742612498,0.10452854186778249,0.10910386524920057,1
26063,8,31,0.5677419354838712,0.46329335689563195,0.10444857858823925,0.18397192819519406,1
23891,8,31,1.0225806451612904,0.91838022692705,0.10420041823424042,0.10189946262654424,1
37235,12,31,0.9032258064516128,0.7993693857140363,0.1038564207375765,0.11498389438803115,1
21946,1,31,2.0322580645161294,1.9287071510493903,0.10355091346673917,0.050953624086808154,1
34646,10,31,0.8870967741935486,0.7838274847204733,0.10326928947307534,0.11641265358783036,1
29612,12,31,1.5096774193548386,1.4064306176148926,0.10324680173994594,0.06838997551150265,1
29866,4,20,1.36,1.2574376752712133,0.10256232472878679,0.0754134740652844,1
34172,3,31,1.2580645161290323,1.1557234792904578,0.10234103683857443,0.08134800364091814,1
24966,4,29,2.0275862068965513,1.9253280641501953,0.10225814274635603,0.05043343774905315,1
25551,2,28,2.224999999999999,2.122897787032151,0.10210221296784816,0.04588863504172953,1
29263,8,31,0.8354838709677421,0.7335988345054454,0.10188503646229674,0.12194734093942851,1
30823,2,28,1.4428571428571426,1.3409730206508195,0.10188412220632315,0.07061275796477844,1
23891,4,30,1.6600000000000001,1.5588209623287532,0.10117903767124692,0.06095122751279934,1
31329,9,30,0.7000000000000001,0.5993781603437618,0.10062183965623828,0.14374548522319752,1
27648,6,30,0.5666666666666671,0.46604811566263454,0.10061855100403255,0.17756214883064556,1
21946,11,30,1.9700000000000002,1.8705053825033067,0.09949461749669353,0.050504881978017016,1
24125,6,30,0.6366666666666669,0.5376374681401013,0.09902919852656566,0.1555432437590036,1
28434,6,30,1.1,1.0015385786170061,0.09846142138299396,0.08951038307544905,1
21982,11,30,1.5066666666666668,1.4087710773248607,0.09789558934180609,0.06497494867818987,1
24908,7,31,0.9451612903225806,0.8477093796638192,0.09745191065876135,0.10310611707923557,1
28224,8,31,1.3387096774193545,1.2414154667343114,0.09729421068504318,0.07267760316232143,1
24817,4,30,2.3466666666666662,2.2494508575801633,0.09721580908650296,0.041427191372089334,1
24738,7,31,1.1096774193548384,1.0124706708715197,0.09720674848331878,0.08759910473787451,1
25703,2,28,2.5642857142857145,2.4670804401856685,0.09720527410004598,0.0379073492312157,1
37031,6,30,0.73,0.6332388922586867,0.0967611077413133,0.1325494626593333,1
26063,3,31,0.5903225806451612,0.49356484664813,0.09675773399703119,0.16390654392939713,1
28722,8,31,1.1774193548387093,1.0812366716344712,0.09618268320423806,0.08168940217346249,1
34139,7,26,1.1,1.0038983799278471,0.09610162007215295,0.08736510915650267,1
37099,7,26,0.6192307692307693,0.5237694784733351,0.09546129075743415,0.15416109066417935,1
28698,5,31,0.7548387096774194,0.6594771753770544,0.09536153430036498,0.12633365655176557,1
25551,3,31,3.4000000000000012,3.3047648265383875,0.0952351734616137,0.028010345135768725,1
24966,11,30,2.6133333333333337,2.5182769643004077,0.09505636903292602,0.03637361059933393,1
31594,5,31,1.2967741935483872,1.2023155768969322,0.09445861665145494,0.07284122179589808,1
29866,5,17,1.1999999999999997,1.1056444745003418,0.09435552549965798,0.07862960458304834,1
30393,1,30,1.6233333333333329,1.5290043965655145,0.0943289367678184,0.05810817460029882,1
29231,5,31,1.5677419354838709,1.4736761965320793,0.0940657389517916,0.06000077998982592,1
30521,9,30,1.39,1.2959793004540923,0.09402069954590764,0.06764079104022133,1
28440,5,31,1.2322580645161287,1.1383634442217607,0.09389462029436801,0.07619720495092694,1
23891,6,30,1.0266666666666666,0.9341641172373502,0.09250254942931646,0.09009988580777578,1
24641,3,31,1.654838709677419,1.5624256254387126,0.09241308423870653,0.05584416396491039,1
24738,9,30,1.0599999999999998,0.9680314927643708,0.091968507235629,0.08676274267512171,1
34172,1,30,1.7133333333333332,1.621490204023876,0.09184312930945726,0.05360493928567545,1
27459,1,31,1.2387096774193553,1.1468970277529933,0.09181264966636205,0.07411958697024017,1
31329,5,31,0.8000000000000002,0.7089541470819011,0.09104585291809908,0.11380731614762382,1
23921,8,31,1.1258064516129025,1.0354194420097973,0.0903870096031052,0.08028645552138289,1
28434,7,31,0.9096774193548386,0.8212255811428382,0.08845183821200042,0.09723429023305012,1
30636,8,31,0.9645161290322581,0.8760851693967421,0.08843095963551606,0.09168427253180594,1
31594,10,31,1.3064516129032258,1.2184117403776076,0.08803987252561818,0.06738854440232503,1
37031,7,31,1.5774193548387099,1.489764907266164,0.08765444757254581,0.055568259197319426,1
25703,11,30,2.9133333333333336,2.8261193949994623,0.08721393833387125,0.029936134439543908,1
22217,1,31,1.4096774193548387,1.3225281534133366,0.08714926594150207,0.061822133734246325,1
30393,9,30,1.2433333333333332,1.156887220102456,0.08644611323087714,0.06952770501142934,1
24908,4,30,2.4099999999999997,2.324519640242453,0.08548035975754686,0.0354690289450402,1
28440,8,31,1.0064516129032257,0.9213945267988658,0.08505708610435991,0.08451184837292172,1
31915,4,30,1.4533333333333327,1.368439171512335,0.08489416182099774,0.058413414097016815,1
24688,10,31,2.2096774193548385,2.1254744382965867,0.08420298105825186,0.038106458581106686,1
27947,2,21,1.3761904761904762,1.2925024566670849,0.08368801952339133,0.060811363667516195,1
31416,4,30,1.97,1.8863570406708494,0.08364295932915056,0.042458354989416525,1
24266,11,30,3.4400000000000004,3.3579960040525236,0.08200399594747676,0.02383837091496417,1
29231,7,31,0.8677419354838714,0.7865861867559639,0.08115574872790743,0.09352521228866652,1
32098,1,31,2.6774193548387095,2.5968381396373617,0.08058121520134787,0.030096598448696193,1
30777,4,30,1.2566666666666668,1.176295269918967,0.08037139674769977,0.06395601863212183,1
31416,1,31,2.029032258064516,1.950029278408745,0.07900297965577097,0.03893628568090461,1
29838,8,31,1.0935483870967742,1.0146616515336129,0.07888673556316128,0.07213831275687314,1
31416,5,31,1.1387096774193548,1.0602635162312875,0.07844616118806735,0.06889039651076737,1
29838,7,31,1.2580645161290318,1.1796643458252247,0.07840017030380708,0.06231808408764155,1
25551,10,31,2.4580645161290318,2.3800705751556266,0.07799394097340517,0.03172981850624096,1
21946,8,31,1.2935483870967743,1.2156664731698068,0.07788191392696753,0.06020796338493748,1
24507,11,30,2.5366666666666666,2.4589824241661455,0.07768424250052108,0.030624537122413042,1
34009,3,31,1.1806451612903224,1.1040722687120559,0.0765728925782665,0.06485682158268474,1
28900,12,31,0.8516129032258064,0.7750438284262138,0.07656907479959263,0.08991065601467317,1
31329,6,30,1.1200000000000003,1.0436076146714,0.07639238532860038,0.06820748690053603,1
23405,6,30,0.956666666666667,0.8805470225464053,0.07611964412026173,0.07956757225114464,1
32389,1,31,2.1580645161290324,2.082325898041068,0.07573861808796423,0.03509562273134366,1
25563,8,31,1.6096774193548389,1.533946840483017,0.07573057887182189,0.04704705300654265,1
27595,12,31,1.4838709677419355,1.408974750207385,0.07489621753455045,0.05047353790371878,1
31369,6,30,1.32,1.2451064830708343,0.0748935169291658,0.0567375128251256,1
29612,4,30,0.7733333333333332,0.6985391815126201,0.07479415182071314,0.09671657563023252,1
31329,3,31,1.1419354838709677,1.0672359053288543,0.0746995785421134,0.06541488516399761,1
31594,3,31,2.1225806451612907,2.0482684706052336,0.0743121745560571,0.035010295003613516,1
30054,7,31,0.7290322580645165,0.6548006167033896,0.07423164136112692,0.10182216292897935,1
27823,7,31,0.7741935483870964,0.700004945809098,0.07418860257799842,0.09582694499658133,1
30230,8,31,0.5806451612903227,0.5064826340697866,0.07416252722053618,0.12772435243536784,1
29282,7,31,0.7612903225806454,0.6872744937251983,0.07401582885544711,0.09722418197113812,1
24507,7,31,0.9709677419354834,0.8972025877401201,0.07376515419536334,0.07597075681250048,1
31369,7,31,1.0774193548387097,1.0037332873806553,0.0736860674580544,0.06839126021555947,1
25703,1,30,2.52,2.446510910685864,0.073489089314136,0.029162337029419047,1
32098,10,31,1.7516129032258065,1.678543730265834,0.07306917295997262,0.041715365778253244,1
28900,8,31,0.6,0.5269560443396235,0.07304395566037647,0.12173992610062745,1
21946,5,31,1.2000000000000002,1.1270615718744084,0.07293842812559181,0.06078202343799317,1
29866,2,15,1.7733333333333334,1.700719401855006,0.0726139314783274,0.040947705720861316,1
30372,3,31,2.2322580645161296,2.160045191861177,0.07221287265495269,0.032349697287623304,1
24507,12,31,2.254838709677419,2.1830073257033553,0.07183138397406363,0.031856550832560414,1
27947,3,31,1.335483870967742,1.263676205353182,0.07180766561455987,0.05376902497708589,1
31329,4,30,1.2,1.128260873407275,0.07173912659272497,0.05978260549393748,1
24951,9,30,1.3299999999999998,1.2583022351833304,0.07169776481666945,0.05390809384711989,1
32061,3,31,2.1580645161290315,2.086551626422491,0.07151288970654068,0.03313751242007118,1
30710,5,31,1.0419354838709676,0.9705384053741215,0.07139707849684607,0.06852351187003804,1
31532,4,30,1.943333333333333,1.8720464200695817,0.07128691326375125,0.036682802708619865,1
36034,5,31,1.561290322580645,1.490472268757022,0.07081805382362294,0.04535867083744445,1
37031,8,31,0.9032258064516127,0.832541375404995,0.0706844310466177,0.07825776294446962,1
30823,1,31,2.1838709677419357,2.1132080700442426,0.07066289769769307,0.032356718295841726,1
30965,4,30,1.7333333333333334,1.6627203358865634,0.07061299744676997,0.040738267757751905,1
30823,7,31,0.5612903225806449,0.49113455469496137,0.07015576788568356,0.12499016117564318,1
24966,9,30,1.903333333333333,1.8332928317090558,0.07004050162427733,0.03679886249962032,1
30710,3,31,1.12258064516129,1.0528068999984241,0.06977374516286594,0.06215477298990933,1
30521,6,30,0.9733333333333332,0.9036968476053048,0.06963648572802839,0.07154433465208397,1
28440,2,28,1.1,1.0305552776207414,0.0694447223792587,0.06313156579932608,1
27947,7,31,0.9741935483870965,0.9052433474518524,0.06895020093524407,0.07077669632425718,1
24641,4,30,1.1133333333333335,1.0445015523240777,0.0688317810092558,0.06182495300232556,1
31594,12,31,1.9709677419354834,1.9023872509329627,0.06858049100252073,0.034795339133848496,1
29263,4,30,1.613333333333333,1.5451384410611078,0.0681948922722253,0.04226956132575949,1
23884,1,31,2.1870967741935488,2.1189196384741655,0.06817713571938322,0.03117243668585368,1
23891,7,31,0.9709677419354844,0.9029217734394822,0.0680459684960022,0.07008056556066668,1
28064,6,30,0.7499999999999997,0.682269654714904,0.0677303452850957,0.0903071270467943,1
29282,6,30,1.21,1.1427134850745968,0.06728651492540316,0.05560869002099435,1
29838,5,31,1.8806451612903228,1.813500807607605,0.06714435368271787,0.03570282957400092,1
28275,6,30,0.7533333333333336,0.6861889919587646,0.06714434137456904,0.08912965669190577,1
31909,1,31,1.7548387096774194,1.68795170333765,0.0668870063397693,0.03811575728920677,1
27595,1,31,1.4677419354838712,1.4008793179632668,0.0668626175206044,0.045554750398653546,1
29698,6,30,1.0899999999999996,1.023305688199774,0.06669431180022567,0.06118744201855568,1
30949,6,30,1.02,0.9533094222507754,0.0666905777492246,0.0653829193619849,1
23933,6,30,0.8866666666666665,0.82089784680655,0.06576881986011651,0.07417536074449232,1
30372,4,30,1.8033333333333337,1.737803565857483,0.0655297674758506,0.03633813353559182,1
25551,8,31,1.6419354838709674,1.5767517803588076,0.06518370351215985,0.039699308622337046,1
29570,4,30,0.7766666666666667,0.7118024530994834,0.0648642135671833,0.08351615480753215,1
24688,11,30,2.3600000000000003,2.295437474071712,0.06456252592828848,0.027357002511986642,1
34861,11,30,0.7100000000000002,0.6454452080127889,0.06455479198721126,0.0909222422355088,1
27459,11,30,0.8766666666666667,0.8124390406649499,0.06422762600171683,0.07326345171298497,1
22602,2,28,1.0464285714285715,0.9823761011886364,0.0640524702399351,0.06121055176512569,1
28440,7,31,0.729032258064516,0.6649841190908251,0.06404813897369088,0.08785364195506273,1
30372,7,31,0.938709677419355,0.8748912935651199,0.0638183838542351,0.06798521991344632,1
24507,6,30,0.85,0.7862082362070294,0.06379176379297058,0.07504913387408303,1
31915,1,31,1.5129032258064519,1.4493272499815564,0.06357597582489549,0.042022500012191044,1
31168,12,31,1.8451612903225802,1.7815997797819263,0.06356151054065395,0.03444767179650827,1
31960,1,31,2.1709677419354843,2.1074580805220338,0.06350966141345049,0.02925407880857303,1
24817,7,31,1.1483870967741938,1.0852877401211847,0.06309935665300914,0.054946068995597834,1
26063,12,31,0.5903225806451613,0.5273388072524454,0.06298377339271588,0.10669382378001051,1
29698,7,31,1.0483870967741933,0.9854044087412922,0.06298268803290108,0.06007579473907489,1
30372,9,30,0.9766666666666667,0.9139394194776497,0.06272724718901701,0.06422585036418124,1
31873,10,31,1.5870967741935489,1.5246903113365655,0.06240646285698337,0.03932114529606674,1
24266,4,30,2.4533333333333327,2.39126865717867,0.06206467615466282,0.0252981016934767,1
29866,11,30,1.75,1.688176952731365,0.06182304726863497,0.03532745558207712,1
34009,12,31,0.7870967741935485,0.7254596518091737,0.0616371223843748,0.07830945876703355,1
30777,1,31,1.3806451612903232,1.3194471863076793,0.0611979749826439,0.04432563608555981,1
31960,3,31,1.3322580645161295,1.271279734276589,0.06097833023954058,0.045770659501834315,1
34139,8,31,1.138709677419355,1.0778984701411947,0.06081120727816036,0.053403609791019005,1
31168,10,31,1.4193548387096775,1.3585859292342122,0.060768909475465316,0.04281445894862329,1
31369,3,31,2.0290322580645164,1.9682885669234405,0.06074369114107592,0.029937272263487334,1
24266,9,30,1.5766666666666667,1.5162362841075632,0.06043038255910349,0.03832793819816289,1
29612,8,31,0.6838709677419356,0.6234978571523154,0.06037311058962014,0.08828143529614264,1
31369,12,31,2.3451612903225802,2.284887972905522,0.060273317417058436,0.025701139476324783,1
25703,6,30,1.1433333333333335,1.0831609367571393,0.06017239657619422,0.05262891828821651,1
31909,4,30,1.6866666666666665,1.6269550639810357,0.059711602685630805,0.03540213597962301,1
23891,5,31,1.3806451612903226,1.321223967325319,0.05942119396500356,0.04303871525502594,1
29612,3,31,0.9903225806451617,0.9310774493594663,0.05924513128569531,0.05982407393669557,1
30372,2,28,3.0285714285714285,2.9695240504223364,0.05904737814909211,0.01949677580394551,1
23724,6,30,0.8733333333333337,0.8144154908973918,0.05891784243594189,0.06746317836176549,1
31329,2,28,1.6607142857142863,1.6022088252408082,0.058505460473478044,0.03522909447865343,1
24944,9,30,0.9700000000000001,0.9115978824556799,0.05840211754432023,0.06020836860239199,1
28722,7,31,0.9225806451612901,0.864287485944559,0.05829315921673117,0.06318489285729603,1
28224,5,31,1.0548387096774199,0.9966347186833115,0.058203990994108334,0.05517809543783968,1
31369,10,31,1.3451612903225807,1.287002068926203,0.05815922139637775,0.043235872021288015,1
34646,3,31,0.7419354838709676,0.6842135798895387,0.05772190398142896,0.07779908797496947,1
34824,6,30,0.7400000000000002,0.6823419516583039,0.0576580483416963,0.07791628154283281,1
24951,3,31,2.648387096774194,2.590749533727893,0.057637563046300855,0.021763269846958908,1
24908,5,31,1.2516129032258065,1.1940090083713455,0.057603894854461046,0.046023730424955986,1
29698,1,31,2.2677419354838704,2.2103764814926836,0.057365453991186754,0.025296288388716785,1
31873,5,31,1.1129032258064515,1.0558771293167166,0.05702609648973489,0.05124084032410962,1
36034,4,30,1.48,1.4231622845570218,0.05683771544297822,0.03840386178579609,1
30777,9,30,1.2633333333333334,1.2065328817447103,0.056800451588623124,0.044960779621601416,1
23631,6,30,0.9400000000000002,0.8832183818308805,0.05678161816911964,0.06040597677565918,1
27459,12,31,1.6387096774193548,1.582057390564483,0.05665228685487178,0.03457127741143751,1
23631,5,31,1.1096774193548384,1.053033776661358,0.056643642693480434,0.051045143124938776,1
26063,11,30,0.42,0.36385118228642926,0.05614881771357072,0.13368766122278744,1
22887,7,31,0.6677419354838714,0.6116106602784624,0.05613127520540895,0.08406133001776214,1
30758,5,31,0.703225806451613,0.6471816581161747,0.05604414833543836,0.0796958072659903,1
31873,3,31,1.4903225806451614,1.434540401310985,0.055782179334176396,0.03742960085193654,1
31915,10,31,1.7,1.6442412391145411,0.055758760885458836,0.032799271109093434,1
24951,11,30,1.5733333333333335,1.517772982491756,0.0555603508415774,0.035313782314561906,1
23472,7,31,1.0967741935483875,1.0415337154132194,0.05524047813516808,0.050366318299712054,1
24817,8,31,1.4129032258064516,1.3577833970410491,0.055119828765402445,0.0390117509526821,1
30393,6,30,0.7766666666666667,0.7215865478739321,0.05508011879273467,0.07091860788764119,1
29698,4,30,1.4966666666666666,1.4417634478150387,0.054903218851627855,0.03668366515698966,1
31388,6,30,0.7566666666666663,0.7019789410766788,0.05468772558998747,0.07227452721143722,1
22113,9,30,0.7666666666666667,0.7121163589198705,0.054550307746796256,0.07115257532190815,1
32098,2,28,2.060714285714286,2.00620463273919,0.054509652975096134,0.026451824667291016,1
30673,10,31,1.6290322580645165,1.5745514344214684,0.05448082364304807,0.03344367391949485,1
30949,3,31,1.3322580645161293,1.2779946829574724,0.05426338155865684,0.040730383252260575,1
31707,1,31,1.6935483870967742,1.6394125736144232,0.05413581348235108,0.031965908913388255,1
28722,6,30,0.9599999999999996,0.906015279298291,0.05398472070170868,0.05623408406427989,1
30777,6,30,0.5266666666666665,0.47315735857420965,0.05350930809245685,0.1015999520742852,1
23884,12,31,2.948387096774194,2.894927164052115,0.05345993272207883,0.018131924665037675,1
29263,7,31,0.7967741935483869,0.7433247093556739,0.053449484192713004,0.06708234858194752,1
30925,4,30,1.3466666666666665,1.2933551204452596,0.05331154622140688,0.03958778184757937,1
31168,7,31,0.9322580645161287,0.8791263001543316,0.05313176436179712,0.05699255000746406,1
30925,5,31,1.1548387096774195,1.1017266470676554,0.05311206260976409,0.04599089220398565,1
30673,5,31,1.1741935483870967,1.1212483524479948,0.05294519593910185,0.045090688849235096,1
28661,9,30,0.8000000000000002,0.7471958985497461,0.05280410145025405,0.06600512681281755,1
23631,7,31,0.8516129032258064,0.7992993842911439,0.05231351893466252,0.06142875329449008,1
29698,5,31,1.2161290322580647,1.1639044632395557,0.052224569018509026,0.04294327956429123,1
22583,8,31,0.7451612903225807,0.6929830788701284,0.05217821145245227,0.07002270800978443,1
22641,7,31,0.7935483870967742,0.7414955162127351,0.05205287088403909,0.06559508119533382,1
29838,4,30,1.3766666666666665,1.3247697633416218,0.05189690332504471,0.037697508468555484,1
36034,6,30,1.1800000000000002,1.128138480804084,0.051861519195916195,0.043950439996539144,1
30054,8,31,0.6580645161290325,0.6062159771656942,0.0518485389633383,0.0787894464638964,1
30925,12,31,1.2741935483870968,1.2223665541635218,0.05182699422357495,0.040674349896982875,1
31707,2,28,1.721428571428571,1.6697166639517522,0.051711907476818864,0.030040112227197685,1
34646,12,31,1.106451612903226,1.055012706645652,0.05143890625757397,0.04648997358556247,1
30965,10,31,1.4096774193548387,1.3582794388571622,0.05139798049767652,0.03646080996402682,1
31532,11,30,2.1066666666666665,2.0554683691123987,0.05119829755426775,0.024302989345380263,1
29430,10,31,0.5774193548387099,0.5262225536003974,0.051196801238312495,0.08866485130657469,1
21946,12,31,1.8258064516129036,1.7747193996883486,0.05108705192455498,0.027980540806735055,1
30054,10,31,0.8677419354838709,0.816901734055237,0.05084020142863388,0.05858907971329556,1
31594,11,30,1.7133333333333334,1.66260191452526,0.050731418808073414,0.029609777514439734,1
28698,2,28,1.407142857142858,1.3564329101969064,0.050709946945951545,0.03603752574839194,1
24125,8,31,1.0193548387096774,0.9686465735392205,0.0507082651704569,0.04974545000899253,1
28224,10,31,0.8451612903225805,0.7944733634695688,0.05068792685301171,0.05997426459707494,1
34139,12,31,1.7000000000000004,1.649416298574861,0.05058370142513935,0.02975511848537608,1
24688,1,31,1.4258064516129036,1.3753996008605451,0.05040685075235851,0.035353221115907545,1
34824,9,30,0.6766666666666665,0.6263195302443658,0.05034713642230071,0.07440463510684836,1
28722,1,31,0.9129032258064516,0.8627004709052929,0.050202754901158664,0.05499241702953776,1
23884,7,31,1.0483870967741937,0.9982128151778837,0.05017428159630999,0.04785854552263413,1
31707,6,30,0.7633333333333332,0.7133506839781656,0.04998264935516761,0.06547945330371303,1
31388,3,31,1.6161290322580646,1.5661535094396513,0.04997552281841333,0.030922978191034196,1
22820,5,31,0.7741935483870968,0.7242889238545219,0.049904624532574826,0.06446014002124248,1
23724,8,31,0.703225806451613,0.653773511438221,0.04945229501339199,0.07032207089060327,1
23205,10,31,0.7645161290322581,0.7152599077467104,0.04925622128554763,0.06442796877012559,1
30252,6,30,0.8566666666666667,0.8074130580944756,0.04925360857219108,0.05749448471461993,1
31532,5,31,1.1451612903225812,1.096184871653985,0.048976418668596144,0.04276814024581633,1
30777,3,31,1.532258064516129,1.4833016269931363,0.048956437522992724,0.03195051712026894,1
29698,9,30,1.0066666666666666,0.957726642951257,0.04894002371540962,0.04861591759808903,1
28224,7,27,1.348148148148148,1.299718254086476,0.048429894061672085,0.0359232730677238,1
30673,9,30,1.3766666666666663,1.3282929687850782,0.048373697881588074,0.0351382793328727,1
31909,10,31,1.5645161290322582,1.5161887404236576,0.04832738860860064,0.03088967106941484,1
30521,4,30,1.1699999999999997,1.1218049610258862,0.04819503897411348,0.041192341003515806,1
22550,6,30,0.7466666666666665,0.6985202413680753,0.048146425298591145,0.06448181959632744,1
24966,5,31,0.9548387096774191,0.906734805557677,0.04810390411974208,0.05037908877405422,1
31510,5,31,0.8548387096774192,0.8068065597258681,0.04803214995155103,0.056188552773512535,1
34391,1,31,1.5451612903225806,1.4971644962603843,0.04799679406219637,0.03106264333879097,1
30949,2,28,2.0785714285714287,2.030750232499424,0.047821196072004746,0.02300676099684077,1
29231,4,30,1.2633333333333334,1.2155829480495668,0.04775038528376663,0.03779713874704482,1
32098,3,31,2.103225806451613,2.0554757752535773,0.04775003119803589,0.022703235692317674,1
23921,7,31,0.967741935483871,0.92003876489594,0.04770317058793094,0.04929327627419531,1
30925,8,31,0.9612903225806453,0.9137894301011622,0.04750089247948308,0.049413680096106555,1
29430,12,31,0.8709677419354838,0.8235656907406673,0.04740205119481644,0.05442457729775222,1
24817,5,31,1.0225806451612904,0.975326953030977,0.047253692130313385,0.04621023520630015,1
27648,7,31,1.0451612903225804,0.9983299935269027,0.04683129679567777,0.04480772224277812,1
23955,5,31,1.6419354838709679,1.5951467499853669,0.04678873388560101,0.02849608547060179,1
30965,9,30,1.2100000000000002,1.163251467418352,0.04674853258164813,0.03863515089392407,1
31594,9,30,1.5266666666666666,1.4800079225520295,0.04665874411463711,0.030562496144958803,1
28493,8,31,1.0548387096774197,1.008204765425337,0.04663394425208267,0.04420954959677561,1
24966,3,28,2.982142857142857,2.9355425028297994,0.04660035431305776,0.015626466116953498,1
27648,8,31,0.9451612903225803,0.898627035044155,0.04653425527842536,0.049234195004477364,1
23933,7,31,0.7193548387096769,0.6728772102315903,0.04647762847808656,0.06461015618029976,1
24959,9,30,0.9799999999999999,0.9336517057802056,0.04634829421979425,0.04729417777530026,1
31004,9,30,1.3599999999999999,1.3138037611948812,0.046196238805118695,0.03396782265082257,1
32411,1,31,1.7677419354838708,1.7216462206069298,0.046095714876940974,0.026076043087320627,1
23472,12,31,2.4967741935483865,2.450739232934893,0.046034960613493325,0.01843777492271697,1
23711,4,30,0.9299999999999998,0.883988435812593,0.04601156418740682,0.049474800201512716,1
28900,3,31,0.7290322580645162,0.6830207036187474,0.046011554445768765,0.06311319415127574,1
24817,6,30,1.1966666666666663,1.1509493702131237,0.04571729645354261,0.03820386890268186,1
22550,4,30,0.6066666666666669,0.5610087477971646,0.04565791886950232,0.07526030582884995,1
20674,8,31,0.458064516129032,0.4128248634787774,0.04523965265025459,0.09876262198295023,1
29570,7,31,0.6032258064516133,0.5579937672295502,0.04523203922206309,0.07498359443229706,1
31253,9,30,0.98,0.9348659176624388,0.04513408233756122,0.04605518605873594,1
23631,8,31,1.0419354838709676,0.996821825677442,0.04511365819352553,0.043297938204312436,1
21946,9,30,0.8999999999999999,0.8552464381364427,0.04475356186355717,0.049726179848396855,1
20674,10,31,0.4483870967741936,0.40381417829760735,0.04457291847658623,0.09940722825713476,1
28900,5,31,0.6677419354838706,0.6232170080855386,0.044524927398332026,0.06667984296368568,1
37472,4,30,0.5633333333333332,0.5188281790309568,0.04450515430237645,0.07900323248942566,1
34880,5,31,0.45483870967741946,0.410356237986525,0.044482471690894476,0.09779834201544173,1
30949,5,31,1.1354838709677417,1.0911061859434803,0.044377685024261426,0.039082620333866606,1
30673,4,30,1.4366666666666668,1.392398282218093,0.04426838444857384,0.030813260637058356,1
32061,10,31,1.1677419354838707,1.1235500657706026,0.04419186971326816,0.037843866329041805,1
31510,3,31,1.7322580645161287,1.6880678809545293,0.04419018356159943,0.025510161832580678,1
24343,5,30,0.7333333333333332,0.6892442212240872,0.04408911210924593,0.0601215165126081,1
31510,9,30,1.13,1.0866411602730166,0.04335883972698329,0.03837065462564893,1
30521,8,31,0.9193548387096776,0.8761067696549516,0.043248069054726,0.047041759322684416,1
30393,2,28,1.2642857142857145,1.2210745745491118,0.04321113973660262,0.03417830261652184,1
34861,9,30,0.49333333333333323,0.4501685281511897,0.04316480518214355,0.08749622672056127,1
28661,4,30,0.6966666666666664,0.6535452877863662,0.04312137888030021,0.061896716096124724,1
24688,2,28,1.485714285714287,1.4427035253126665,0.04301076040162055,0.0289495502703215,1
24908,3,31,2.519354838709678,2.4763481243535925,0.043006714356085496,0.017070526825078747,1
24738,5,31,1.3548387096774193,1.312058867943661,0.04277984173375837,0.03157559747015499,1
31960,10,31,1.7,1.6572477794070928,0.042752220592907175,0.02514836505465128,1
30230,5,31,0.8741935483870966,0.831464600204632,0.04272894818246464,0.04887813260724739,1
28698,3,31,1.1903225806451612,1.147682448827019,0.04264013181814219,0.0358223329637509,1
30393,4,30,1.6566666666666665,1.614188479626848,0.04247818703981854,0.025640756764477992,1
31707,7,31,0.532258064516129,0.49003011690816395,0.042227947607965055,0.07933735611193435,1
30372,6,30,1.1666666666666672,1.1244637366694163,0.04220292999725084,0.03617393999764356,1
27333,11,30,0.6733333333333333,0.6312562533768418,0.04207707995649157,0.06249071280667065,1
31873,12,31,2.1258064516129034,2.0838673048971357,0.041939146715767706,0.01972858191485279,1
24944,5,31,0.8774193548387096,0.8356188266763653,0.04180052816234425,0.04764030783208353,1
30673,3,31,2.132258064516128,2.0905037734098175,0.04175429110631068,0.019582194013549645,1
31369,9,30,1.8700000000000006,1.8282835061171798,0.04171649388282073,0.022308285498834606,1
23405,1,31,1.5225806451612898,1.481106683536768,0.04147396162452166,0.027239254456783303,1
22837,4,30,1.2366666666666668,1.1954799457297218,0.041186720936944976,0.033304626094564665,1
30925,9,30,0.8699999999999998,0.8288146984599319,0.04118530154006783,0.047339427057549247,1
32061,1,30,2.113333333333333,2.072155265651171,0.041178067682162034,0.01948489007042368,1
23724,4,30,0.8500000000000001,0.8089827484519824,0.04101725154801772,0.04825559005649143,1
28722,12,31,0.9580645161290322,0.9170735951470582,0.04099092098197399,0.04278513637849137,1
24507,9,30,1.0533333333333337,1.0124096037936523,0.040923729539681375,0.03885164196805192,1
22550,11,30,0.7733333333333333,0.732495159504675,0.040838173828658286,0.052807983399127095,1
31369,8,31,0.6677419354838712,0.6269714967714658,0.04077043871240538,0.061057178748046684,1
28434,10,31,1.064516129032258,1.023804340248272,0.04071178878398607,0.038244407645562674,1
23205,12,31,1.3322580645161295,1.2917810995362304,0.040476964979899055,0.030382225529706302,1
23324,6,30,0.9133333333333333,0.8730664248289415,0.04026690850439185,0.04408785602670641,1
31168,9,30,1.6866666666666665,1.6465312273168995,0.040135439349767044,0.023795715029506153,1
23891,10,31,0.9354838709677422,0.8954738466298535,0.040010024337888694,0.04276933636119135,1
30949,4,30,1.2,1.1600269072301088,0.03997309276989114,0.03331091064157595,1
30949,8,31,0.7419354838709676,0.7021488588341902,0.039786625036777434,0.053625451136526114,1
25703,4,30,2.186666666666666,2.1469229349820043,0.03974373168466183,0.018175487050912428,1
31915,8,31,0.5451612903225811,0.5055161433170708,0.03964514700551025,0.072721867288214,1
28900,6,30,0.5166666666666672,0.4770356218284567,0.03963104483821045,0.07670524807395564,1
32098,9,30,1.2266666666666668,1.187314930592445,0.03935173607422171,0.032080219625724216,1
37472,11,30,0.6366666666666667,0.5973959518857523,0.03927071478091437,0.061681750964786966,1
20891,5,31,0.9903225806451614,0.9511273066749825,0.03919527397017897,0.03957828967672794,1
30252,4,30,1.9166666666666672,1.8774755566039503,0.039191110062716916,0.02044753568489578,1
29282,11,30,1.3266666666666667,1.2876013811210767,0.03906528554558997,0.02944619513486681,1
30777,7,31,0.8387096774193548,0.7996450239326433,0.03906465348671151,0.04657708684954065,1
32061,7,31,0.7161290322580643,0.6770701303570127,0.03905890190105166,0.0545417098618289,1
29263,6,30,0.9266666666666662,0.8881410331303273,0.038525633536338866,0.0415744246795024,1
22550,7,31,0.5774193548387095,0.5389491634296892,0.038470191409020305,0.06662435383685082,1
31416,6,30,1.5833333333333337,1.5448734029712994,0.03845993036203432,0.024290482333916407,1
28411,10,31,0.8903225806451613,0.8520298768187652,0.03829270382639616,0.043009920964430466,1
30393,5,31,0.7838709677419355,0.7457459644074803,0.03812500333445523,0.04863683552955194,1
36034,9,30,1.0999999999999999,1.0620176967719963,0.037982303228003556,0.03452936657091233,1
24507,5,31,1.035483870967742,0.9975233630614058,0.037960507906336316,0.03665968053259893,1
29570,5,31,0.9387096774193548,0.9007741392198233,0.03793553819953155,0.04041242900981024,1
24688,4,30,2.516666666666667,2.4787939617109283,0.0378727049557388,0.01504875693605515,1
25551,4,30,2.2333333333333334,2.1954974240198593,0.037835909313474136,0.01694145193140633,1
30823,9,30,0.8900000000000001,0.8524228144107936,0.03757718558920653,0.042221556841805084,1
29282,5,31,1.1903225806451612,1.1528418687247455,0.03748071192041569,0.03148786096295085,1
20891,11,30,1.8733333333333333,1.835879177852344,0.03745415548098929,0.019993321431133075,1
30636,4,30,1.3066666666666669,1.2694928665589351,0.03717380010773175,0.028449336817141638,1
25551,12,31,3.370967741935484,3.333809853425051,0.03715788851043289,0.011022914294960953,1
29430,6,30,0.6666666666666664,0.6296440633602723,0.037022603306394064,0.05553390495959112,1
31510,10,31,0.8451612903225806,0.8082502156393326,0.036911074683247946,0.04367340897636208,1
22887,4,30,0.7300000000000001,0.6930992036468392,0.0369007963531609,0.05054903610022041,1
22583,7,31,0.7064516129032258,0.6695623723959989,0.03688924050722686,0.05221764638009282,1
30393,3,31,1.4516129032258067,1.4148174764881014,0.036795426737705306,0.025347960641530318,1
36034,8,31,0.8870967741935485,0.8503563801256199,0.03674039406792862,0.041416444222028614,1
31707,4,30,1.4599999999999997,1.4233066511070476,0.03669334889295217,0.025132430748597383,1
24951,5,31,0.8516129032258066,0.8149528324433485,0.03666007078245814,0.04304781038849251,1
24944,4,30,1.5233333333333332,1.486780254305623,0.03655307902771021,0.023995456692151126,1
31329,8,31,0.5000000000000001,0.46345312300054514,0.03654687699945497,0.07309375399890992,1
31909,7,31,0.7322580645161291,0.6958371747924685,0.03642088972366053,0.04973777891777429,1
36034,3,31,1.690322580645161,1.653931042903815,0.03639153774134596,0.021529344846979482,1
25551,6,30,0.9266666666666666,0.8905041624110921,0.036162504255574546,0.039024285167886204,1
23472,10,31,0.8806451612903227,0.8446995474955428,0.035945613794779896,0.04081736364975006,1
23955,11,30,1.6666666666666667,1.6307270040112118,0.035939662655454896,0.021563797593272937,1
32411,4,30,1.353333333333333,1.317442719436382,0.03589061389695103,0.026520158051934264,1
24343,2,28,1.117857142857143,1.082040605041368,0.035816537815775096,0.03204035331762628,1
33008,1,31,0.41290322580645145,0.37731016686531954,0.035593058941131905,0.08620193962305386,1
20674,4,30,1.2633333333333332,1.2278690747999266,0.03546425853340662,0.028071972453883872,1
30949,1,31,1.9870967741935481,1.9519857556139988,0.03511101857954935,0.01766950610334464,1
24688,8,31,1.8032258064516131,1.7682982563093386,0.034927550142274555,0.019369482189812364,1
28411,12,31,1.3451612903225807,1.3104101321892723,0.034751158133308424,0.02583419429574487,1
31388,5,31,0.8612903225806451,0.8265817624164028,0.034708560164242286,0.040298328280580935,1
31168,3,31,1.4612903225806453,1.4267304626334598,0.03455985994718547,0.023650235283945904,1
31594,4,30,1.6333333333333333,1.5988041208875927,0.03452921244574059,0.02114033415045342,1
37031,1,31,0.6870967741935484,0.6526788959430984,0.03441787825045006,0.05009174768844844,1
26063,5,31,0.5677419354838711,0.5333628560364554,0.034379079447415695,0.06055406039033445,1
21982,2,28,1.2464285714285712,1.2121149211994988,0.0343136502290724,0.027529576115015112,1
30252,9,30,0.9033333333333334,0.8690820906024886,0.03425124273084479,0.03791650486809386,1
25551,7,31,1.3645161290322583,1.330333505898396,0.03418262313386222,0.025051094968078693,1
28138,11,30,2.6466666666666674,2.612574843246404,0.03409182342026318,0.012881041594557873,1
31253,4,30,1.54,1.505943477437359,0.03405652256264102,0.02211462504067599,1
34880,8,31,0.3258064516129035,0.29203919734780986,0.03376725426509364,0.10364206754632692,1
27612,6,30,0.3066666666666667,0.2729034286588254,0.03376323800784131,0.11009751524296078,1
24343,1,31,1.641935483870968,1.6081777657412388,0.033757718129729275,0.020559710452290908,1
27947,8,31,0.8580645161290323,0.8243673405952797,0.03369717553375262,0.03927114441903501,1
23205,9,30,0.5266666666666666,0.4932741041406439,0.03339256252602274,0.06340359973295458,1
23955,8,31,0.7903225806451615,0.7570354285220227,0.03328715212313882,0.042118437380298086,1
23884,2,28,2.142857142857143,2.1095775833699313,0.03327955948721151,0.015530461094032038,1
28434,3,31,1.5161290322580643,1.4829706320686544,0.03315840018940985,0.021870434167483098,1
23891,9,30,0.8266666666666665,0.793521044003737,0.03314562266292953,0.040095511285801855,1
27199,1,31,0.9741935483870968,0.9412567289578583,0.03293681942923854,0.03380931795716539,1
28138,3,26,0.8692307692307693,0.8365432669578975,0.03268750227287176,0.03760509111038344,1
30230,9,30,0.7566666666666667,0.7240114798536403,0.03265518681302637,0.0431566345546604,1
34391,12,31,1.2161290322580642,1.1835905773981041,0.0325384548599601,0.02675575863816348,1
28434,5,31,1.138709677419355,1.1061804825258579,0.03252919489349715,0.028566715062277946,1
24966,10,30,1.25,1.2176471046995219,0.032352895300478135,0.025882316240382508,1
25703,5,31,1.1774193548387097,1.1451942885027124,0.03222506633599731,0.027369234422353877,1
23921,12,31,2.919354838709677,2.887169180152041,0.03218565855763611,0.011024921715875354,1
30252,2,28,2.892857142857142,2.86070611652542,0.032151026331721955,0.011113935028249568,1
34009,11,30,0.6333333333333333,0.6013220873832578,0.03201124595007554,0.050544072552750854,1
29231,6,30,1.2699999999999998,1.2379891156976432,0.032010884302356546,0.02520542071051697,1
29612,6,30,0.8566666666666667,0.8246584327458855,0.032008233920781226,0.03736369718379132,1
30965,11,30,1.7533333333333334,1.7217924679760999,0.03154086535723355,0.01798908670564651,1
30636,5,31,0.9645161290322581,0.9329849490268148,0.031531180005443304,0.03269118997219874,1
31004,3,31,1.6645161290322579,1.632989798288127,0.031526330744130915,0.018940237462559274,1
31253,5,31,1.0999999999999999,1.0685061848461335,0.0314938151538664,0.028630741048969458,1
29866,9,30,1.6833333333333333,1.6518684279445124,0.03146490538882096,0.018692023003259978,1
30965,5,31,1.3806451612903228,1.349477122391991,0.03116803889833175,0.022574981445053367,1
31909,2,28,1.6321428571428576,1.6009997763723425,0.031143080770515086,0.01908109981563287,1
32411,3,31,1.8967741935483868,1.865829187343231,0.030945006205155723,0.01631454408775217,1
26258,8,31,0.4225806451612903,0.39178820880984633,0.030792436351443964,0.07286759747288267,1
30521,5,31,1.670967741935484,1.6401855893826225,0.03078215255286154,0.01842175152777428,1
30925,3,31,1.8354838709677421,1.804730438829047,0.03075343213869508,0.01675494545341911,1
27947,6,30,0.5400000000000001,0.5092515098692966,0.030748490130703576,0.05694164839019179,1
23955,6,30,1.1533333333333333,1.12263315016412,0.030700183169213302,0.026618655927063556,1
31253,2,28,1.7999999999999996,1.7693285712933555,0.030671428706644077,0.01703968261480227,1
31416,9,30,1.4600000000000002,1.4293347006501846,0.030665299349815545,0.02100362969165448,1
22641,10,31,0.6483870967741936,0.6178076163782547,0.03057948039593894,0.047162382700204335,1
31088,12,31,1.3806451612903226,1.3501524011427513,0.030492760147571296,0.02208587767697921,1
34824,5,31,0.7548387096774191,0.7245421735485041,0.03029653612891492,0.04013643675198132,1
29698,3,31,2.203225806451613,2.173044292279306,0.030181514172306745,0.013698783884941569,1
30673,6,30,0.7566666666666669,0.726498067533181,0.030168599133485907,0.0398703953305981,1
24959,10,31,0.9580645161290322,0.9280249398027287,0.030039576326303497,0.03135443993654574,1
34123,5,31,0.7999999999999999,0.7699707393051761,0.03002926069482381,0.037536575868529765,1
26258,9,30,0.49666666666666676,0.46665086462519473,0.03001580204147203,0.06043450075464166,1
20891,6,30,0.98,0.9502026222245602,0.02979737777543978,0.030405487525958962,1
31873,9,30,1.1133333333333333,1.0836687249181338,0.029664608415199467,0.026644857857963593,1
31909,6,30,1.2400000000000004,1.2106529438886786,0.029347056111321823,0.023666980734936945,1
31416,2,28,2.1,2.0707197627735416,0.02928023722645845,0.013942970107837356,1
31510,8,31,0.6161290322580647,0.5869323664124965,0.029196665845568237,0.04738725870223116,1
31004,11,30,1.2366666666666668,1.2077721346202692,0.02889453204639758,0.023364850711372703,1
28411,7,31,0.7161290322580645,0.6873445755370637,0.028784456721000717,0.040194511637433435,1
31088,7,31,0.5774193548387094,0.5488478875751311,0.028571467263578287,0.049481312020722194,1
23711,3,31,0.9032258064516132,0.8747721793368172,0.028453627114796043,0.031502230019952754,1
22641,12,31,1.4709677419354836,1.442550417618278,0.028417324317205672,0.019318795040205613,1
25563,2,28,3.192857142857144,3.164466196619553,0.028390946237590864,0.00889201895584501,1
31416,10,31,1.2354838709677416,1.2071081870224896,0.028375683945252028,0.02296726376769747,1
31915,3,31,1.5064516129032257,1.4782178458969304,0.02823376700629532,0.01874190101060289,1
30636,10,31,1.2129032258064516,1.184702997246391,0.02820022856006066,0.023250188440475543,1
30949,9,30,1.143333333333333,1.1151861300371146,0.028147203296218448,0.02461854515704238,1
24641,9,30,1.0033333333333334,0.975195173237873,0.02813816009546044,0.02804467783600708,1
23884,9,30,0.6033333333333334,0.5752641270736921,0.028069206259641266,0.04652354628669823,1
23933,9,30,0.6133333333333333,0.5853296056924986,0.028003727640834697,0.04565825158831745,1
31960,4,30,0.9400000000000001,0.9120197786650179,0.027980221334982125,0.02976619290955545,1
31168,1,31,1.1774193548387093,1.1497379419387197,0.0276814128999896,0.02351024109314186,1
31088,1,31,1.016129032258065,0.9884578959174211,0.027671136340643887,0.027231911954284448,1
32165,10,31,0.8322580645161292,0.8046655717211957,0.027592492794933476,0.033153770412516964,1
31168,11,30,1.65,1.6224573621504563,0.027542637849543583,0.016692507787602173,1
31416,3,31,2.3258064516129036,2.298274751289481,0.02753170032342256,0.011837485575951445,1
30673,8,31,1.0870967741935484,1.0595844143627084,0.027512359830839994,0.025308105482375068,1
28224,1,28,1.025,0.9975782593279321,0.027421740672067818,0.026752917728846654,1
31915,11,30,1.3733333333333335,1.3459551586816465,0.027378174651687015,0.019935564066762387,1
32061,9,30,1.1866666666666668,1.1592961863989761,0.027370480267690622,0.02306501146153704,1
30925,2,28,1.7214285714285715,1.6941037243482922,0.02732484708027938,0.015873355150369764,1
29282,10,31,1.1451612903225805,1.1178922305329295,0.027269059789650996,0.02381241840786425,1
27333,12,31,1.5806451612903225,1.5533868002245343,0.02725836106578816,0.017245085572233327,1
24125,3,31,0.6032258064516126,0.5760066630756205,0.027219143375992072,0.04512264409923822,1
31915,9,30,1.0633333333333332,1.0361330935937658,0.027200239739567422,0.025580162764483473,1
25563,10,31,1.6645161290322579,1.6376683527319542,0.02684777630030366,0.016129478009872356,1
28224,4,30,0.6900000000000001,0.6631596803921137,0.026840319607886354,0.038899013924472974,1
29263,12,31,1.4354838709677424,1.4087561957558283,0.026727675211914104,0.018619279361108694,1
27459,3,31,1.2838709677419355,1.2572720221791769,0.026598945562758658,0.020717771669485387,1
32061,4,30,1.4433333333333331,1.4168007532329385,0.02653258010039461,0.018382849954084027,1
30252,8,31,0.7161290322580647,0.6896539292387639,0.026475103019300783,0.03696973845037496,1
25703,10,31,1.8290322580645162,1.8029977067156902,0.02603455134882604,0.014234058056677375,1
31510,4,30,1.2133333333333336,1.187431835942388,0.025901497390945494,0.021347387959570457,1
22113,10,31,0.7064516129032258,0.6805507290718681,0.02590088383135769,0.0366633515421045,1
27459,2,28,1.3035714285714286,1.2777536619939085,0.025817766577520107,0.019805409977275697,1
24959,3,31,2.3677419354838714,2.3420009858427693,0.025740949641102073,0.010871518240792428,1
31532,10,31,1.1419354838709677,1.1162659514271158,0.02566953244385184,0.022478969089248787,1
28064,5,31,1.0419354838709678,1.0163535312302914,0.02558195264067642,0.024552338447708016,1
21982,12,31,1.4161290322580646,1.3905853035052322,0.025543728752832395,0.018037712786738137,1
30965,8,31,0.8870967741935482,0.8615863724882321,0.025510401705316044,0.028757180104174457,1
28434,1,30,1.7533333333333334,1.7280640893151318,0.02526924401820163,0.014412116360191043,1
34123,2,28,0.9964285714285712,0.9711776081225916,0.025250963305979646,0.02534146855080395,1
31168,8,31,0.8677419354838707,0.8425078017969531,0.025234133686917626,0.029080228412432962,1
34123,7,31,0.4870967741935483,0.46209628064387104,0.02500049354967726,0.05132551655894008,1
23884,4,30,1.29,1.2650350371067665,0.024964962893233578,0.019352684413359363,1
30230,3,31,1.6935483870967742,1.6686772255261781,0.0248711615705961,0.014685828736923411,1
32061,5,31,1.1290322580645162,1.1041786342969178,0.024853623767598476,0.022013209622730078,1
23933,10,31,0.7129032258064519,0.6880879240835011,0.024815301722950878,0.03480879427201253,1
24959,2,28,1.1857142857142853,1.1609882812447359,0.024726004469549423,0.020853256781547713,1
30925,6,30,0.9500000000000001,0.9252900404853419,0.024709959514658153,0.02601048369964016,1
31915,2,28,1.3964285714285711,1.371749524827614,0.02467904660095721,0.017672974548000053,1
37099,9,30,0.7166666666666666,0.6921020574557443,0.024564609210922295,0.034276198898961344,1
28440,4,30,0.6600000000000001,0.6354688597191402,0.024531140280859898,0.03716839436493923,1
20891,1,31,1.887096774193549,1.8626606357075275,0.02443613848602144,0.012949064838746402,1
22837,10,31,0.8903225806451612,0.8660707017047055,0.024251878940455773,0.02723942924471482,1
31253,1,31,1.3612903225806439,1.337038700196841,0.024251622383802962,0.017815172841182288,1
29838,2,28,2.292857142857143,2.2686124001721124,0.02424474268503074,0.0105740310775835,1
25703,9,30,1.4633333333333332,1.4391439098865086,0.02418942344682451,0.016530357708536114,1
31004,5,31,0.8935483870967742,0.8693628129693345,0.024185574127439713,0.027066888012658163,1
28064,7,31,0.7129032258064517,0.6887475097026554,0.0241557161037963,0.03388358367500838,1
31873,11,30,1.4566666666666668,1.432592968450851,0.024073698215815842,0.01652656628088044,1
37472,5,31,0.5967741935483871,0.572822785357769,0.02395140819061814,0.04013479210319796,1
22583,10,31,0.5870967741935482,0.5633466498881986,0.023750124305349618,0.04045350843218892,1
28900,9,30,0.5266666666666668,0.5032080626061701,0.023458604060496713,0.04454165327942412,1
31707,10,31,1.5935483870967742,1.570174969191592,0.023373417905182103,0.014667529454668931,1
29282,8,31,0.7774193548387099,0.7541450539450882,0.023274300893621702,0.029937897415032055,1
27199,3,31,1.096774193548387,1.0736745244013988,0.023099669146988244,0.0210614630457834,1
24507,4,30,1.9433333333333331,1.9204695784997554,0.02286375483357772,0.01176522547182387,1
31168,4,30,0.8666666666666667,0.8439472615374429,0.02271940512922377,0.026214698226027424,1
34880,11,30,0.67,0.6473247205995207,0.02267527940047931,0.03384370059773031,1
27459,4,30,0.6166666666666667,0.5940685084312757,0.02259815823539102,0.036645662003336785,1
23472,6,30,0.9633333333333333,0.9407571611830526,0.022576172150280627,0.023435472820360514,1
31088,9,30,0.9366666666666662,0.9141625988775846,0.02250406778908165,0.024025695148485758,1
23711,8,31,0.8354838709677419,0.81309648653138,0.0223873844363619,0.026795711101437025,1
23884,3,31,1.3838709677419354,1.3615065943075682,0.022364373434367257,0.01616073604814417,1
31510,12,31,1.1483870967741943,1.1260929422383743,0.022294154535819954,0.019413449174449947,1
30054,3,31,1.2838709677419358,1.2616549365700835,0.022216031171852224,0.017303943877573336,1
23933,12,31,1.5161290322580643,1.4939973500708876,0.02213168218717665,0.014597492506435664,1
23472,8,31,1.1709677419354838,1.1488450333305331,0.02212270860495069,0.01889267126042621,1
22802,2,28,0.7500000000000003,0.7279004618113721,0.0220995381886282,0.02946605091817092,1
27947,12,31,1.093548387096774,1.0715087853315695,0.022039601765204475,0.020154208103874305,1
30965,1,31,1.8193548387096776,1.797498433260182,0.02185640544949563,0.01201327249883625,1
31388,4,30,0.8466666666666668,0.8248632666817988,0.02180339998486802,0.02575204722622207,1
27595,5,31,0.6548387096774195,0.633358736599837,0.021479973077582537,0.03280192933029845,1
23724,11,30,1.436666666666667,1.4152076118220167,0.02145905484465027,0.014936697107645197,1
30925,7,31,0.7935483870967743,0.7721431739652276,0.021405213131546752,0.026974049068209317,1
23933,3,31,1.0032258064516126,0.9818962093757874,0.02132959707582527,0.021261013162398184,1
32061,8,31,0.6677419354838711,0.646607274925677,0.02113466055819402,0.031650940932561086,1
23955,9,30,0.6666666666666666,0.6456196578662898,0.0210470088003768,0.0315705132005652,1
31909,5,31,0.7806451612903227,0.7596274780357517,0.021017683254570985,0.02692347854924382,1
31088,11,30,1.6266666666666665,1.605676744744153,0.020989921922513588,0.012903640526135404,1
24951,4,30,1.8033333333333335,1.7824182393930357,0.02091509394029778,0.01159801882086753,1
27199,8,31,0.6645161290322581,0.6436782255575256,0.020837903474732467,0.03135801008333526,1
30054,2,28,1.6392857142857145,1.6187255544993617,0.020560159786352727,0.012542145403439571,1
23921,3,31,1.267741935483871,1.2472056064487647,0.020536329035106382,0.01619913995135618,1
31707,3,31,1.4161290322580646,1.395746520423521,0.020382511834543537,0.014393117696374707,1
31369,4,30,1.3300000000000003,1.3096719292079178,0.020328070792082542,0.015284263753445517,1
30925,11,30,1.3166666666666667,1.2963610459499548,0.020305620716711825,0.015421990417755816,1
22820,2,28,0.9857142857142855,0.9654149759365288,0.020299309777756736,0.020593502673086548,1
31873,6,30,0.7066666666666669,0.6863992946741532,0.020267371992513716,0.028680243385632607,1
34172,10,31,0.8193548387096774,0.7992021131792534,0.02015272553042402,0.024595846119808844,1
29231,12,31,2.325806451612903,2.3056739846314094,0.020132466981493735,0.008656123112708818,1
26258,10,31,0.5129032258064518,0.4929333678888485,0.01996985791760325,0.038934943109792494,1
29612,10,31,0.8096774193548387,0.7897939834868716,0.019883435867967147,0.024557231550078946,1
27199,7,31,0.6129032258064521,0.593159971180879,0.019743254625573026,0.03221267859961913,1
30521,7,31,0.7516129032258073,0.7319680847823256,0.01964481844348176,0.026136882907636647,1
34391,11,30,0.6599999999999999,0.6403658763467537,0.019634123653246238,0.029748672201888243,1
22583,11,30,0.8866666666666668,0.8671235208906972,0.019543145775969606,0.022041141852597295,1
36034,7,31,1.0032258064516133,0.983797380029422,0.019428426422191336,0.019365955597682675,1
31004,4,30,2.093333333333333,2.0739779509672287,0.019355382366104124,0.009246201767247195,1
28900,1,31,0.8225806451612903,0.8032626947855515,0.0193179503757388,0.023484567123447174,1
24959,4,30,1.393333333333333,1.3742419246625175,0.0190914086708156,0.013701967945561439,1
31369,5,31,0.7354838709677418,0.7164102981503369,0.01907357281740496,0.025933366549980432,1
23955,7,31,0.9935483870967742,0.9745182897084146,0.01903009738835959,0.019153669449322966,1
23405,12,31,1.5580645161290316,1.5392310130794513,0.018833503049580314,0.012087755580475982,1
23933,8,31,0.7161290322580643,0.697373504541621,0.0187555277164434,0.026190151315754303,1
23324,8,31,0.5709677419354839,0.5527154228174248,0.018252319118059135,0.031967338568352155,1
22641,6,30,0.9033333333333332,0.8851215607617973,0.018211772571535945,0.020160633843028724,1
29838,10,31,1.3548387096774193,1.3366627969063982,0.01817591277102104,0.013415554664325055,1
23711,1,31,1.4258064516129039,1.4076421268765225,0.01816432473638141,0.012739684769860258,1
31594,6,30,0.7933333333333336,0.7752295974466404,0.018103735886693118,0.02281983515129384,1
32098,4,30,1.0066666666666666,0.9886017609893537,0.018064905677312892,0.017945270540377048,1
30521,11,30,1.2966666666666669,1.2786313286464288,0.018035338020238045,0.01390900104388538,1
30636,2,28,3.103571428571429,3.0856230257824073,0.017948402789021767,0.005783144742147404,1
30758,9,30,0.8600000000000001,0.8420617505721719,0.01793824942782818,0.020858429567242067,1
30965,7,31,0.983870967741935,0.9659851060604223,0.017885861681512738,0.01817907252875066,1
31416,11,30,2.1533333333333338,2.1355806015152092,0.017752731818124534,0.008244302701915417,1
22583,6,30,0.8666666666666666,0.8489150463601991,0.017751620306467486,0.020482638815154792,1
24343,9,30,1.2799999999999996,1.2624338908702901,0.017566109129709462,0.013723522757585522,1
34163,2,21,1.2571428571428573,1.2395782286009296,0.01756462854192775,0.013971863612897073,1
31416,12,31,2.6354838709677426,2.6181567459752957,0.01732712499244693,0.0065745517107203754,1
32389,2,28,1.8714285714285717,1.8541843381237069,0.017244233304864798,0.009214475811759814,1
25563,3,31,3.809677419354838,3.7924359501604403,0.01724146919439784,0.004525703175498164,1
37031,11,30,0.7099999999999999,0.6928146742270728,0.017185325772927085,0.02420468418722125,1
30925,1,31,1.3451612903225811,1.3281651432899875,0.016996147032593667,0.012635025371952121,1
32098,7,31,0.9419354838709676,0.9250948330909177,0.016840650780049926,0.01787877308840917,1
31707,9,30,0.973333333333333,0.9565921420024791,0.016741191330853944,0.017199854107041727,1
27648,2,28,1.6392857142857136,1.6225451136889077,0.01674060059680582,0.010212131083018806,1
28722,10,31,0.8838709677419352,0.8671479608951895,0.01672300684674566,0.01892019022806991,1
28064,4,30,0.85,0.8333551793995306,0.016644820600469346,0.019582141882905114,1
34172,4,30,1.73,1.7134077513086072,0.016592248691392752,0.009590895197336852,1
27199,4,30,0.6533333333333332,0.6368383857390857,0.016494947594247522,0.025247368766705396,1
28661,2,28,1.15,1.1335216613942831,0.01647833860571679,0.014328990091927646,1
23324,12,31,1.4548387096774191,1.438380133431218,0.016458576246201062,0.011312990324439757,1
31510,7,31,0.6064516129032259,0.5901181517192031,0.01633346118402279,0.026932834931101407,1
34824,3,31,0.5935483870967743,0.5774296534926786,0.01611873360409566,0.02715656205037855,1
23418,7,31,0.7354838709677416,0.7194658576008767,0.016018013366864925,0.021778877823368986,1
28722,11,30,0.73,0.7140312216197784,0.015968778380221593,0.021875038877015883,1
31909,8,31,0.7580645161290321,0.7421325572096323,0.015931958919399802,0.021016626659633785,1
23711,7,31,0.796774193548387,0.780848179587955,0.015926013960431917,0.01998811468718176,1
34123,11,30,0.6533333333333334,0.6374698705462843,0.015863462787049087,0.024280810388340436,1
24959,5,31,0.9225806451612903,0.9068031445299944,0.015777500631295904,0.017101486698257798,1
29231,8,31,0.9645161290322578,0.948769288371362,0.015746840660895822,0.016326155869156207,1
23724,9,30,0.7800000000000001,0.7644249164090599,0.015575083590940286,0.019968055885820877,1
23884,5,31,1.1645161290322579,1.1489503139638086,0.015565815068449229,0.013366766402269423,1
22837,2,28,1.6214285714285712,1.605934888522336,0.015493682906235318,0.009555575360673765,1
24951,8,31,1.1225806451612903,1.1071186902630288,0.01546195489826152,0.013773580512819171,1
28434,4,30,0.7999999999999999,0.7847340934849926,0.015265906515007366,0.019082383143759207,1
37031,12,31,0.7096774193548389,0.6945357923586902,0.015141626996148627,0.021335928949118517,1
31909,9,30,0.9566666666666668,0.9415321047980653,0.015134561868601515,0.01582009951421761,1
28224,11,30,0.8966666666666667,0.8815600280812164,0.01510663858545036,0.01684755232578107,1
37472,6,30,0.4466666666666667,0.43158039696083095,0.015086269705835764,0.03377523068470693,1
29263,5,31,1.3225806451612905,1.3075343765746348,0.015046268586655698,0.011376446980154307,1
30777,5,31,1.1516129032258065,1.1366524838558352,0.014960419369971278,0.01299084034927478,1
30521,10,31,1.4935483870967745,1.4786328836448832,0.014915503451891299,0.009986622181611882,1
30673,1,31,1.7677419354838708,1.752910911977853,0.014831023506017837,0.008389812567272866,1
21946,4,30,2.4133333333333336,2.398516984015602,0.014816349317731348,0.00613937126425332,1
27648,11,30,0.8999999999999999,0.8851846994265891,0.01481530057341085,0.016461445081567612,1
27199,2,28,0.914285714285714,0.8995516452678233,0.01473406901789076,0.016115387988318023,1
31329,10,31,0.8,0.7853332888039726,0.014666711196027471,0.01833338899503434,1
32098,8,31,0.6096774193548387,0.5951147931431254,0.014562626211713225,0.023885789024503175,1
30372,5,31,0.7580645161290323,0.7436145461606849,0.014449969968347354,0.019061662511436935,1
30252,5,31,1.0064516129032262,0.9925125149247256,0.01393909797850057,0.013849744786330689,1
30758,12,31,1.8354838709677417,1.8215683065422528,0.013915564425488913,0.0075814147133595145,1
23955,4,30,1.1299999999999997,1.1161654854517,0.013834514548299648,0.012242933228583762,1
34123,12,31,0.5838709677419355,0.5701699194438729,0.013701048298062624,0.023465883825411125,1
31416,8,31,0.6322580645161289,0.6188749282295826,0.013383136286546304,0.02116720535117018,1
28275,3,31,1.1709677419354838,1.1576252017523807,0.013342540183103102,0.01139445580375196,1
23804,11,30,0.9333333333333333,0.9200336617307435,0.013299671602589824,0.014249648145631955,1
31088,4,30,1.0433333333333334,1.0300641528434602,0.013269180489873245,0.012718064367290649,1
27947,4,30,1.1466666666666663,1.1334414004208602,0.013225266245806111,0.011533662423668123,1
29231,10,31,1.0290322580645164,1.0158149813394715,0.013217276725044913,0.012844375500827341,1
22641,4,30,0.5599999999999999,0.5467850304210311,0.013214969578968838,0.023598159962444357,1
34824,10,31,0.6516129032258062,0.638480879692159,0.013132023533647175,0.020153105422923888,1
23472,9,30,0.8133333333333332,0.8002383296966198,0.013095003636713454,0.016100414307434575,1
31088,8,31,0.8193548387096777,0.8063265775455202,0.013028261164157562,0.015900633704286782,1
31088,10,31,0.8064516129032256,0.7936565968616311,0.012795016041594498,0.01586581989157718,1
24343,7,30,0.9333333333333335,0.920829005577693,0.012504327755640476,0.01339749402390051,1
30673,2,28,2.1785714285714293,2.1661103952135647,0.012461033357864526,0.005719818590495191,1
31510,11,30,1.1166666666666667,1.104263983986108,0.012402682680558774,0.011106880012440694,1
29698,12,31,1.4709677419354836,1.4585905374247183,0.012377204510765294,0.008414327627932547,1
31915,12,31,1.9612903225806453,1.9489999327119747,0.012290389868670593,0.006266481676460335,1
32098,5,31,0.9,0.8877945523928912,0.012205447607108844,0.013561608452343159,1
21946,2,28,1.5178571428571426,1.5056830317362169,0.012174111120925701,0.008020590856139287,1
28661,10,31,0.9419354838709676,0.9298249768860047,0.012110506984962854,0.012857045086775635,1
27037,11,30,0.5366666666666667,0.5245612040058263,0.01210546266084045,0.022556762722062945,1
37031,4,30,0.8333333333333331,0.8212800741749113,0.012053259158421814,0.01446391099010618,1
26477,3,31,0.37096774193548376,0.35896028532677,0.012007456608713774,0.03236792651044584,1
24641,5,31,1.0064516129032257,0.9946039020715041,0.011847710831721647,0.01177176396741574,1
34861,10,31,0.5258064516129034,0.5140101837537209,0.01179626785918253,0.02243461985488701,1
30965,6,30,1.1266666666666674,1.1151140494239595,0.011552617242707841,0.01025380228642707,1
30372,8,31,0.7451612903225806,0.7337085619234195,0.011452728399161116,0.015369462353852581,1
28224,3,31,0.7483870967741939,0.7370690434652191,0.01131805330897484,0.015123260886992236,1
32098,12,31,2.532258064516129,2.5209544069153913,0.011303657600737704,0.004463864785004699,1
32389,3,31,1.3935483870967742,1.3823621981296372,0.011186188967136967,0.008027126342158472,1
23418,8,31,0.703225806451613,0.6921742158198965,0.011051590631716568,0.015715564659780436,1
24343,4,30,1.6700000000000004,1.6589736357726104,0.011026364227390006,0.006602613309814374,1
25563,9,30,1.4266666666666667,1.415809350971157,0.01085731569550985,0.00761026801087139,1
28411,11,30,0.9599999999999999,0.9491530531478544,0.01084694685214549,0.011298902970984886,1
23205,11,30,1.7966666666666664,1.785901714634661,0.010764952032005448,0.005991624507609712,1
24908,11,30,2.2066666666666666,2.1959675398691703,0.010699126797496294,0.004848546887082913,1
31915,5,31,0.8483870967741934,0.837739609138962,0.01064748763523149,0.012550270596660694,1
29263,1,30,1.766666666666667,1.7562765759918995,0.010390090674767594,0.0058811834008118445,1
23724,7,31,0.625806451612903,0.615530215643344,0.010276235969559067,0.016420789435893358,1
31960,11,30,1.4666666666666666,1.4567750878148302,0.009891578851836336,0.006744258308070229,1
31915,6,30,0.4933333333333335,0.48367834380823443,0.009654989525099078,0.019570924713038666,1
27037,12,31,1.0290322580645161,1.0194232389405031,0.009609019124013018,0.009337918270984439,1
27823,12,31,0.9838709677419357,0.9743457778637998,0.009525189878135887,0.009681340531875818,1
28493,1,31,1.303225806451613,1.2937579601666411,0.00946784628497177,0.007264931555300121,1
22887,1,30,1.716666666666667,1.707316729177979,0.009349937488688065,0.005446565527391104,1
31532,6,30,0.9866666666666669,0.977457958252932,0.00920870841373489,0.009333150419325899,1
25703,7,31,1.3709677419354838,1.3617716069692873,0.009196134966196423,0.006707769034166804,1
23405,10,31,0.635483870967742,0.6265034147883266,0.008980456179415341,0.014131682312785563,1
30673,7,31,1.0516129032258066,1.0426390723246213,0.008973830901185309,0.008533397482722225,1
28661,12,31,0.8903225806451615,0.8813781537687297,0.00894442687643171,0.010046276564108078,1
22550,9,30,0.4866666666666666,0.4777303749427582,0.008936291723908363,0.018362243268304858,1
29430,4,30,0.4433333333333334,0.4344677785607106,0.008865554772622797,0.019997491968322095,1
21982,3,31,1.961290322580645,1.952496563942736,0.008793758637908988,0.0044836598318285965,1
30823,3,31,1.3354838709677417,1.3267210711920276,0.008762799775714036,0.006561516740268966,1
29612,2,28,1.7821428571428568,1.7734129738778859,0.008729883264970928,0.004898531691767255,1
28064,3,31,0.9645161290322578,0.9559194182124998,0.008596710819757991,0.008912977772993238,1
23921,10,31,0.9806451612903226,0.9721438870234299,0.008501274266892733,0.008669062574791931,1
30965,3,31,1.7935483870967746,1.7850522456421674,0.008496141454607198,0.004737057285842142,1
28493,12,31,1.1258064516129034,1.117328358192097,0.00847809342080641,0.007530684700429761,1
23631,4,30,0.7033333333333333,0.6948941740573251,0.008439159276008135,0.011998804657831472,1
31168,5,31,0.6258064516129032,0.617420399843818,0.008386051769085134,0.01340039200214635,1
29263,9,30,0.7833333333333338,0.7753233867901053,0.008009946543228508,0.0102254636722066,1
29698,8,31,0.7064516129032259,0.6986965166129828,0.007755096290243069,0.010977533561531283,1
32098,11,30,1.736666666666667,1.7290340107357878,0.007632655930879251,0.004395003415093617,1
23324,10,31,0.6258064516129032,0.6182755422457809,0.007530909367122307,0.01203392733921606,1
23418,6,30,0.8866666666666667,0.8791420630781656,0.007524603588501155,0.008486395024625363,1
31329,11,30,1.2333333333333338,1.2258287190581545,0.007504614275179344,0.006084822385280547,1
30636,12,31,2.0193548387096776,2.011861643762237,0.007493194947440607,0.003710687593780492,1
27823,2,28,1.1857142857142855,1.1782608086050768,0.007453477109208739,0.006286065031862793,1
37099,8,31,0.4387096774193549,0.43134774288496563,0.0073619345343892695,0.01678088018868142,1
30949,7,31,0.7935483870967738,0.7862617623524075,0.007286624744366255,0.00918233199493309,1
32165,4,30,0.7766666666666666,0.7694757627855476,0.007190903881118982,0.0092586745250459,1
34824,1,31,0.7225806451612904,0.7154419834734856,0.007138661687804748,0.009879397871515498,1
31253,12,3,1.733333333333335,1.7263116295819216,0.007021703751413311,0.0040509829335076755,0
32411,10,31,0.7096774193548387,0.7026770012075828,0.007000418147255938,0.009864225571133367,1
32061,12,31,1.4419354838709675,1.4349763802116773,0.0069591036592902,0.004826224014272846,1
28275,7,31,0.7677419354838712,0.76087516009196,0.006866775391911162,0.00894411920795151,1
22887,10,31,0.6677419354838708,0.6609419406193837,0.006799994864487124,0.010183567188362361,1
31594,2,28,2.3857142857142857,2.3790807272453813,0.006633558468904344,0.0027805334899599046,1
24343,6,30,0.7400000000000002,0.7334668005606346,0.006533199439365589,0.008828647891034578,1
23804,7,31,0.5387096774193552,0.5322990165532978,0.006410660866057349,0.01190002915256154,1
29430,11,30,0.693333333333333,0.6870130767936756,0.006320256539657398,0.009115754624505867,1
24343,8,31,1.225806451612903,1.219626766299172,0.0061796853137310315,0.005041322229622685,1
36034,12,31,1.8870967741935485,1.8809897035722878,0.006107070621260702,0.003236225457420201,1
30372,10,31,1.2225806451612906,1.2165069019844335,0.00607374317685716,0.004967969353102161,1
27459,10,31,0.964516129032258,0.9586075771719511,0.005908551860306921,0.00612592333342858,1
34172,12,31,1.2290322580645159,1.2231337209530526,0.0058985371114632645,0.00479933465762103,1
24944,8,31,0.8870967741935484,0.881362114658653,0.005734659534895381,0.006464525293882066,1
23884,8,31,0.9,0.8942920022734125,0.005707997726587477,0.006342219696208308,1
27037,6,30,0.5266666666666667,0.5212673131412983,0.005399353525368467,0.01025193707348443,1
22887,5,31,0.6870967741935485,0.6817036958745925,0.005393078318956079,0.007849081121485373,1
24817,9,30,1.1966666666666665,1.1915364205215206,0.0051302461451459,0.004287113770316909,1
23955,2,28,1.9571428571428573,1.9520666809888423,0.005076176154015011,0.0025936666480368665,1
31168,6,30,0.8900000000000001,0.8849503086167048,0.005049691383295363,0.005673810543028497,1
29282,12,31,2.0999999999999996,2.094970595766682,0.005029404233317436,0.002394954396817827,1
23631,10,31,0.8483870967741935,0.8434608339865153,0.0049262627876782705,0.005806621536807087,1
31532,8,31,0.896774193548387,0.8919622005518176,0.004811992996569425,0.005365891470994683,1
31088,5,31,0.7225806451612904,0.7177946645468539,0.004785980614436469,0.006623455314621898,1
30054,6,30,0.5833333333333329,0.5786359204901004,0.004697412843232551,0.008052707731255809,1
22837,9,30,0.7566666666666665,0.752017148683526,0.004649517983140505,0.0061447374226526515,1
20674,12,31,1.1,1.095402291583169,0.004597708416831159,0.004179734924391962,1
24343,3,31,1.8032258064516127,1.7987111551487167,0.004514651302895967,0.002503652779781306,1
37031,5,31,0.8580645161290327,0.8537253328493405,0.0043391832796921825,0.005056942919942015,1
24688,3,31,3.0548387096774197,3.0507295835132684,0.004109126164151267,0.0013451204972406469,1
22602,6,30,0.42999999999999977,0.42594414962731747,0.004055850372682301,0.009432210169028612,1
32389,11,30,1.4066666666666667,1.4028306148137137,0.003836051852952993,0.002727051080298336,1
36034,10,31,1.0903225806451615,1.0865059661122363,0.0038166145329252554,0.0035004452816770086,1
24343,10,31,1.067741935483871,1.0640192789554412,0.0037226565284298463,0.0034864759027590704,1
32165,3,31,0.8483870967741934,0.8447712778776874,0.0036158188965060845,0.004261991855197287,1
28722,4,30,0.6066666666666666,0.603134924686637,0.00353174198002959,0.00582155271433449,1
24908,8,31,0.9258064516129035,0.922295883316043,0.0035105682968605834,0.003791903038420838,1
27648,12,31,1.0290322580645161,1.0256971847683436,0.0033350732961725527,0.0032409803191645495,1
23418,5,31,0.9483870967741937,0.9450661291777006,0.0033209675964931407,0.0035017005269145354,1
24738,4,30,1.4666666666666666,1.463373224492806,0.003293442173860628,0.0022455287549049737,1
27037,4,30,0.7233333333333333,0.7200712873050058,0.00326204602832747,0.004509741052987286,1
34123,8,31,0.6000000000000004,0.59683615289302,0.0031638471069803664,0.0052730785116339406,1
30673,12,31,2.0903225806451617,2.0871612238146247,0.0031613568305370876,0.001512377496090273,1
32389,4,30,0.7666666666666667,0.7635057222101747,0.0031609444564920652,0.004122971030207041,1
30777,10,31,1.1322580645161289,1.1291044088100286,0.003153655706100267,0.0027852799683506634,1
27199,11,30,0.7533333333333334,0.750355641085725,0.0029776922476084655,0.003952688824259025,1
23205,2,28,1.2499999999999996,1.2470462784812928,0.0029537215187067645,0.0023629772149654123,1
28434,12,31,1.9193548387096775,1.9166179381622241,0.002736900547453347,0.001425948184387458,1
31253,10,31,1.006451612903226,1.003745362741889,0.002706250161336854,0.0026889024038923865,1
26258,5,31,0.43225806451612886,0.4295695815436338,0.0026884829724950765,0.006219624787115478,1
31873,8,31,0.6903225806451615,0.6876471947006249,0.0026753859445366457,0.0038755590785343923,1
31532,9,30,1.0166666666666666,1.0140063143682574,0.0026603522984092187,0.002616739965648412,1
31960,12,31,2.525806451612903,2.5231742165696067,0.0026322350432961272,0.0010421364794658999,1
36034,11,30,1.54,1.537465299928411,0.002534700071588958,0.0016459091373954272,1
27595,6,30,0.3099999999999997,0.3075404194920311,0.0024595805079686284,0.00793413067086655,1
31960,9,30,0.7166666666666669,0.7143670257910093,0.0022996408756575937,0.0032088012218478043,1
21982,9,30,0.8200000000000001,0.8177449780701356,0.002255021929864487,0.002750026743737179,1
30636,9,30,1.283333333333333,1.2812484072270791,0.0020849261062538815,0.0016246177451328951,1
23711,6,30,0.9033333333333335,0.9013244860729669,0.002008847260366653,0.002223816155387438,1
27333,4,9,0.5444444444444444,0.5426810709822124,0.0017633734622319874,0.003238849216344467,0
33008,3,31,0.3096774193548388,0.3079684997480811,0.001708919606757675,0.0055183862301549915,1
28411,3,31,1.067741935483871,1.0660625773700243,0.001679358113846785,0.0015728127350226686,1
31909,12,31,1.7677419354838713,1.766096867759795,0.0016450677240762435,0.000930604004495685,1
30230,4,30,1.26,1.2583623246791324,0.0016376753208675598,0.001299742318148857,1
28275,9,30,0.7400000000000002,0.7384044575537436,0.0015955424462565926,0.0021561384408872865,1
27199,6,30,0.58,0.5784502540349264,0.0015497459650735124,0.0026719758018508835,1
31960,5,31,1.135483870967742,1.1340614359305503,0.0014224350371916383,0.0012527126747994542,1
34880,12,31,0.5612903225806453,0.5599284709803057,0.0013618516003395253,0.0024262873339382343,1
23405,2,28,1.2464285714285714,1.2450967188748836,0.00133185255368784,0.001068535000093396,1
23921,5,31,0.835483870967742,0.834350165969267,0.0011337049984749825,0.0013569442066688978,1
28275,11,30,1.1166666666666667,1.115536673926963,0.0011299927397037113,0.001011933796749592,1
24266,10,31,2.1064516129032262,2.1053598973610037,0.0010917155422225377,0.0005182723094777743,1
27333,8,31,1.3677419354838711,1.3666684540210172,0.001073481462853909,0.0007848567299167731,1
26477,5,31,0.3516129032258065,0.35066946886601097,0.0009434343597955475,0.0026831619407029325,1
23205,8,31,0.4903225806451614,0.4894282351644319,0.0008943454807294748,0.001823994072540376,1
22887,6,30,0.7233333333333334,0.7224463769944157,0.000886956338917666,0.0012262069201626718,1
30521,3,31,1.5,1.49919584804124,0.0008041519587600465,0.000536101305840031,1
28722,2,28,0.625,0.6242500312211886,0.000749968778811394,0.0011999500460982305,1
20891,2,28,1.6535714285714282,1.6529515447317635,0.0006198838396647144,0.0003748757561687258,1
30823,4,30,1.3966666666666667,1.3961222700994502,0.0005443965672164985,0.00038978274502374596,1
34824,8,31,0.6580645161290325,0.6576617638077817,0.00040275232125075444,0.0006120255862143815,1
22802,10,31,0.26451612903225813,0.2641976282818028,0.00031850075045530835,0.0012040882029407994,1
34172,8,31,0.658064516129032,0.6577655652678215,0.00029895086121056735,0.00045428807340821523,1
31707,5,31,0.8645161290322582,0.8643341709759226,0.00018195805633558493,0.00021047387113444523,1
28275,8,31,0.6096774193548387,0.6096125934207041,6.482593413459359e-05,0.00010632825175515351,1
37472,1,30,0.6966666666666667,0.6967003621130381,-3.369544637144006e-05,0.0,1
34123,3,31,0.6419354838709679,0.6420782406426552,-0.00014275677168729128,0.0,1
26477,10,31,0.42580645161290315,0.42613258355987327,-0.0003261319469701207,0.0,1
30636,3,31,1.6935483870967747,1.6938974737742272,-0.00034908667745248145,0.0,1
27823,11,30,0.7899999999999997,0.7903594253576661,-0.0003594253576664208,0.0,1
31510,6,30,0.6266666666666666,0.6270572640730582,-0.0003905974063915796,0.0,1
34391,2,28,1.0035714285714286,1.0040376492916387,-0.00046622072021018646,0.0,1
34880,3,31,0.5709677419354837,0.5714976508273997,-0.0005299088919159534,0.0,1
23472,5,31,1.0419354838709673,1.0427852212534408,-0.0008497373824734034,0.0,1
23724,12,31,1.1645161290322579,1.165458957400951,-0.0009428283686931938,0.0,1
25563,1,31,2.780645161290322,2.7816834598417293,-0.0010382985514074683,0.0,1
23804,12,31,0.9451612903225808,0.9463342547928842,-0.0011729644703034614,0.0,1
31532,2,28,2.7642857142857147,2.7655316201005595,-0.0012459058148448499,0.0,1
23921,6,30,0.7666666666666667,0.7679449184114506,-0.0012782517447839092,0.0,1
23324,5,31,0.803225806451613,0.8046240471097664,-0.0013982406581534157,0.0,1
23405,11,30,0.9966666666666665,0.9981746504523529,-0.0015079837856863954,0.0,1
34391,5,31,0.5580645161290319,0.5596560958285077,-0.0015915796994758757,0.0,1
24944,6,30,0.8533333333333333,0.8549282296475911,-0.0015948963142577988,0.0,1
31707,11,30,1.3566666666666662,1.3583974257666744,-0.0017307591000081946,0.0,1
30949,12,31,2.1741935483870964,2.175943699049221,-0.0017501506621244722,0.0,1
30758,11,30,0.9366666666666669,0.9384476606628176,-0.001780993996150726,0.0,1
32411,9,30,1.1966666666666665,1.1985800206355592,-0.0019133539688926948,0.0,1
24951,12,31,2.258064516129033,2.259992355859984,-0.0019278397309512307,0.0,1
27612,2,28,0.5214285714285717,0.5233661794052796,-0.0019376079767079446,0.0,1
30393,8,31,0.7903225806451611,0.7923844144607181,-0.0020618338155569127,0.0,1
34646,4,30,1.1400000000000001,1.1420674228489818,-0.002067422848981648,0.0,1
24738,3,31,1.503225806451613,1.505299344185833,-0.0020735377342200323,0.0,1
32389,7,31,0.5161290322580647,0.5182480663506281,-0.002119034092563421,0.0,1
27947,11,30,1.0766666666666667,1.0788132114823747,-0.0021465448157080846,0.0,1
37031,3,31,0.5354838709677417,0.5377940510709811,-0.0023101801032393565,0.0,1
27612,5,31,0.36451612903225816,0.36684798017923714,-0.0023318511469789804,0.0,1
30758,1,31,1.5451612903225806,1.5475192780031148,-0.0023579876805341904,0.0,1
23472,4,30,1.686666666666667,1.689030355158148,-0.002363688491481053,0.0,1
31369,11,30,1.4699999999999998,1.4726389993485414,-0.0026389993485416152,0.0,1
24817,3,31,2.2935483870967746,2.2961982515799924,-0.002649864483217801,0.0,1
30393,10,31,1.2806451612903227,1.2833092579990877,-0.002664096708764996,0.0,1
23711,12,31,0.9096774193548387,0.9125239031104315,-0.0028464837555928213,0.0,1
24507,8,31,1.2483870967741935,1.2513113260727413,-0.0029242292985478535,0.0,1
25563,4,30,2.2933333333333334,2.2964365153065835,-0.003103181973250102,0.0,1
30230,7,31,0.6741935483870972,0.6774360062941535,-0.00324245790705624,0.0,1
37472,7,31,0.5290322580645159,0.5323384112076984,-0.0033061531431824998,0.0,1
22887,11,30,1.0500000000000003,1.0533927026794065,-0.0033927026794062787,0.0,1
23205,7,31,0.6677419354838707,0.6711754112941719,-0.0034334758103011787,0.0,1
32165,9,30,0.49333333333333307,0.4968179220649204,-0.003484588731587357,0.0,1
23955,10,31,1.0935483870967742,1.097060340758843,-0.003511953662068912,0.0,1
23205,6,30,0.9833333333333331,0.9869965129478648,-0.003663179614531775,0.0,1
23921,1,30,2.253333333333333,2.2572616170330067,-0.003928283699673685,0.0,1
34163,11,30,0.8466666666666665,0.8506641065150028,-0.003997439848336337,0.0,1
28138,10,31,2.0129032258064514,2.0169287573212618,-0.004025531514810332,0.0,1
34880,9,30,0.33666666666666684,0.3408240688201135,-0.0041574021534466765,0.0,1
23933,11,30,1.14,1.1441788796791927,-0.004178879679192837,0.0,1
31253,3,31,1.2064516129032257,1.210658417418628,-0.004206804515402229,0.0,1
24266,6,30,1.4466666666666668,1.4509155726601908,-0.00424890599352401,0.0,1
28493,2,28,1.5035714285714286,1.5079509128367188,-0.004379484265290223,0.0,1
29698,10,31,1.3290322580645162,1.3335010323475411,-0.0044687742830249455,0.0,1
23884,6,30,0.9999999999999999,1.0044824689717966,-0.004482468971796716,0.0,1
23804,1,31,0.9709677419354839,0.9755352835403356,-0.0045675416048517326,0.0,1
29231,1,31,1.8935483870967742,1.8981258219338388,-0.004577434837064631,0.0,1
32061,6,30,0.9966666666666667,1.0016629457409563,-0.004996279074289567,0.0,1
34009,8,31,0.7870967741935485,0.7921669426051315,-0.0050701684115830314,0.0,1
37472,10,31,0.6064516129032257,0.6116100011856492,-0.005158388282423543,0.0,1
23631,9,30,0.7066666666666667,0.712077767540016,-0.005411100873349284,0.0,1
34163,1,30,1.0266666666666668,1.0321596599411509,-0.005492993274484048,0.0,1
24125,10,31,0.6483870967741936,0.6539794889401135,-0.0055923921659198905,0.0,1
30252,3,31,2.2129032258064516,2.218537358912612,-0.005634133106160455,0.0,1
20891,12,31,1.7193548387096773,1.7250907673265545,-0.005735928616877217,0.0,1
27612,12,31,0.38387096774193546,0.3897013834785085,-0.005830415736573058,0.0,1
28224,12,31,1.2580645161290323,1.2639483065639163,-0.005883790434884073,0.0,1
28064,10,31,0.738709677419355,0.7446916913775659,-0.005982013958210852,0.0,1
28275,12,31,1.3645161290322576,1.37057189918544,-0.006055770153182483,0.0,1
28138,4,27,0.7222222222222222,0.7282891490857247,-0.00606692686350252,0.0,1
23405,8,31,0.5838709677419354,0.5901109956078456,-0.006240027865910269,0.0,1
34880,1,31,0.6483870967741935,0.6546312843389769,-0.006244187564783399,0.0,1
37472,9,30,0.696666666666667,0.7029810509899196,-0.006314384323252598,0.0,1
20891,10,31,1.1096774193548387,1.1160429062568016,-0.0063654869019629245,0.0,1
26477,6,30,0.29666666666666697,0.30312210899922637,-0.006455442332559402,0.0,1
28064,8,31,0.5774193548387097,0.5839195086023332,-0.006500153763623562,0.0,1
28722,3,31,0.9870967741935485,0.9936933690357417,-0.006596594842193215,0.0,1
31369,1,31,1.158064516129032,1.1646635599356843,-0.006599043806652327,0.0,1
23884,11,30,1.9733333333333334,1.9799541636731006,-0.006620830339767236,0.0,1
29282,4,30,1.2599999999999996,1.266779728568199,-0.006779728568199417,0.0,1
22802,11,30,0.23666666666666666,0.24361265340493507,-0.006945986738268406,0.0,1
26477,7,31,0.2774193548387097,0.2843786314472285,-0.006959276608518805,0.0,1
28138,5,26,1.011538461538461,1.0186805438546016,-0.007142082316140552,0.0,1
22802,4,30,0.26999999999999996,0.2772644791330523,-0.007264479133052337,0.0,1
30054,12,31,1.9129032258064522,1.9202652577121482,-0.007362031905695954,0.0,1
27595,10,31,0.6774193548387094,0.6849412523731849,-0.007521897534475519,0.0,1
22802,6,30,0.33333333333333304,0.34086317263249527,-0.007529839299162233,0.0,1
27612,7,31,0.3806451612903224,0.388192964509369,-0.007547803219046634,0.0,1
23418,11,30,1.726666666666667,1.7343384887254847,-0.007671822058817668,0.0,1
32165,12,31,1.0677419354838709,1.0756331159550505,-0.007891180471179648,0.0,1
28493,10,31,0.6161290322580646,0.6243816688085744,-0.008252636550509784,0.0,1
27333,2,19,0.8210526315789473,0.8294037644766032,-0.008351132897655988,0.0,1
23724,5,31,0.7806451612903228,0.7891195627752504,-0.008474401484927618,0.0,1
29570,6,30,0.8400000000000002,0.8485270593769256,-0.008527059376925439,0.0,1
23804,8,31,0.47419354838709693,0.4827386141487336,-0.008545065761636661,0.0,1
29698,11,30,1.4466666666666668,1.455270224887286,-0.0086035582206192,0.0,1
35121,4,30,0.7866666666666664,0.7953418674749173,-0.008675200808250905,0.0,1
23205,4,30,1.0633333333333332,1.0720716873045284,-0.008738353971195156,0.0,1
31960,8,31,0.6290322580645158,0.6380982190924681,-0.009065961027952318,0.0,1
28698,6,30,0.6233333333333333,0.63269439869402,-0.009361065360686704,0.0,1
23804,5,31,0.7838709677419354,0.7932388257237296,-0.009367857981794181,0.0,1
23324,7,31,0.7451612903225807,0.7545395740990615,-0.009378283776480756,0.0,1
31004,10,31,0.9419354838709676,0.9513624313095385,-0.009426947438570865,0.0,1
37235,1,31,0.6354838709677422,0.6449816884693672,-0.009497817501625039,0.0,1
20891,8,31,0.8677419354838709,0.8772674923085192,-0.009525556824648285,0.0,1
32389,12,31,1.7838709677419355,1.7934162860170295,-0.009545318275093972,0.0,1
31532,12,31,2.3096774193548386,2.319285837498171,-0.009608418143332464,0.0,1
30673,11,30,2.0333333333333337,2.043026017681367,-0.009692684348033165,0.0,1
23724,3,31,0.8580645161290321,0.8677668371135756,-0.009702320984543489,0.0,1
26258,12,31,1.474193548387097,1.4839841737832973,-0.009790625396200348,0.0,1
23631,12,31,1.0193548387096778,1.0291746278606593,-0.009819789150981473,0.0,1
28661,3,31,0.7483870967741935,0.7583044706491222,-0.009917373874928748,0.0,1
37031,2,28,0.8892857142857142,0.8992448937973699,-0.009959179511655702,0.0,1
30252,10,31,0.9774193548387098,0.9874273367698361,-0.010007981931126286,0.0,1
31253,8,31,0.5483870967741931,0.5584005022453412,-0.010013405471148151,0.0,1
34824,12,31,0.7741935483870966,0.7842130438069603,-0.010019495419863689,0.0,1
34824,7,31,0.864516129032258,0.8745601792219801,-0.010044050189722098,0.0,1
30393,7,31,0.8387096774193551,0.8487746606059821,-0.010064983186626963,0.0,1
24944,11,30,1.6866666666666665,1.696758075326647,-0.010091408659980372,0.0,1
27199,5,31,0.8483870967741934,0.8585339716481348,-0.010146874873941392,0.0,1
32165,5,31,0.7677419354838709,0.7778970582003696,-0.010155122716498655,0.0,1
31253,11,30,1.6366666666666665,1.6468243513666172,-0.010157684699950709,0.0,1
23933,4,30,0.6599999999999999,0.6702997788487628,-0.010299778848762875,0.0,1
28064,2,28,0.9571428571428571,0.9674615026029907,-0.010318645460133613,0.0,1
34391,3,31,0.6774193548387097,0.687864249892415,-0.010444895053705272,0.0,1
23418,10,31,0.6903225806451613,0.7007927266473564,-0.010470146002195091,0.0,1
31909,11,30,1.2633333333333334,1.2738311848587844,-0.010497851525451019,0.0,1
24266,12,31,1.55483870967742,1.5654472142394544,-0.010608504562034327,0.0,1
28722,9,30,0.9333333333333333,0.9440091276729003,-0.010675794339567002,0.0,1
23405,3,31,0.9483870967741935,0.9590893705328188,-0.010702273758625314,0.0,1
22641,1,31,1.2387096774193551,1.249488838469808,-0.010779161050452846,0.0,1
22802,5,31,0.38387096774193546,0.39477326506140864,-0.010902297319473175,0.0,1
22550,8,31,0.40645161290322546,0.4173571461390021,-0.010905533235776643,0.0,1
24944,7,31,1.135483870967742,1.1463912723399166,-0.010907401372174608,0.0,1
37235,11,30,0.5099999999999999,0.5209622292354593,-0.01096222923545942,0.0,1
24908,10,31,1.3677419354838711,1.3788105107443318,-0.011068575260460678,0.0,1
31532,7,31,0.7935483870967742,0.8046701304448117,-0.011121743348037505,0.0,1
23884,10,31,1.1032258064516127,1.1144530494254634,-0.011227242973850693,0.0,1
34123,4,30,0.73,0.7412545449092658,-0.011254544909265807,0.0,1
27823,3,31,0.7967741935483871,0.808304223701109,-0.011530030152721915,0.0,1
28493,4,30,0.9599999999999996,0.9717859239059852,-0.01178592390598554,0.0,1
34880,2,28,0.6357142857142856,0.647660929700667,-0.011946643986381456,0.0,1
34123,9,30,0.5000000000000001,0.5120148069703505,-0.0120148069703504,0.0,1
34163,12,31,1.0032258064516126,1.0152493574686303,-0.012023551017017686,0.0,1
37472,12,31,0.706451612903226,0.7186363453418344,-0.012184732438608403,0.0,1
22602,7,31,0.4387096774193549,0.4510197227148652,-0.012310045295510275,0.0,1
22802,8,31,0.29032258064516125,0.30279033805280464,-0.012467757407643387,0.0,1
31253,6,30,0.7566666666666664,0.7692241926860935,-0.012557526019427168,0.0,1
22820,8,31,0.30322580645161296,0.31585165495984724,-0.012625848508234283,0.0,1
32411,5,31,0.8225806451612903,0.8352301287268623,-0.01264948356557205,0.0,1
34163,4,15,0.6799999999999999,0.6926629553151652,-0.012662955315165259,0.0,1
29430,3,31,0.5677419354838711,0.5804240089523355,-0.012682073468464394,0.0,1
32411,12,31,1.9806451612903222,1.9934945524750773,-0.012849391184755143,0.0,1
27199,10,31,0.7483870967741935,0.7614486319590009,-0.01306153518480746,0.0,1
29838,3,31,1.6677419354838714,1.681031886456242,-0.013289950972370512,0.0,1
22602,1,31,0.8516129032258064,0.8649704978044139,-0.013357594578607523,0.0,1
31873,7,31,0.44838709677419336,0.461768250050138,-0.013381153275944635,0.0,1
24944,2,28,1.285714285714286,1.2991357321164811,-0.013421446402195114,0.0,1
26477,2,28,0.6357142857142859,0.649235479347591,-0.013521193633305062,0.0,1
31873,2,28,1.7214285714285718,1.7351747510395454,-0.013746179610973686,0.0,1
25551,9,30,1.3900000000000001,1.40381268085056,-0.013812680850559866,0.0,1
29231,9,30,0.8300000000000002,0.8438266478257699,-0.0138266478257697,0.0,1
32165,11,30,0.89,0.9039618644205138,-0.013961864420513836,0.0,1
27595,8,31,0.41612903225806425,0.4302196144394859,-0.014090582181421674,0.0,1
27612,4,30,0.2733333333333334,0.287636702829776,-0.01430336949644262,0.0,1
27037,5,31,0.6548387096774193,0.6693529908585668,-0.014514281181147504,0.0,1
27823,1,31,0.738709677419355,0.7533072735331103,-0.014597596113755329,0.0,1
33008,2,28,0.38214285714285723,0.3967705327020471,-0.014627675559189868,0.0,1
34123,6,30,0.40333333333333343,0.41798833393747353,-0.0146550006041401,0.0,1
28698,12,31,1.006451612903226,1.0211370369579806,-0.014685424054754703,0.0,1
30758,10,31,0.7838709677419357,0.7985785367603406,-0.014707569018404976,0.0,1
28698,10,31,0.7129032258064514,0.7278373813080647,-0.014934155501613366,0.0,1
25563,11,30,2.3466666666666662,2.3616287153271336,-0.014962048660467353,0.0,1
37031,9,30,0.606666666666667,0.6219574246203524,-0.015290757953685397,0.0,1
24966,8,31,1.6483870967741936,1.6637374836032714,-0.015350386829077856,0.0,1
30965,12,31,2.1387096774193552,2.154348045723633,-0.015638368304277783,0.0,1
30521,2,28,2.0642857142857145,2.0799987865413407,-0.015713072255626237,0.0,1
29231,3,31,0.9999999999999999,1.0157283276508862,-0.015728327650886276,0.0,1
24266,3,31,3.4096774193548383,3.425478227830927,-0.01580080847608878,0.0,1
22887,12,31,1.3096774193548386,1.3255020939785682,-0.015824674623729607,0.0,1
28275,5,31,1.409677419354838,1.4256470964213515,-0.01596967706651342,0.0,1
23418,4,30,0.8833333333333334,0.8993395364642259,-0.016006203130892516,0.0,1
34880,7,31,0.2838709677419355,0.30014693706387424,-0.016275969321938755,0.0,1
34824,2,28,0.8642857142857141,0.8806547094751205,-0.016368995189406377,0.0,1
28064,12,31,1.538709677419355,1.5551510002296078,-0.0164413228102529,0.0,1
23631,11,30,0.7733333333333335,0.7897911216788648,-0.016457788345531243,0.0,1
29430,5,31,0.6161290322580647,0.632660483779401,-0.016531451521336282,0.0,1
24951,10,31,0.7741935483870965,0.7907946066631869,-0.016601058276090375,0.0,1
30636,1,30,2.666666666666666,2.6834498327890968,-0.016783166122430693,0.0,1
30949,10,31,1.2677419354838708,1.2846263400718747,-0.016884404588003887,0.0,1
32411,11,30,1.3333333333333333,1.3502600043643562,-0.016926671031022966,0.0,1
28698,8,31,0.5645161290322576,0.5815450750662094,-0.017028946033951886,0.0,1
28493,3,31,1.093548387096774,1.1106400218260264,-0.01709163472925246,0.0,1
23933,1,31,1.670967741935484,1.6880877892658757,-0.01712004733039163,0.0,1
29231,2,28,2.4357142857142855,2.452953310328113,-0.017239024613827425,0.0,1
26477,4,30,0.31666666666666676,0.33410933215014194,-0.017442665483475173,0.0,1
26477,11,30,0.36666666666666664,0.384385328764553,-0.017718662097886362,0.0,1
23711,11,30,0.87,0.8877266966063715,-0.017726696606371495,0.0,1
22820,3,31,0.6290322580645161,0.6467668023154298,-0.017734544250913697,0.0,1
37235,2,28,0.85,0.8678161969089538,-0.017816196908953863,0.0,1
31088,6,30,0.6733333333333335,0.6911611364687872,-0.017827803135453735,0.0,1
30925,10,31,1.0032258064516129,1.0211814708645495,-0.01795566441293661,0.0,1
24817,2,28,1.9428571428571424,1.9609661369403473,-0.018108994083204877,0.0,1
31510,2,28,1.4821428571428572,1.5002519044148614,-0.01810904727200424,0.0,1
24125,4,29,0.5827586206896551,0.6008842441090189,-0.018125623419363746,0.0,1
31088,2,28,1.1642857142857141,1.1825741780895775,-0.018288463803863397,0.0,1
22583,1,31,1.4741935483870967,1.4925326129276413,-0.01833906454054457,0.0,1
30758,3,31,1.1870967741935485,1.205508095108244,-0.01841132091469544,0.0,1
24944,3,31,1.4709677419354843,1.4894184254927954,-0.018450683557311054,0.0,1
24951,6,30,1.0366666666666664,1.0552420352396812,-0.018575368573014783,0.0,1
26258,2,28,0.9964285714285718,1.015147424534584,-0.01871885310601218,0.0,1
22583,4,30,0.7500000000000002,0.7688348641437857,-0.018834864143785435,0.0,1
23631,3,31,1.2612903225806453,1.2802662304624022,-0.01897590788175685,0.0,1
23711,2,28,1.0107142857142857,1.0299032299732505,-0.01918894425896478,0.0,1
23804,10,31,0.5967741935483872,0.6160227923717287,-0.01924859882334151,0.0,1
27037,7,31,0.36129032258064503,0.38054354258252016,-0.019253220001875126,0.0,1
20674,9,30,0.4566666666666668,0.4762179162220242,-0.01955124955535742,0.0,1
33008,12,31,0.19677419354838707,0.21633312760755505,-0.019558934059167976,0.0,1
31532,3,31,1.8580645161290323,1.8776854617899759,-0.019620945660943523,0.0,1
30777,12,31,2.245161290322581,2.264853906568859,-0.01969261624627805,0.0,1
34123,10,31,0.7419354838709676,0.7616361963546467,-0.019700712483679106,0.0,1
23472,11,30,1.6233333333333333,1.643104539140279,-0.01977120580694569,0.0,1
32165,2,28,1.0035714285714286,1.0233775752372318,-0.01980614666580327,0.0,1
22641,8,31,0.7451612903225809,0.7649988146077544,-0.01983752428517349,0.0,1
32389,5,31,0.5870967741935482,0.607027711104861,-0.019930936911312758,0.0,1
29263,3,31,1.4,1.4199368354015094,-0.01993683540150948,0.0,1
31960,6,30,1.2,1.2201107460551637,-0.02011074605516372,0.0,1
31088,3,31,1.2548387096774194,1.274986421441242,-0.020147711763822684,0.0,1
30777,8,31,0.6870967741935484,0.7075398718015842,-0.020443097608035754,0.0,1
23472,2,28,1.403571428571429,1.4242257540067687,-0.020654325435339738,0.0,1
28275,10,31,0.7774193548387097,0.7981994883822519,-0.020780133543542134,0.0,1
22550,5,31,0.7838709677419357,0.8047524834313958,-0.020881515689460173,0.0,1
34646,7,31,0.6548387096774195,0.6757853403790852,-0.02094663070166569,0.0,1
23955,12,31,2.1032258064516123,2.1242077962963686,-0.0209819898447563,0.0,1
27333,3,28,0.9928571428571429,1.0138471178686834,-0.02098997501154054,0.0,1
34824,11,30,0.8166666666666667,0.8377866973682832,-0.0211200307016165,0.0,1
23405,4,30,0.9366666666666668,0.9581774622776452,-0.02151079561097846,0.0,1
34391,4,30,0.5333333333333333,0.5549686961868082,-0.021635362853474893,0.0,1
28434,11,30,0.7533333333333334,0.7749913457079398,-0.021658012374606406,0.0,1
32389,10,31,0.532258064516129,0.5539367338038518,-0.021678669287722774,0.0,1
28275,4,30,1.1133333333333333,1.1351012547736763,-0.021767921440343008,0.0,1
31873,1,31,1.8032258064516125,1.825018856884195,-0.021793050432582506,0.0,1
23921,9,30,0.9566666666666668,0.9785920955551969,-0.021925428888530107,0.0,1
23891,3,31,1.5677419354838709,1.5896930018074489,-0.021951066323578017,0.0,1
24266,1,31,2.0774193548387094,2.09949408515003,-0.02207473031132068,0.0,1
22550,10,31,0.40322580645161266,0.42536271075572507,-0.022136904304112415,0.0,1
23891,2,28,2.132142857142857,2.15455036556948,-0.02240750842662287,0.0,1
23472,1,31,2.3451612903225802,2.3678823538988145,-0.02272106357623427,0.0,1
34646,8,31,0.8516129032258065,0.8743476622252667,-0.022734758999460203,0.0,1
22641,3,31,1.2838709677419355,1.306771517712711,-0.022900549970775508,0.0,1
22583,9,30,0.5433333333333332,0.5662828087240596,-0.022949475390726337,0.0,1
30372,11,30,2.396666666666667,2.4196461037642725,-0.022979437097605526,0.0,1
28440,1,31,1.0935483870967742,1.116921065376217,-0.023372678279442782,0.0,1
27612,8,31,0.3548387096774193,0.37842051789798603,-0.023581808220566713,0.0,1
22602,12,31,1.0354838709677414,1.0593654395329057,-0.023881568565164324,0.0,1
22802,7,31,0.20645161290322553,0.23040043363565063,-0.023948820732425102,0.0,1
22887,8,31,0.641935483870968,0.6660137648698697,-0.024078280998901747,0.0,1
32061,2,28,1.182142857142857,1.2062562550206213,-0.024113397877764342,0.0,1
31909,3,31,1.4516129032258065,1.4760854322994628,-0.02447252907365627,0.0,1
23405,5,31,0.7419354838709677,0.766651844380023,-0.024716360509055235,0.0,1
31960,2,28,1.7500000000000004,1.7748155569310082,-0.024815556931007787,0.0,1
30372,12,31,2.912903225806452,2.93797817147366,-0.025074945667208137,0.0,1
30230,11,30,1.3566666666666667,1.3818424849139945,-0.02517581824732784,0.0,1
34163,3,30,0.8233333333333335,0.8485888759217329,-0.02525554258839946,0.0,1
22887,3,31,0.9774193548387099,1.0027225258978194,-0.025303171059109508,0.0,1
24817,10,31,1.1935483870967742,1.2189895308120409,-0.025441143715266623,0.0,1
28411,8,31,0.9935483870967745,1.0192950664105427,-0.025746679313768173,0.0,1
24966,6,30,1.1466666666666663,1.172462533552582,-0.02579586688591573,0.0,1
22550,3,31,1.058064516129032,1.08400098390233,-0.025936467773297833,0.0,1
31253,7,31,0.7064516129032256,0.7324095817285923,-0.025957968825366717,0.0,1
23405,7,31,0.6419354838709678,0.6679266495819179,-0.02599116571095017,0.0,1
22217,12,31,0.9032258064516129,0.9296765767473212,-0.026450770295708304,0.0,1
24944,10,31,1.0032258064516129,1.0297895567306528,-0.0265637502790399,0.0,1
30252,11,30,1.863333333333333,1.889912574905329,-0.02657924157199587,0.0,1
30054,11,30,1.28,1.3066004631879062,-0.02660046318790621,0.0,1
32061,11,30,1.0166666666666666,1.0433561062344225,-0.026689439567755935,0.0,1
30230,10,31,0.9645161290322581,0.9912443368284704,-0.02672820779621221,0.0,1
27612,3,31,0.396774193548387,0.4235315594279919,-0.026757365879604922,0.0,1
21946,6,30,1.3533333333333337,1.380202622881658,-0.026869289548324238,0.0,1
24966,7,31,1.2709677419354843,1.2980475145405366,-0.027079772605052232,0.0,1
23921,11,30,1.9433333333333336,1.9707341510739793,-0.027400817740645733,0.0,1
23205,5,31,0.9741935483870966,1.001719615345959,-0.027526066958862505,0.0,1
29282,3,31,1.3903225806451613,1.4179457647543354,-0.02762318410917408,0.0,1
22602,8,31,0.37096774193548404,0.3986019180818729,-0.027634176146388856,0.0,1
23324,4,30,0.9500000000000003,0.9777808727033077,-0.027780872703307424,0.0,1
30054,9,30,0.5966666666666666,0.6246646978049172,-0.027998031138250612,0.0,1
29282,9,30,0.9233333333333332,0.9514758336593679,-0.028142500326034714,0.0,1
22217,2,28,1.3785714285714286,1.4070816817592697,-0.028510253187841172,0.0,1
29263,10,31,1.0290322580645161,1.0575965569489183,-0.02856429888440215,0.0,1
28275,1,31,1.4806451612903226,1.5092135902145032,-0.028568428924180544,0.0,1
23205,3,31,1.109677419354839,1.1383022437132317,-0.028624824358392642,0.0,1
22641,2,28,1.3000000000000003,1.3296156383853124,-0.029615638385312115,0.0,1
21982,7,31,0.7064516129032257,0.7360868494512512,-0.02963523654802558,0.0,1
27823,4,30,0.9066666666666664,0.9363913921609917,-0.029724725494325255,0.0,1
24507,10,31,1.2483870967741937,1.278225689449424,-0.029838592675230258,0.0,1
31369,2,28,1.589285714285714,1.6191780589655296,-0.029892344679815608,0.0,1
31004,6,30,1.0333333333333334,1.0633591752655722,-0.030025841932238784,0.0,1
28411,4,30,1.1900000000000004,1.220296343652856,-0.030296343652855606,0.0,1
31388,11,30,1.8166666666666667,1.8472203852329347,-0.030553718566268095,0.0,1
24944,12,31,2.3064516129032255,2.3370549364055933,-0.03060332350236772,0.0,1
22820,10,31,0.21935483870967742,0.2500467772365446,-0.03069193852686719,0.0,1
27595,7,31,0.37741935483870975,0.4081392659805179,-0.030719911141808165,0.0,1
24688,5,31,0.9677419354838709,0.9985371746406047,-0.030795239156733767,0.0,1
34172,7,31,0.7032258064516126,0.7340606810458193,-0.03083487459420675,0.0,1
30636,11,30,1.343333333333333,1.3742732898893861,-0.030939956556053083,0.0,1
27037,10,31,0.6451612903225806,0.6761854888330027,-0.03102419851042204,0.0,1
32411,7,31,0.6161290322580644,0.64717666940173,-0.031047637143665652,0.0,1
27823,8,31,0.729032258064516,0.7602124321009198,-0.03118017403640383,0.0,1
34009,5,31,1.080645161290323,1.1120353964725562,-0.03139023518223327,0.0,1
22602,11,30,1.32,1.3514383694930032,-0.03143836949300316,0.0,1
22602,4,30,0.24333333333333332,0.2748874899497281,-0.031554156616394796,0.0,1
20674,5,31,0.5516129032258065,0.5831903217874976,-0.03157741856169116,0.0,1
23324,3,31,1.270967741935484,1.3026561537520251,-0.03168841181654125,0.0,1
23631,2,28,1.2785714285714285,1.3103112156033971,-0.03173978703196867,0.0,1
24817,12,31,2.803225806451613,2.8349962536336415,-0.031770447182028594,0.0,1
20674,1,31,1.5354838709677419,1.56732303492324,-0.03183916395549824,0.0,1
29698,2,28,2.4392857142857145,2.471166398673553,-0.03188068438783853,0.0,1
23804,6,30,0.586666666666667,0.6188928121960356,-0.032226145529368644,0.0,1
31388,7,31,0.9516129032258065,0.9839060753364228,-0.03229317211061633,0.0,1
32165,1,31,1.0064516129032255,1.0389126666342448,-0.03246105373101926,0.0,1
23418,2,28,1.5357142857142854,1.5683213825044267,-0.03260709679014129,0.0,1
24266,7,31,1.3580645161290321,1.3906982030306,-0.03263368690156798,0.0,1
29282,1,31,1.6903225806451614,1.7234576967221078,-0.033135116076946414,0.0,1
22217,5,31,0.6290322580645158,0.6622163428069747,-0.03318408474245893,0.0,1
22583,12,31,1.0709677419354837,1.1043803474197338,-0.03341260548425007,0.0,1
28493,11,30,1.0266666666666666,1.0601220265850624,-0.033455359918395766,0.0,1
37472,3,31,0.5096774193548387,0.5432061568663039,-0.033528737511465234,0.0,1
22217,6,30,0.31666666666666665,0.35026538150547065,-0.033598714838804,0.0,1
37472,2,28,1.0,1.0348348175710427,-0.034834817571042676,0.0,1
31004,2,28,1.1500000000000001,1.1848762110331623,-0.034876211033162186,0.0,1
21946,3,31,1.7322580645161287,1.767428257661791,-0.035170193145662276,0.0,1
30230,2,28,2.4607142857142854,2.4961838365282776,-0.03546955081399217,0.0,1
34172,11,30,0.7633333333333333,0.7990840126790615,-0.035750679345728176,0.0,1
23955,1,31,1.787096774193548,1.8228793127807241,-0.03578253858717617,0.0,1
23804,4,30,0.5433333333333333,0.5791995812930206,-0.03586624795968729,0.0,1
34009,10,31,1.0064516129032257,1.0425585333762337,-0.03610692047300801,0.0,1
32411,8,31,0.6387096774193547,0.6748546183770527,-0.036144940957698046,0.0,1
27823,6,30,0.5333333333333331,0.5697259373288924,-0.036392603995559325,0.0,1
22820,9,30,0.3466666666666667,0.3833739789344188,-0.036707312267752146,0.0,1
31960,7,31,0.7225806451612904,0.759665969926855,-0.03708532476556459,0.0,1
28224,2,20,1.105,1.142213665615878,-0.03721366561587791,0.0,1
23724,10,31,0.7774193548387097,0.8147011738926766,-0.03728181905396688,0.0,1
23804,3,31,0.7000000000000001,0.7373108813940644,-0.037310881394064355,0.0,1
37031,10,31,0.6548387096774193,0.6923357511123913,-0.03749704143497201,0.0,1
22820,1,31,0.5612903225806452,0.5988647180370302,-0.03757439545638508,0.0,1
31388,10,31,0.9483870967741935,0.9860455468774743,-0.03765845010328073,0.0,1
33008,11,30,0.20666666666666655,0.2443812223543045,-0.03771455568763796,0.0,1
28064,11,30,0.6666666666666666,0.7043975225588862,-0.037730855892219584,0.0,1
27199,12,31,1.2161290322580647,1.2539036587090648,-0.03777462645100016,0.0,1
28900,10,31,0.6129032258064516,0.6507370518563483,-0.03783382604989671,0.0,1
22217,4,30,0.2833333333333333,0.3214117771842373,-0.038078443850903976,0.0,1
28275,2,28,1.5392857142857141,1.5774255862111086,-0.038139871925394475,0.0,1
34009,7,31,0.7290322580645162,0.7672715456079341,-0.03823928754341788,0.0,1
23324,11,30,1.6066666666666662,1.6453031330047854,-0.038636466338119124,0.0,1
23955,3,31,1.264516129032258,1.3032220509151182,-0.03870592188286026,0.0,1
20891,7,31,1.2612903225806449,1.3000322805637725,-0.03874195798312763,0.0,1
31707,8,31,0.606451612903226,0.6452247711171402,-0.03877315821391414,0.0,1
22837,3,31,1.4161290322580646,1.454965196324566,-0.038836164066501366,0.0,1
20891,3,31,1.5064516129032255,1.5454541162028954,-0.03900250329966992,0.0,1
31915,7,31,0.4258064516129032,0.4650573645957753,-0.03925091298287209,0.0,1
34009,4,30,1.1300000000000001,1.1692614792276754,-0.03926147922767531,0.0,1
33008,7,31,0.6645161290322582,0.7042949647823884,-0.03977883575013019,0.0,1
24966,2,28,2.392857142857143,2.4326402267859604,-0.039783083928817575,0.0,1
24817,1,31,1.6516129032258067,1.6914065381715575,-0.03979363494575083,0.0,1
27947,10,31,1.2258064516129032,1.2656767522183094,-0.039870300605406195,0.0,1
26477,12,31,0.4870967741935487,0.5270524876102509,-0.03995571341670223,0.0,1
20674,2,28,0.8000000000000005,0.8399624632190006,-0.0399624632190001,0.0,1
28138,1,27,1.0296296296296297,1.0696555468132516,-0.04002591718362192,0.0,1
31416,7,31,1.1000000000000003,1.1401728991210092,-0.040172899121008854,0.0,1
23418,12,31,1.3548387096774188,1.3952002937854846,-0.040361584108065784,0.0,1
24951,7,31,1.0419354838709673,1.0824497506816928,-0.04051426681072545,0.0,1
25703,3,31,2.8032258064516133,2.8437989334837592,-0.040573127032145884,0.0,1
30758,2,28,1.3249999999999997,1.3659910371494453,-0.04099103714944552,0.0,1
23933,5,31,1.0645161290322582,1.1057576190262295,-0.04124148999397126,0.0,1
27595,11,30,0.7899999999999999,0.8313611097905046,-0.04136110979050467,0.0,1
34139,11,30,1.363333333333333,1.4048255720770937,-0.04149223874376062,0.0,1
23804,2,28,0.671428571428571,0.712999181254429,-0.04157060982585792,0.0,1
31594,8,31,0.7225806451612906,0.7642583627608418,-0.04167771759955119,0.0,1
25551,5,31,0.825806451612903,0.8674968175286756,-0.041690365915772576,0.0,1
28064,9,30,0.6400000000000001,0.6818654611083023,-0.04186546110830214,0.0,1
37099,11,30,0.8933333333333332,0.9353808448738735,-0.04204751154054032,0.0,1
34824,4,30,0.6466666666666666,0.6893522847593213,-0.0426856180926547,0.0,1
26477,8,31,0.3548387096774193,0.3978497630102044,-0.0430110533327851,0.0,1
27648,5,31,0.7645161290322583,0.8078197811405066,-0.04330365210824827,0.0,1
32411,6,30,0.6566666666666665,0.7002549039977622,-0.043588237331095736,0.0,1
34172,9,30,0.6233333333333334,0.6670356889079528,-0.043702355574619434,0.0,1
27648,3,31,0.8516129032258064,0.8958527817555056,-0.04423987852969924,0.0,1
22802,3,31,0.5,0.5443743725665591,-0.04437437256655907,0.0,1
28698,1,31,1.4870967741935486,1.531479651887984,-0.044382877694435496,0.0,1
28698,11,30,1.1066666666666667,1.1511007499842238,-0.04443408331755716,0.0,1
28138,9,30,2.0366666666666666,2.0816637855497633,-0.044997118883096654,0.0,1
27459,7,31,0.535483870967742,0.5806049104382455,-0.0451210394705035,0.0,1
24266,5,31,1.2483870967741937,1.2936116234460189,-0.045224526671825194,0.0,1
22641,11,30,0.6566666666666665,0.70203539274634,-0.04536872607967346,0.0,1
27612,1,31,0.4516129032258064,0.49703022817983833,-0.045417324954031946,0.0,1
24966,1,10,1.7500000000000013,1.7954718575221769,-0.04547185752217553,0.0,0
22641,5,31,0.8000000000000002,0.8455657060550692,-0.045565706055069044,0.0,1
30949,11,30,2.0233333333333334,2.0690009819428594,-0.04566764860952599,0.0,1
24641,10,31,1.1129032258064513,1.1586059424470958,-0.045702716640644514,0.0,1
22217,7,31,0.34838709677419305,0.39438060588562335,-0.0459935091114303,0.0,1
22550,12,31,0.8870967741935483,0.9331708822024444,-0.04607410800889611,0.0,1
27037,3,31,0.9419354838709679,0.9882101939065651,-0.04627471003559713,0.0,1
22550,1,31,0.9193548387096774,0.9657346808817082,-0.04637984217203084,0.0,1
23418,9,30,0.3866666666666668,0.4331740779584932,-0.046507411291826395,0.0,1
27947,5,31,1.1516129032258056,1.1982994281278398,-0.04668652490203429,0.0,1
23933,2,28,1.0000000000000004,1.0467407976146046,-0.046740797614604146,0.0,1
31510,1,31,0.9709677419354835,1.0181729402909983,-0.04720519835551473,0.0,1
31329,7,31,0.674193548387097,0.7214099982449816,-0.047216449857884646,0.0,1
34646,5,31,0.7193548387096769,0.766600385954386,-0.047245547244709085,0.0,1
28661,1,31,1.1290322580645156,1.176385796606769,-0.04735353854225344,0.0,1
27199,9,30,0.7133333333333333,0.7609501592385949,-0.04761682590526162,0.0,1
22802,12,31,0.5387096774193547,0.5863997124658914,-0.04769003504653668,0.0,1
27037,8,31,0.33548387096774185,0.38330870873496303,-0.047824837767221184,0.0,1
23418,3,31,0.8806451612903224,0.9287259156570268,-0.04808075436670434,0.0,1
21982,6,30,1.0333333333333332,1.0818353919303663,-0.04850205859703305,0.0,1
23324,9,30,0.3799999999999999,0.42871613550396215,-0.048716135503962255,0.0,1
22602,10,31,0.3193548387096776,0.36812385914733975,-0.048769020437662125,0.0,1
24266,8,31,1.5354838709677423,1.584317611968366,-0.048833741000623654,0.0,1
34646,6,30,0.5200000000000004,0.5689157992441233,-0.048915799244122926,0.0,1
23711,5,31,0.8322580645161293,0.8815164145277429,-0.049258350011613605,0.0,1
28493,7,31,0.7516129032258064,0.8011105413942122,-0.0494976381684058,0.0,1
31004,8,31,0.761290322580645,0.8108406325833023,-0.049550310002657305,0.0,1
22820,4,30,0.38666666666666655,0.436761379737613,-0.05009471307094643,0.0,1
24738,10,31,0.7967741935483872,0.8468695038943992,-0.050095310346012,0.0,1
29612,9,30,0.6633333333333336,0.7136941783231433,-0.05036084498980975,0.0,1
34880,4,30,0.5166666666666665,0.5671909337966234,-0.050524267129956946,0.0,1
27459,8,31,0.7967741935483872,0.8476444630854184,-0.05087026953703122,0.0,1
27648,1,31,0.8677419354838708,0.9187542446362269,-0.051012309152356106,0.0,1
34123,1,31,0.5000000000000001,0.5515234533995208,-0.05152345339952069,0.0,1
22217,10,31,0.4387096774193549,0.49030552467249144,-0.05159584725313654,0.0,1
22820,11,30,0.22999999999999995,0.2816572933531141,-0.05165729335311417,0.0,1
32165,8,31,0.858064516129032,0.9097968311362941,-0.05173231500726205,0.0,1
32389,8,31,0.5064516129032259,0.5583458828109499,-0.051894269907723944,0.0,1
21982,1,31,1.6709677419354838,1.7229191750000834,-0.051951433064599595,0.0,1
29231,11,30,1.4333333333333336,1.4853039315499286,-0.051970598216595,0.0,1
26258,3,31,0.5870967741935482,0.6393314573557964,-0.05223468316224822,0.0,1
34391,6,30,0.8166666666666667,0.869170719221709,-0.05250405255504231,0.0,1
23405,9,30,0.3633333333333333,0.41619956624277077,-0.05286623290943748,0.0,1
24125,2,28,0.6142857142857141,0.6672754186935491,-0.052989704407835014,0.0,1
30252,12,31,3.000000000000001,3.053019851673222,-0.05301985167322121,0.0,1
29838,11,30,1.3733333333333329,1.4270040570619893,-0.053670723728656444,0.0,1
23711,10,31,0.9548387096774194,1.0088023434458457,-0.05396363376842639,0.0,1
36034,1,31,2.412903225806452,2.4671419257828258,-0.05423869997637398,0.0,1
34861,12,31,0.6096774193548387,0.6640725725249303,-0.05439515317009169,0.0,1
25913,9,30,1.2133333333333336,1.2678184439770652,-0.05448511064373163,0.0,1
29866,1,20,1.825,1.8795103330592091,-0.05451033305920916,0.0,1
28434,2,28,1.7142857142857137,1.7688380865381708,-0.054552372252457015,0.0,1
27612,9,30,0.2566666666666667,0.3117808336266259,-0.05511416695995919,0.0,1
21982,4,30,1.3766666666666671,1.4320495302635872,-0.05538286359692002,0.0,1
30521,12,31,1.9612903225806448,2.0171091099847875,-0.0558187874041427,0.0,1
32098,6,30,0.9700000000000001,1.0264689978431287,-0.05646899784312864,0.0,1
23418,1,30,2.2333333333333334,2.2898476120530757,-0.05651427871974235,0.0,1
26258,11,30,0.38666666666666677,0.4432117749114438,-0.05654510824477704,0.0,1
30777,11,30,1.5200000000000002,1.5767518309194528,-0.05675183091945257,0.0,1
31594,1,31,1.9096774193548383,1.9669351347293642,-0.05725771537452595,0.0,1
22641,9,30,0.5533333333333336,0.6107487692727332,-0.057415435939399684,0.0,1
28661,5,31,0.7903225806451615,0.847772929578626,-0.05745034893346457,0.0,1
27648,4,30,0.9433333333333334,1.0011999689949092,-0.057866635661575794,0.0,1
23205,1,30,1.666666666666667,1.7246495881239154,-0.05798292145724848,0.0,1
24966,12,31,2.2193548387096778,2.27766998732567,-0.058315148615992296,0.0,1
31168,2,28,1.7214285714285715,1.780133075458003,-0.05870450402943139,0.0,1
29430,7,31,0.5387096774193549,0.5974972639076299,-0.05878758648827498,0.0,1
30758,4,30,0.7533333333333334,0.812608878388338,-0.05927554505500454,0.0,1
28493,6,30,0.7033333333333329,0.7626732877395574,-0.05933995440622453,0.0,1
31594,7,31,0.6870967741935484,0.7468812131352034,-0.05978443894165497,0.0,1
23711,9,30,0.5933333333333333,0.6533216429869538,-0.059988309653620564,0.0,1
22217,11,30,1.0266666666666666,1.0868786319934296,-0.060211965326762984,0.0,1
29263,11,30,1.2266666666666668,1.2870025972917893,-0.06033593062512255,0.0,1
27595,4,30,0.6100000000000001,0.6704351928109167,-0.06043519281091658,0.0,1
22887,2,28,0.9107142857142854,0.971490109017371,-0.06077582330308562,0.0,1
22583,3,31,1.0709677419354837,1.1322515984978268,-0.06128385656234303,0.0,1
30372,1,31,1.835483870967742,1.8969153077788083,-0.06143143681106644,0.0,1
20674,6,30,0.4566666666666668,0.5181707142601369,-0.06150404759347017,0.0,1
22602,5,31,0.40322580645161304,0.46483899775704274,-0.06161319130542969,0.0,1
20891,9,30,0.9066666666666668,0.9685271274280399,-0.06186046076137308,0.0,1
23472,3,31,2.4935483870967747,2.5562080824343374,-0.06265969533756266,0.0,1
29866,10,31,1.3741935483870968,1.4377649002113224,-0.06357135182422557,0.0,1
27612,11,30,0.1666666666666666,0.23041398095373306,-0.06374731428706645,0.0,1
23921,4,30,0.8966666666666664,0.960535147564565,-0.06386848089789865,0.0,1
24507,3,31,1.935483870967742,1.9994118875711817,-0.06392801660343972,0.0,1
28661,11,30,0.9133333333333333,0.9772674389845672,-0.06393410565123392,0.0,1
28661,7,31,0.5612903225806448,0.6271208675844631,-0.06583054500381824,0.0,1
34009,6,30,0.6633333333333336,0.7292424461619998,-0.0659091128286663,0.0,1
28138,2,18,0.833333333333333,0.9004056039772396,-0.06707227064390653,0.0,1
22217,8,31,0.28709677419354857,0.3548247510540002,-0.06772797686045162,0.0,1
23324,1,31,2.061290322580646,2.1300608535610075,-0.06877053098036168,0.0,1
29430,9,30,0.42000000000000004,0.4894301047320922,-0.06943010473209216,0.0,1
34880,6,30,0.20666666666666642,0.2764672148896788,-0.06980054822301238,0.0,1
22887,9,30,0.7999999999999997,0.8702909742629132,-0.07029097426291353,0.0,1
22583,5,31,0.8806451612903226,0.9513663863054482,-0.07072122501512568,0.0,1
26063,9,30,0.49,0.5607497757250558,-0.07074977572505581,0.0,1
22217,3,31,0.7161290322580648,0.7873323420055595,-0.07120330974749467,0.0,1
25703,12,31,3.6774193548387104,3.7486272885969756,-0.07120793375826517,0.0,1
22602,9,30,0.44666666666666666,0.517946204151807,-0.07127953748514038,0.0,1
27333,1,18,0.5222222222222221,0.5935588679471301,-0.07133664572490794,0.0,1
26258,4,30,0.6633333333333332,0.7347360410007243,-0.0714027076673911,0.0,1
21982,8,31,0.9612903225806453,1.0329656640438136,-0.07167534146316834,0.0,1
29263,2,28,1.3571428571428572,1.4289229797396246,-0.07178012259676736,0.0,1
34172,6,30,0.7733333333333335,0.845411247596006,-0.07207791426267252,0.0,1
28900,4,30,0.6466666666666666,0.7200357332837289,-0.07336906661706233,0.0,1
24688,7,31,1.5967741935483868,1.6703298586680289,-0.07355566511964207,0.0,1
34646,11,30,0.6666666666666665,0.7402917917292985,-0.07362512506263197,0.0,1
33008,6,30,0.7033333333333328,0.7769843146779393,-0.07365098134460646,0.0,1
34172,5,31,0.8161290322580637,0.8902068054318109,-0.0740777731737472,0.0,1
22583,2,28,1.0500000000000003,1.1241388320270667,-0.07413883202706639,0.0,1
29430,2,28,0.7249999999999995,0.8007743457678583,-0.0757743457678588,0.0,1
28698,9,30,0.6799999999999999,0.7565406168325307,-0.07654061683253077,0.0,1
22602,3,31,0.5451612903225805,0.6225423572229359,-0.0773810669003554,0.0,1
24959,8,31,0.9870967741935482,1.0649183926517363,-0.07782161845818802,0.0,1
22550,2,28,0.9821428571428577,1.060678514840853,-0.07853565769799542,0.0,1
23631,1,31,0.783870967741936,0.8624658582717145,-0.07859489052977853,0.0,1
36034,2,28,1.9749999999999999,2.0536197431159136,-0.07861974311591369,0.0,1
21982,5,31,0.9419354838709678,1.020565055306787,-0.07862957143581928,0.0,1
27823,5,31,0.8419354838709674,0.9208526342337507,-0.07891715036278335,0.0,1
28440,11,30,0.7833333333333333,0.8625315328835009,-0.0791981995501676,0.0,1
29612,1,30,1.5499999999999996,1.6292327421428814,-0.07923274214288178,0.0,1
24959,1,31,1.2032258064516133,1.2835826818245268,-0.08035687537291358,0.0,1
24641,7,31,0.9903225806451614,1.0711036822148134,-0.08078110156965201,0.0,1
28434,9,30,1.0333333333333328,1.1142035748170438,-0.08087024148371103,0.0,1
28138,6,2,0.9000000000000012,0.9810249850481183,-0.08102498504811706,0.0,0
33008,4,30,0.49,0.571746699849286,-0.08174669984928606,0.0,1
29282,2,28,1.8357142857142859,1.9177308436074088,-0.0820165578931229,0.0,1
22820,12,31,0.4322580645161291,0.5150038114929805,-0.08274574697685139,0.0,1
27459,6,30,0.5666666666666669,0.6495730164863451,-0.08290634981967826,0.0,1
20674,7,31,0.6129032258064514,0.6959716030000753,-0.08306837719362392,0.0,1
32389,6,30,0.5433333333333332,0.6268018356617179,-0.08346850232838465,0.0,1
29612,11,30,1.163333333333333,1.2485396053820355,-0.08520627204870235,0.0,1
35121,1,31,1.4129032258064522,1.4981362457678553,-0.08523301996140309,0.0,1
28698,4,30,0.7933333333333332,0.8787154110848782,-0.08538207775154494,0.0,1
22837,11,30,0.8900000000000002,0.9755858723925528,-0.08558587239255255,0.0,1
23891,11,30,1.993333333333333,2.079021569509099,-0.08568823617576604,0.0,1
29838,1,31,2.106451612903226,2.194383846867645,-0.08793223396441929,0.0,1
27333,10,31,0.8000000000000004,0.8880521215957118,-0.08805212159571141,0.0,1
24908,12,31,2.7935483870967746,2.881817172190665,-0.08826878509389058,0.0,1
30777,2,28,1.9464285714285716,2.034739868050625,-0.08831129662205317,0.0,1
20674,11,30,0.7333333333333331,0.8234605197641581,-0.09012718643082507,0.0,1
31329,12,31,1.093548387096774,1.1840938248890254,-0.09054543779225144,0.0,1
29430,8,31,0.5935483870967742,0.6841334269929241,-0.09058503989614997,0.0,1
24507,1,30,2.086666666666667,2.1778644992404015,-0.0911978325737346,0.0,1
30758,8,31,0.3935483870967741,0.48651937685867197,-0.09297098976189788,0.0,1
24641,11,30,1.3766666666666671,1.4702176578632964,-0.09355099119662924,0.0,1
27037,2,28,0.95,1.0439321470830154,-0.09393214708301545,0.0,1
27459,5,31,0.8967741935483866,0.9909806537625062,-0.0942064602141196,0.0,1
24908,2,28,2.942857142857143,3.038667682472503,-0.09581053961536012,0.0,1
28064,1,31,1.435483870967742,1.5313512465586872,-0.09586737559094516,0.0,1
28440,12,31,0.5387096774193552,0.6346087412695035,-0.09589906385014835,0.0,1
28661,6,30,0.48000000000000026,0.5766332928909158,-0.09663329289091555,0.0,1
30758,6,30,0.52,0.6168724918769204,-0.09687249187692037,0.0,1
23921,2,28,1.6500000000000001,1.7468822147899323,-0.0968822147899322,0.0,1
30823,5,31,0.770967741935484,0.868280182226232,-0.09731244029074804,0.0,1
24266,2,28,1.832142857142857,1.9297072581942665,-0.0975644010514094,0.0,1
27037,1,31,0.7677419354838712,0.8660556075318764,-0.09831367204800523,0.0,1
23724,1,31,2.2483870967741932,2.348531907308812,-0.10014481053461877,0.0,1
29838,12,31,1.2225806451612906,1.3232135375905847,-0.10063289242929407,0.0,1
23804,9,30,0.4333333333333333,0.5344865478455881,-0.10115321451225484,0.0,1
20674,3,31,1.0129032258064519,1.1162752163622136,-0.10337199055576174,0.0,1
34163,10,31,1.4258064516129036,1.5317349603154333,-0.10592850870252968,0.0,1
24641,6,30,1.1833333333333333,1.2896171872583613,-0.10628385392502793,0.0,1
31388,2,28,1.6178571428571433,1.724342137557306,-0.1064849947001627,0.0,1
34880,10,31,0.48064516129032275,0.5886741956534262,-0.1080290343631034,0.0,1
26258,7,31,0.7709677419354845,0.8791017693458019,-0.10813402741031741,0.0,1
24738,11,30,1.7300000000000002,1.8389753823517572,-0.10897538235175697,0.0,1
28661,8,31,1.0806451612903223,1.1912958514769965,-0.11065069018667417,0.0,1
22802,9,30,0.28666666666666657,0.39829974556853254,-0.11163307890186597,0.0,1
24125,12,31,0.8258064516129032,0.9376221391225378,-0.11181568750963455,0.0,1
26477,1,30,0.42333333333333323,0.5366634642494704,-0.1133301309161372,0.0,1
22820,7,31,0.3322580645161292,0.44588910256879616,-0.11363103805266694,0.0,1
29570,10,31,1.167741935483871,1.2830196627913455,-0.11527772730747454,0.0,1
27648,10,31,0.8258064516129031,0.9422664307632949,-0.11645997915039175,0.0,1
24817,11,30,2.4200000000000004,2.5364791729885865,-0.11647917298858612,0.0,1
28698,7,31,0.5580645161290324,0.6756556807141436,-0.11759116458511121,0.0,1
24125,1,31,0.6354838709677414,0.7541112917862582,-0.11862742081851685,0.0,1
26258,1,31,0.5258064516129033,0.6453405890318755,-0.11953413741897223,0.0,1
37472,8,31,0.4709677419354838,0.5906397065788995,-0.11967196464341573,0.0,1
28411,9,30,0.6433333333333338,0.7633862508786211,-0.12005291754528735,0.0,1
24959,7,31,1.0741935483870961,1.1952758854772134,-0.12108233709011729,0.0,1
34391,10,31,0.7548387096774193,0.8782929930442477,-0.1234542833668284,0.0,1
24951,2,28,1.857142857142857,1.9810565605160468,-0.12391370337318985,0.0,1
24959,6,30,0.9499999999999998,1.0748101175508542,-0.12481011755085436,0.0,1
24343,12,31,2.103225806451614,2.2284365799867056,-0.12521077353509158,0.0,1
27823,10,31,0.6741935483870969,0.7996391515047483,-0.1254456031176514,0.0,1
24641,2,28,1.4678571428571432,1.594408858532006,-0.12655171567486279,0.0,1
32389,9,30,0.49999999999999983,0.626749902402659,-0.1267499024026592,0.0,1
28411,5,31,1.1483870967741938,1.2751521511802537,-0.1267650544060599,0.0,1
24738,2,28,2.0071428571428567,2.1339727282570022,-0.12682987111414556,0.0,1
20891,4,30,1.6266666666666667,1.7535947678339239,-0.12692810116725717,0.0,1
27459,9,30,0.783333333333333,0.9120849112731951,-0.12875157793986214,0.0,1
26258,6,30,0.8733333333333332,1.0024692500124845,-0.12913591667915136,0.0,1
24951,1,31,2.5935483870967744,2.7258165459602908,-0.1322681588635164,0.0,1
30230,1,31,1.9516129032258067,2.083986780047429,-0.1323738768216225,0.0,1
24125,9,30,0.4200000000000001,0.5547822416835329,-0.13478224168353276,0.0,1
28900,11,30,0.46,0.5969168660251751,-0.1369168660251751,0.0,1
22820,6,30,0.35333333333333317,0.49072962436400436,-0.1373962910306712,0.0,1
34163,9,30,1.5533333333333337,1.6917716806334648,-0.13843834730013116,0.0,1
34391,9,30,1.1300000000000003,1.2686594484349167,-0.1386594484349164,0.0,1
22837,12,31,1.4903225806451614,1.6300861053294404,-0.139763524684279,0.0,1
28493,9,30,0.6499999999999999,0.790399384410896,-0.14039938441089606,0.0,1
32165,7,31,0.6516129032258068,0.7920451833097952,-0.14043228008398845,0.0,1
34646,2,21,1.4142857142857141,1.5559416657390726,-0.1416559514533584,0.0,1
27612,10,31,0.22903225806451602,0.37163751365198705,-0.14260525558747103,0.0,1
23324,2,28,1.7535714285714288,1.896197835923472,-0.14262640735204313,0.0,1
23724,2,28,1.8178571428571426,1.9618412341594313,-0.14398409130228873,0.0,1
31532,1,31,1.7838709677419353,1.930882643245232,-0.14701167550329663,0.0,1
34646,9,30,0.6566666666666667,0.804040527546569,-0.14737386087990223,0.0,1
34139,10,31,0.9451612903225809,1.0959308882675733,-0.15076959794499245,0.0,1
34861,6,30,0.5199999999999996,0.671336836932598,-0.15133683693259847,0.0,1
33008,5,31,0.49999999999999994,0.6514548295966166,-0.15145482959661666,0.0,1
26477,9,30,0.3033333333333333,0.45517491845997216,-0.15184158512663887,0.0,1
33008,10,31,0.2838709677419353,0.43621162190378787,-0.15234065416185255,0.0,1
37099,12,31,1.2516129032258065,1.4063120372038131,-0.1546991339780066,0.0,1
28224,9,30,1.2600000000000002,1.4152828763976388,-0.1552828763976386,0.0,1
30252,1,31,2.2612903225806456,2.4224688570888606,-0.16117853450821507,0.0,1
27037,9,30,0.4466666666666667,0.6080223609682935,-0.16135569430162683,0.0,1
30823,6,30,0.41999999999999993,0.5853260125255287,-0.1653260125255288,0.0,1
24738,6,30,0.9633333333333335,1.1291320434995342,-0.16579871016620074,0.0,1
22802,1,31,0.31612903225806455,0.48237266024617076,-0.1662436279881062,0.0,1
28493,5,31,1.3032258064516127,1.4705775360819253,-0.16735172963031264,0.0,1
35121,10,31,0.6451612903225806,0.8136250607711198,-0.16846377044853922,0.0,1
30230,12,31,1.6064516129032262,1.7750158866717272,-0.16856427376850092,0.0,1
29570,8,31,0.6677419354838711,0.8374269695748267,-0.1696850340909556,0.0,1
28440,9,30,0.6333333333333332,0.803156553050329,-0.16982321971699577,0.0,1
28440,10,31,0.7032258064516129,0.8737364651023932,-0.1705106586507803,0.0,1
27947,9,30,0.9166666666666665,1.0891609769040969,-0.17249431023743034,0.0,1
30758,7,31,0.4677419354838711,0.6426146579052743,-0.17487272242140317,0.0,1
23891,12,31,1.716129032258064,1.8919399674778343,-0.17581093521977031,0.0,1
31329,1,31,1.8258064516129036,2.00219798257286,-0.17639153095995663,0.0,1
24125,5,31,0.5645161290322579,0.7459270773589818,-0.1814109483267239,0.0,1
22113,8,31,0.5580645161290324,0.7414838269892196,-0.18341931086018715,0.0,1
24688,12,31,1.3000000000000005,1.486576235548821,-0.18657623554882052,0.0,1
22837,1,31,1.1903225806451614,1.3850874128545034,-0.19476483220934204,0.0,1
31388,1,31,2.2387096774193553,2.4370116314797055,-0.19830195406035012,0.0,1
22217,9,30,0.2733333333333332,0.4730844728282219,-0.1997511394948887,0.0,1
24738,12,31,2.4612903225806453,2.661983543066495,-0.2006932204858498,0.0,1
32165,6,30,0.9200000000000003,1.1236360103263083,-0.20363601032630807,0.0,1
33008,8,31,0.38064516129032233,0.5888423336788398,-0.20819717238851743,0.0,1
31388,12,31,1.525806451612903,1.7343165100022135,-0.20851005838931047,0.0,1
24944,1,30,1.6733333333333327,1.883132540876129,-0.20979920754279635,0.0,1
24125,7,31,0.6032258064516127,0.8157034169536291,-0.2124776105020164,0.0,1
33008,9,30,0.5233333333333334,0.7367522308385577,-0.21341889750522425,0.0,1
30054,1,31,1.509677419354839,1.7243513845096092,-0.21467396515477022,0.0,1
34139,9,30,0.9433333333333334,1.1615596934971337,-0.21822636016380037,0.0,1
23891,1,30,2.3100000000000005,2.5305618741821263,-0.2205618741821258,0.0,1
34009,9,30,0.6033333333333332,0.8256599023357653,-0.22232656900243208,0.0,1
27648,9,30,0.9800000000000002,1.2040093554360085,-0.2240093554360083,0.0,1
24507,2,28,3.2357142857142853,3.47295630546973,-0.23724201975544457,0.0,1
34861,8,31,0.32903225806451597,0.5730810120511038,-0.24404875398658787,0.0,1
28224,6,1,0.5,0.7571927796058588,-0.25719277960585885,0.0,0
35121,2,28,1.114285714285714,1.3880501924783923,-0.27376447819267824,0.0,1
27823,9,30,0.8833333333333333,1.1621393525797743,-0.278806019246441,0.0,1
24641,1,30,1.7266666666666672,2.005491766608343,-0.2788250999416759,0.0,1
24125,11,30,0.6266666666666656,0.9061798420072642,-0.2795131753405986,0.0,1
27333,9,30,1.1300000000000001,1.4105836703327703,-0.2805836703327702,0.0,1
22113,4,30,0.3266666666666667,0.61612822246199,-0.28946155579532323,0.0,1
34861,7,31,0.49354838709677423,0.7877134888046914,-0.29416510170791715,0.0,1
24738,1,30,1.9833333333333347,2.2780149679723545,-0.29468163463901975,0.0,1
24641,12,31,2.270967741935483,2.5775143977525565,-0.3065466558170735,0.0,1
27595,9,30,0.3866666666666668,0.7033009964034279,-0.3166343297367611,0.0,1
35121,12,31,0.5935483870967743,0.9114866623990983,-0.317938275302324,0.0,1
35121,11,30,0.56,0.9089548354979696,-0.3489548354979696,0.0,1
29570,9,30,0.9566666666666666,1.4019510938175053,-0.4452844271508387,0.0,1
25913,4,30,1.3166666666666664,1.9440884867031056,-0.6274218200364392,0.0,1
22113,6,30,0.5700000000000001,1.2360353780862539,-0.6660353780862538,0.0,1
22113,7,31,0.4774193548387095,1.1647372492819192,-0.6873178944432097,0.0,1
22113,5,31,0.23225806451612907,1.0249834662069321,-0.7927254016908031,0.0,1
25913,8,31,1.0548387096774194,2.6861397107872116,-1.6313010011097921,0.0,1
25913,7,31,1.3709677419354842,3.0742685328190276,-1.7033007908835434,0.0,1
25913,6,30,1.9366666666666668,3.8488801998619566,-1.9122135331952899,0.0,1
25913,5,31,1.7483870967741935,3.7446140328136486,-1.9962269360394551,0.0,1
