station,month,n,baseline_mae,xgb_delta_mae,gain,alpha,is_eligible
25913,12,31,6.7612903225806456,2.0858063482469134,4.675483974333732,0.691507648875695,1
25913,1,31,5.516129032258065,1.9752941823774763,3.5408348498805884,0.6419057330192879,1
25913,11,30,4.39,1.4347800104816755,2.955219989518324,0.673170840436976,1
25913,10,31,3.8709677419354844,1.5081772058240825,2.362790536111402,0.6103875551621121,1
25913,3,31,3.5999999999999996,1.4858716484039063,2.1141283515960936,0.5872578754433594,1
22113,2,28,3.225,1.389451211903777,1.8355487880962231,0.5691624149135576,1
22113,12,31,2.8580645161290326,1.3461669385433197,1.5118975775857129,0.5289935090875518,1
22113,11,30,1.8733333333333335,0.7413844531774519,1.1319488801558815,0.6042431744604349,1
22113,1,31,2.4387096774193546,1.4242551905493586,1.014454486869996,0.41598001445727356,1
37235,8,31,1.425806451612903,0.4245740329065629,1.0012324187063402,0.7022218321243563,1
25913,6,30,1.9366666666666668,1.037655874888102,0.8990107917785648,0.46420522811285614,1
29570,12,31,2.967741935483872,2.2123787153151726,0.7553632201686993,0.2545245633177138,1
25913,7,31,1.3709677419354842,0.6574471495805249,0.7135205923549593,0.5204503144236173,1
25913,2,28,2.439285714285714,1.7406954109668729,0.6985903033188412,0.28639133957434193,1
22113,3,31,1.206451612903226,0.5653627427715447,0.6410888701316811,0.5313838228364202,1
25913,5,31,1.7483870967741935,1.1874857209382517,0.5609013758359418,0.3208107500168671,1
37235,9,30,1.0833333333333333,0.528548177977403,0.5547851553559302,0.5121093741747048,1
30823,12,31,1.6806451612903226,1.1273917423658852,0.5532534189244374,0.3291910937938111,1
37235,7,31,0.9967741935483871,0.4490356578942272,0.54773853565416,0.5495111522744,1
37235,6,30,1.0199999999999998,0.5117680422465004,0.5082319577534994,0.4982666252485289,1
29570,11,30,1.56,1.0817411309480667,0.4782588690519334,0.3065761981102137,1
29570,1,31,2.832258064516129,2.3594643681280068,0.4727936963881221,0.16693171512564675,1
35121,8,31,1.3032258064516131,0.9027000056159112,0.4005258008357019,0.30733415410660286,1
25563,6,30,2.2766666666666664,1.8798899266123774,0.396776740054289,0.174279680843758,1
28440,8,31,1.0064516129032257,0.633194504053362,0.37325710884986374,0.3708644350751852,1
30710,12,31,1.935483870967742,1.567025545720131,0.368458325247611,0.19037013471126568,1
30710,1,31,2.035483870967742,1.6687388754660082,0.3667449955017339,0.18017582980275357,1
27595,3,31,1.4322580645161291,1.0680721107990512,0.36418595371707796,0.2542739766943562,1
22837,6,30,1.2566666666666664,0.8949060638745628,0.36176060279210354,0.28787315872050684,1
25913,8,31,1.0548387096774194,0.7166793265770521,0.3381593831003673,0.32057923168536345,1
30555,7,26,9.215384615384616,8.883576730638744,0.33180788474587253,0.03600586395405962,1
35121,3,31,1.532258064516129,1.227975756314493,0.30428230820163593,0.19858424324738344,1
28440,5,31,1.2322580645161287,0.9318750203617155,0.3003830441544132,0.24376634473263903,1
25913,9,30,1.2133333333333336,0.9154706615209579,0.2978626718123757,0.24549121303217772,1
35121,5,31,1.1451612903225805,0.8553572547051214,0.28980403561745915,0.25306831279271086,1
37235,10,31,0.7967741935483874,0.509169685167651,0.28760450838073637,0.36096112387865686,1
25563,12,31,4.648387096774194,4.361164063984347,0.2872230327898464,0.06178982662376987,1
34163,8,31,1.5806451612903225,1.2984511139652426,0.2821940473250799,0.17853092789954036,1
25913,4,30,1.3166666666666664,1.0356889771918454,0.28097768947482105,0.21340077681631983,1
28440,6,30,0.8500000000000001,0.5695574293533966,0.2804425706466035,0.3299324360548276,1
37235,5,31,0.8161290322580643,0.5380571084637792,0.27807192379428514,0.3407205390364759,1
26063,1,31,0.8000000000000003,0.5249524803892259,0.27504751961077434,0.3438093995134678,1
25563,10,31,1.6645161290322579,1.3934411819633694,0.27107494706888846,0.16285510385921595,1
28440,3,31,0.9580645161290323,0.6881899728890388,0.2698745432399935,0.28168723368484166,1
30710,9,30,1.0333333333333337,0.7795658461749558,0.2537674871583778,0.24558143918552686,1
24688,6,30,1.4833333333333336,1.230146779157221,0.2531865541761127,0.17068756461310963,1
28900,7,31,0.6419354838709679,0.3898024012965539,0.25213308257441397,0.39277012863350913,1
34139,7,26,1.1,0.8574753606548675,0.24252463934513258,0.2204769448592114,1
26063,10,31,0.7806451612903228,0.538809537478993,0.24183562381132984,0.30978943546079435,1
29838,6,30,1.2766666666666662,1.0360670784364139,0.2405995882302523,0.18845920749105932,1
34163,7,26,1.8884615384615389,1.6497323517651803,0.23872918669635856,0.126414640613143,1
29570,2,28,1.9678571428571432,1.7296866787331453,0.2381704641239979,0.12103036289422758,1
27947,7,31,0.9741935483870965,0.7390380150848813,0.23515553330221517,0.24138481895260505,1
29838,9,30,1.3866666666666665,1.1580913656507617,0.22857530101590484,0.16483795746339294,1
29570,3,31,1.7838709677419355,1.557186807547846,0.22668416019408943,0.12707430318294344,1
31873,4,30,1.7866666666666668,1.562943558556338,0.2237231081103288,0.12521815752443774,1
22113,10,31,0.7064516129032258,0.49084190723876797,0.2156097056644578,0.30520095322366175,1
37235,4,30,0.8533333333333332,0.6384692684809365,0.21486406485239662,0.2517938259989023,1
24688,9,30,2.413333333333333,2.200174283236265,0.21315905009706793,0.08832557324464141,1
30823,10,31,1.2548387096774192,1.0484174303950804,0.20642127928233878,0.16450024827127258,1
34391,8,31,1.2709677419354832,1.0654563877371046,0.20551135419837863,0.16169675076522183,1
26063,7,31,0.7129032258064514,0.5077787292580448,0.2051244965484066,0.2877311942534211,1
25563,1,31,2.780645161290322,2.5758419235867835,0.20480323770353825,0.0736531365291147,1
25563,5,31,1.4387096774193546,1.2342001678482177,0.2045095095711369,0.14214786539697857,1
34139,8,31,1.138709677419355,0.9359864333464253,0.20272324407292974,0.178028911225519,1
30555,8,31,9.148387096774192,8.946511182675678,0.20187591409851358,0.022066831230796623,1
30710,8,31,0.7290322580645159,0.5274458289386763,0.20158642912583957,0.27651235853544376,1
22113,9,30,0.7666666666666667,0.574969739317894,0.19169692734877275,0.250039470454921,1
27459,11,30,0.8766666666666667,0.6869405303026238,0.1897261363640429,0.21641764604263447,1
26063,6,30,0.6166666666666668,0.4271202323337397,0.18954643433292712,0.3073725962155574,1
30823,11,30,2.083333333333333,1.8940574907759822,0.18927584255735086,0.09085240442752843,1
34391,7,31,0.829032258064516,0.6400385676372436,0.18899369042727232,0.22796904292783826,1
30710,2,28,1.7892857142857146,1.6017309601817813,0.1875547541039333,0.10482102025768725,1
35121,9,30,1.0133333333333334,0.8259864425659181,0.1873468907674153,0.18488180009942295,1
22837,8,31,0.8516129032258073,0.6648414455955074,0.1867714576302999,0.21931496918709437,1
32098,1,31,2.6774193548387095,2.4906667039038672,0.18675265093484228,0.0697509901081941,1
35121,7,31,0.8645161290322579,0.6818403409373376,0.18267578809492035,0.2113040832441243,1
30710,11,30,1.7266666666666666,1.54634100317955,0.18032566348711665,0.10443571244427606,1
25563,7,31,1.470967741935484,1.2916260939271702,0.17934164800831387,0.12192085719863441,1
30710,10,31,0.9580645161290322,0.7790347241586255,0.1790297919704067,0.18686611283106425,1
31915,4,30,1.4533333333333327,1.2749360714852809,0.17839726184805182,0.12275040952847607,1
28722,5,31,1.0161290322580645,0.8418497359560384,0.1742792963020261,0.17151295826548602,1
25551,2,28,2.224999999999999,2.0510258763030698,0.17397412369692944,0.07819061739187842,1
29612,5,31,1.2387096774193551,1.0661299246213132,0.17257975279804194,0.13932219626925257,1
28900,5,31,0.6677419354838706,0.4970458820702565,0.1706960534136141,0.2556317708126589,1
27333,7,26,1.6076923076923075,1.4370598562921466,0.17063245140016092,0.10613501761732498,1
28900,8,31,0.6,0.4353413772679142,0.16465862273208576,0.2744310378868096,1
24343,11,30,1.9233333333333336,1.7597518629332383,0.1635814704000953,0.08505102447145335,1
24688,10,31,2.2096774193548385,2.0474680289145435,0.16220939044029503,0.0734086292503525,1
28138,8,31,3.04516129032258,2.883892273984008,0.16126901633857216,0.05295910494169214,1
30710,7,31,0.8322580645161293,0.6720301008032211,0.16022796371290815,0.19252197190310663,1
30230,6,30,0.8366666666666662,0.6769149769373076,0.1597516897293586,0.19093827457692272,1
23472,12,31,2.4967741935483865,2.337695088958547,0.15907910458983965,0.06371385325949652,1
35121,6,30,0.876666666666667,0.7207370267311736,0.15592963993549347,0.17786650943212176,1
28440,7,31,0.729032258064516,0.5740088860834794,0.15502337198103655,0.21264267838106787,1
21946,10,31,1.3000000000000003,1.1457422620346471,0.15425773796535314,0.118659798434887,1
21982,11,30,1.5066666666666668,1.3528375090161964,0.15382915765047045,0.10209899844057772,1
24266,11,30,3.4400000000000004,3.2877913718422263,0.15220862815777414,0.044246694231911084,1
31594,5,31,1.2967741935483872,1.1479067961835574,0.1488673973648298,0.1147982417489981,1
34861,3,31,0.5806451612903226,0.43215468554727493,0.1484904757430477,0.25573359711302657,1
30710,6,30,0.8533333333333333,0.7058773819605509,0.14745595137278233,0.1727999430149793,1
25703,6,30,1.1433333333333335,0.9980282957603533,0.1453050375729802,0.1270889541454637,1
27947,8,31,0.8580645161290323,0.7127884144263891,0.14527610170264327,0.16930673506699026,1
31960,1,31,2.1709677419354843,2.026812411580355,0.14415533035512906,0.0664014151710104,1
31329,6,30,1.1200000000000003,0.9761793298708897,0.1438206701291106,0.12841131261527727,1
30710,4,30,0.8766666666666667,0.733499938666743,0.1431667279999237,0.16330805475276466,1
30823,8,31,0.538709677419355,0.39580618455525396,0.1429034928641011,0.2652699568136007,1
30823,1,31,2.1838709677419357,2.042147364827895,0.14172360291404074,0.06489559365340122,1
31388,9,30,1.0299999999999996,0.8888880109290277,0.1411119890709719,0.13700193113686596,1
29866,8,31,1.2161290322580651,1.0808677042624164,0.13526132799564872,0.11122284264894186,1
28440,11,30,0.7833333333333333,0.6481368390843273,0.13519649424900604,0.17259126925405027,1
22837,4,30,1.2366666666666668,1.1033376888434092,0.1333289778232576,0.107813189614494,1
21982,1,31,1.6709677419354838,1.537737989143258,0.1332297527922257,0.07973209143936288,1
34861,5,31,0.7064516129032259,0.5733625415832765,0.1330890713199494,0.18839092287298773,1
31707,12,31,1.8451612903225811,1.7139168013007415,0.1312444890218396,0.0711290062880599,1
34646,6,30,0.5200000000000004,0.38993845532337834,0.130061544676622,0.25011835514734987,1
27595,12,31,1.4838709677419355,1.356574170273398,0.1272967974685375,0.08578697220705789,1
23891,11,30,1.993333333333333,1.867331982478499,0.12600135085483388,0.06321138002750865,1
24908,9,30,1.4766666666666668,1.3508579825609923,0.12580868410567447,0.0851977544733687,1
24959,12,31,1.1096774193548389,0.9841412534659374,0.12553616588890149,0.11312852158592865,1
33008,6,30,0.7033333333333328,0.5782925437514976,0.12504078958183518,0.17778311314952883,1
31873,10,31,1.5870967741935489,1.462312936025762,0.12478383816778682,0.078623963073199,1
31004,12,31,1.2935483870967734,1.1695514789992754,0.12399690809749808,0.09585795887836515,1
24641,3,31,1.654838709677419,1.5317484568684328,0.12309025280898633,0.07438202411459215,1
27595,1,31,1.4677419354838712,1.344968217611313,0.12277371787255831,0.08364802756152323,1
28434,6,30,1.1,0.9774734771251679,0.12252652287483223,0.1113877480680293,1
30710,5,31,1.0419354838709676,0.9196859576048392,0.1222495262661284,0.11732926669504584,1
28434,8,31,1.3096774193548386,1.188683221601851,0.12099419775298759,0.09238473227444866,1
31594,10,31,1.3064516129032258,1.1855638684945244,0.12088774440870131,0.09253135991777138,1
31532,5,31,1.1451612903225812,1.0249634373572567,0.12019785296532448,0.10496150540633964,1
24908,1,31,2.7645161290322586,2.6447265010206937,0.1197896280115649,0.043331137320402696,1
21982,12,31,1.4161290322580646,1.2983491594272272,0.11777987283083746,0.08317029744318818,1
30054,7,31,0.7290322580645165,0.6120285187757789,0.11700373928873764,0.16049185477658692,1
21982,10,31,0.9580645161290322,0.841085212653683,0.11697930347534924,0.12209960968807497,1
30965,5,31,1.3806451612903228,1.265822264263707,0.11482289702661586,0.08316611700525914,1
30965,2,28,2.9142857142857146,2.8001479523256423,0.1141377619600723,0.03916491831963265,1
31960,12,31,2.525806451612903,2.4119483447483465,0.11385810686455633,0.045077922257998046,1
30393,12,31,1.6645161290322574,1.5511346351956161,0.11338149383664131,0.06811678893286593,1
24966,5,31,0.9548387096774191,0.8435293035664323,0.11130940611098683,0.11657404018380381,1
27648,6,30,0.5666666666666671,0.4557582503060502,0.11090841636061688,0.19572073475402965,1
24738,11,30,1.7300000000000002,1.6190956650053465,0.11090433499465369,0.06410655202003103,1
24817,4,30,2.3466666666666662,2.2363163927484613,0.11035027391820496,0.04702426445378053,1
29231,5,31,1.5677419354838709,1.4579378914568693,0.10980404402700161,0.07003961656043313,1
24343,6,30,0.7400000000000002,0.6302462919553126,0.10975370804468765,0.1483158216820103,1
29838,8,31,1.0935483870967742,0.9843142278732794,0.10923415922349478,0.09988964412767959,1
31329,4,30,1.2,1.0911941977838675,0.10880580221613245,0.09067150184677705,1
34139,11,30,1.363333333333333,1.2546327159615855,0.10870061737174752,0.0797315041846559,1
24738,5,31,1.3548387096774193,1.2465794607155745,0.1082592489618448,0.0799056361385045,1
26063,2,28,0.6678571428571428,0.5596641992884023,0.10819294356874054,0.16200012940773986,1
24266,3,31,3.4096774193548383,3.301806730488616,0.10787068886622242,0.031636625873726544,1
34172,2,28,1.3464285714285713,1.2385865260206628,0.10784204540790854,0.08009488783611245,1
34861,1,31,0.5129032258064516,0.4052071703537818,0.10769605545266986,0.2099734414486016,1
31388,8,20,0.6050000000000005,0.49873719975352315,0.10626280024647738,0.17564099214293766,1
21982,2,28,1.2464285714285712,1.140170545370451,0.10625802605812029,0.0852499922529332,1
28900,1,31,0.8225806451612903,0.7165180623771682,0.10606258278412206,0.12893882612971702,1
25551,3,31,3.4000000000000012,3.2944705218557395,0.10552947814426172,0.03103808180713579,1
34861,2,28,0.942857142857143,0.8377483895979824,0.10510875325916058,0.11147898072941273,1
24908,7,31,0.9451612903225806,0.8407448005592151,0.10441648976336548,0.11047478439127408,1
30521,9,30,1.39,1.2859003413716954,0.1040996586283045,0.07489184073978741,1
30636,6,30,1.313333333333333,1.2093662234582003,0.10396710987513269,0.07916277401659852,1
26063,4,30,0.5466666666666667,0.44290569248298794,0.1037609741836788,0.18980666009209535,1
30252,7,31,1.058064516129032,0.9549448936396547,0.10311962248937734,0.09746061881617982,1
28411,6,30,0.7333333333333331,0.630480654444545,0.10285267888878802,0.14025365303016554,1
30949,5,31,1.1354838709677417,1.032936587370932,0.10254728359680976,0.09031152816764497,1
22837,7,31,1.2516129032258065,1.149579506535684,0.10203339669012257,0.08152152828334534,1
30636,7,31,1.2322580645161292,1.1302582761250253,0.10199978839110391,0.0827746973854508,1
21946,1,31,2.0322580645161294,1.9304812514733882,0.10177681304274122,0.0500806540369044,1
31707,4,30,1.4599999999999997,1.3585607429780062,0.10143925702199352,0.069478943165749,1
29866,4,20,1.36,1.2591895433701576,0.10081045662984245,0.07412533575723709,1
24944,9,30,0.9700000000000001,0.8694944093500575,0.10050559064994258,0.10361401097932224,1
24641,8,31,0.9419354838709676,0.8417095910637609,0.10022589280720673,0.10640420126792496,1
30965,4,30,1.7333333333333334,1.6333439225951831,0.09998941073815026,0.05768619850277899,1
31416,4,30,1.97,1.870428521616171,0.09957147838382907,0.05054389765676603,1
31915,10,31,1.7,1.6007225434581236,0.09927745654187636,0.058398503848162565,1
36034,4,30,1.48,1.3810614638092618,0.09893853619073822,0.06685036229103934,1
28722,8,31,1.1774193548387093,1.0799734760916995,0.09744587874700983,0.08276225318239194,1
30372,9,30,0.9766666666666667,0.8792375681549313,0.09742909851173542,0.0997567561553605,1
30673,4,30,1.4366666666666668,1.3393940833210947,0.0972725833455721,0.06770713457928451,1
30673,5,31,1.1741935483870967,1.0770817007028286,0.09711184768426806,0.0827051450058327,1
31532,4,30,1.943333333333333,1.846376320881148,0.09695701245218502,0.049892116184657824,1
29838,7,31,1.2580645161290318,1.1616087175124592,0.09645579861657261,0.07666999377214749,1
34861,4,30,0.52,0.4236700445413591,0.09632995545864093,0.18524991434354024,1
24944,5,31,0.8774193548387096,0.7815271709114313,0.09589218392727827,0.10928888609358922,1
37031,7,31,1.5774193548387099,1.4816616599786006,0.09575769486010932,0.060705287130130646,1
24817,7,31,1.1483870967741938,1.0526575701912082,0.09572952658298561,0.08335998101327396,1
30372,7,31,0.938709677419355,0.842986285109674,0.09572339230968097,0.10197337325086288,1
24688,8,31,1.8032258064516131,1.7079539704226678,0.09527183602894529,0.05283411300352958,1
29866,6,19,1.1473684210526323,1.0521629258990297,0.09520549515360255,0.0829772664182774,1
30949,4,30,1.2,1.1052133493249614,0.09478665067503855,0.07898887556253213,1
32411,2,28,2.15,2.0555475556358163,0.09445244436418365,0.043931369471713326,1
30393,11,30,1.573333333333333,1.4790341885387894,0.0942991447945436,0.05993589711517603,1
24641,11,30,1.3766666666666671,1.2825899727782237,0.09407669388844342,0.0683365815170291,1
24966,4,29,2.0275862068965513,1.9337555079239193,0.09383069897263208,0.04627704541167229,1
30777,4,30,1.2566666666666668,1.1634699879214168,0.09319667874525006,0.07416181332513266,1
30555,9,30,8.316666666666666,8.22390772808964,0.09275893857702577,0.011153379388019132,1
29866,5,17,1.1999999999999997,1.1072581228526202,0.09274187714737958,0.07728489762281633,1
31004,1,31,1.4354838709677415,1.3433126864894742,0.09217118447826733,0.06420913974890535,1
31369,9,30,1.8700000000000006,1.7779635859156653,0.09203641408433527,0.04921733373493863,1
24817,8,31,1.4129032258064516,1.3212012396284167,0.09170198617803482,0.064903232226463,1
25551,10,31,2.4580645161290318,2.3663636534444747,0.09170086268455702,0.03730612523912425,1
24125,6,30,0.6366666666666669,0.5452506316453217,0.09141603502134521,0.14358539532148457,1
24343,8,31,1.225806451612903,1.1345612663234919,0.09124518528941117,0.07443686168346701,1
30949,6,30,1.02,0.9288451457644503,0.0911548542355497,0.08936750415249971,1
34172,3,31,1.2580645161290323,1.1678069888584075,0.09025752727062475,0.07174316270229147,1
30521,6,30,0.9733333333333332,0.8831748734662931,0.09015845986704007,0.0926285546579179,1
28138,7,27,2.5444444444444447,2.4543632865917906,0.09008115785265414,0.035403075138597695,1
25551,8,31,1.6419354838709674,1.5520250079612576,0.0899104759097098,0.05475883601573682,1
31416,5,31,1.1387096774193548,1.048832793866149,0.08987688355320578,0.07892870793624304,1
29838,5,31,1.8806451612903228,1.7913188200624242,0.08932634122789862,0.04749771145908845,1
31004,7,31,0.9387096774193546,0.8495475924183283,0.08916208500102629,0.09498366443408301,1
28900,2,28,0.7535714285714287,0.6644225636630186,0.08914886490841012,0.1183018112528665,1
30925,4,30,1.3466666666666665,1.2584562424508234,0.08821042421584302,0.06550279025928939,1
25703,2,28,2.5642857142857145,2.476092629560403,0.08819308472531162,0.03439284641098503,1
23921,8,31,1.1258064516129025,1.0377903712432703,0.08801608036963215,0.07818047253463033,1
31369,6,30,1.32,1.232167841003587,0.08783215899641306,0.06653951439122201,1
30393,9,30,1.2433333333333332,1.1558363616528609,0.08749697168047232,0.07037289947491072,1
29866,7,30,0.8833333333333333,0.7959841337800027,0.08734919955333065,0.09888588628678942,1
30372,6,30,1.1666666666666672,1.0796300832376196,0.08703658342904763,0.07460278579632651,1
29698,4,30,1.4966666666666666,1.409691101353771,0.08697556531289563,0.058112849874985946,1
25703,11,30,2.9133333333333336,2.8267808498938884,0.0865524834394451,0.02970909042543882,1
26063,3,31,0.5903225806451612,0.5038460903831068,0.0864764902620544,0.14649022940566594,1
29866,3,19,1.5947368421052632,1.5084577193581745,0.08627912274708871,0.05410242020444506,1
27333,8,31,1.3677419354838711,1.2820580604876723,0.08568387499619878,0.06264622936042835,1
30673,10,31,1.6290322580645165,1.5434237382164406,0.08560851984807583,0.05255176465921485,1
31168,12,31,1.8451612903225802,1.7596083269364404,0.08555296338613982,0.0463661165204604,1
28900,9,30,0.5266666666666668,0.44136412099003813,0.0853025456766287,0.1619668588796747,1
25703,7,31,1.3709677419354838,1.2860177447869172,0.08494999714856655,0.061963527331895606,1
31369,7,31,1.0774193548387097,0.9930087361364593,0.0844106187022503,0.07834518502304669,1
36034,5,31,1.561290322580645,1.4769538152121724,0.08433650736847254,0.054017184471542336,1
24507,9,30,1.0533333333333337,0.9690719389458539,0.08426139438747982,0.07999499467165802,1
31388,6,30,0.7566666666666663,0.6725057118820646,0.08416095478460162,0.11122593143339427,1
37235,3,31,0.7161290322580646,0.6321719836804175,0.08395704857764708,0.11723732008590357,1
28224,8,31,1.3387096774193545,1.254930951664104,0.08377872575525047,0.0625816987569341,1
23891,5,31,1.3806451612903226,1.2969265932517668,0.08371856803855571,0.06063728058867353,1
31168,7,31,0.9322580645161287,0.8489282275399851,0.0833298369761436,0.0893849462373859,1
23891,4,30,1.6600000000000001,1.576824639561431,0.08317536043856921,0.050105638818415184,1
24966,11,30,2.6133333333333337,2.5303890963271263,0.08294423700620746,0.03173886620135489,1
32098,10,31,1.7516129032258065,1.6687669771813578,0.08284592604444874,0.04729693752077184,1
25703,8,31,1.7322580645161292,1.6498193607695641,0.08243870374656503,0.047590313149786144,1
24908,6,30,1.22,1.1376073849201203,0.08239261507987972,0.06753493039334403,1
20891,1,31,1.887096774193549,1.8051400322827604,0.0819567419107885,0.043430068362981925,1
31873,5,31,1.1129032258064515,1.031054673277803,0.08184855252864853,0.07354507618516246,1
30823,4,30,1.3966666666666667,1.3148696537688374,0.08179701289782937,0.05856588035644107,1
24908,4,30,2.4099999999999997,2.3285617679574835,0.08143823204251621,0.03379179752801503,1
24738,7,31,1.1096774193548384,1.028263256297777,0.0814141630570615,0.07336741438281708,1
24951,9,30,1.3299999999999998,1.248628810296456,0.08137118970354384,0.061181345641762294,1
34139,12,31,1.7000000000000004,1.6186881451356798,0.08131185486432058,0.04783050286136503,1
27648,8,31,0.9451612903225803,0.8638687674722242,0.08129252285035615,0.08600915386897753,1
21946,11,30,1.9700000000000002,1.8887324556708336,0.08126754432916661,0.04125256057318102,1
24966,9,30,1.903333333333333,1.8221351947883764,0.08119813854495672,0.04266101849997727,1
30230,5,31,0.8741935483870966,0.7935974890366198,0.08059605935047687,0.09219475423855289,1
24966,8,31,1.6483870967741936,1.5683440852865216,0.08004301148767201,0.048558382702893,1
24507,5,31,1.035483870967742,0.9556083678538281,0.079875503113914,0.07713833634053999,1
27648,7,31,1.0451612903225804,0.9657316744447715,0.07942961587780895,0.07599747198185425,1
26063,8,31,0.5677419354838712,0.4887407937357501,0.07900114174812112,0.13914973830634964,1
28722,7,31,0.9225806451612901,0.8438853839712757,0.07869526119001446,0.08529905933183388,1
27459,1,31,1.2387096774193553,1.16049894326697,0.07821073415238544,0.06313887392510281,1
29263,7,31,0.7967741935483869,0.7187353555713929,0.07803883797699396,0.09794348086181431,1
29282,7,31,0.7612903225806454,0.6833229508311038,0.0779673717495416,0.10241476797609275,1
30054,2,28,1.6392857142857145,1.5613458156053508,0.07793989868036366,0.047545036232030116,1
30393,6,30,0.7766666666666667,0.6993467665401599,0.0773199001265068,0.09955351947618901,1
30230,11,30,1.3566666666666667,1.279571511174242,0.07709515549242463,0.05682689594036213,1
21946,8,31,1.2935483870967743,1.2166291204191022,0.07691926667767213,0.059463772244584434,1
30777,9,30,1.2633333333333334,1.187084825535615,0.07624850779771841,0.06035501936494861,1
31707,6,30,0.7633333333333332,0.6872955162636936,0.07603781706963963,0.09961286078992093,1
31168,9,30,1.6866666666666665,1.61073762986809,0.07592903679857654,0.0450172154932272,1
28722,6,30,0.9599999999999996,0.8842673222720621,0.07573267772793757,0.07888820596660166,1
30521,1,31,1.7000000000000004,1.624657397843417,0.0753426021565835,0.04431917773916676,1
31388,3,31,1.6161290322580646,1.5407997024395774,0.07532932981848717,0.04661096256233737,1
30965,7,31,0.983870967741935,0.9085841577064481,0.07528681003548698,0.07652102003606877,1
24817,5,31,1.0225806451612904,0.9481089837248287,0.07447166143646178,0.07282717679906356,1
34139,10,31,0.9451612903225809,0.8708487282657337,0.07431256205684722,0.0786242124150943,1
21946,7,31,1.4709677419354839,1.3966701223965614,0.07429761953892244,0.05050934661637271,1
34646,12,31,1.106451612903226,1.0326778628893436,0.07377375001388242,0.06667598397756136,1
31168,10,31,1.4193548387096775,1.3460626383221919,0.07329220038748563,0.0516376866366376,1
31594,9,30,1.5266666666666666,1.4539998983281355,0.07266676833853114,0.04759831987240031,1
32061,3,31,2.1580645161290315,2.0855883753948627,0.07247614073416875,0.033583861924652195,1
29282,6,30,1.21,1.1376369377163549,0.07236306228364509,0.05980418370549181,1
29263,4,30,1.613333333333333,1.5415981692758696,0.0717351640574635,0.04446394466371705,1
30965,9,30,1.2100000000000002,1.1393908478692176,0.07060915213078256,0.058354671182464915,1
24951,11,30,1.5733333333333335,1.5028024647633236,0.0705308685700099,0.04482894188771815,1
24738,8,31,1.0225806451612902,0.952188305376518,0.07039233978477222,0.06883793480529776,1
24688,5,31,0.9677419354838709,0.8976065470536628,0.07013538843020806,0.072473234711215,1
30372,2,28,3.0285714285714285,2.958693052615438,0.06987837595599045,0.023073048664713828,1
24951,5,31,0.8516129032258066,0.7820642493334752,0.06954865389233145,0.08166697994932857,1
22820,5,31,0.7741935483870968,0.7048980608161901,0.06929548757090664,0.08950667144575442,1
28434,7,31,0.9096774193548386,0.8404567281565357,0.06922069119830287,0.07609366762934006,1
22113,6,30,0.5700000000000001,0.5008947376681802,0.0691052623318199,0.12123730233652613,1
29430,1,31,0.8774193548387098,0.8086165048903038,0.06880284994840602,0.07841501280884508,1
29866,12,31,2.0258064516129033,1.957692245898708,0.06811420571419524,0.03362325441305816,1
37031,8,31,0.9032258064516127,0.8354968405298646,0.06772896592174804,0.07498564084193535,1
23933,8,31,0.7161290322580643,0.6485649037204921,0.06756412853757221,0.09434630561552879,1
27459,3,31,1.2838709677419355,1.2164123133666092,0.06745865437532639,0.05254317300590749,1
30925,5,31,1.1548387096774195,1.0876934883334943,0.0671452213439252,0.05814251010228159,1
31416,1,31,2.029032258064516,1.9622560619346556,0.0667761961298603,0.03291036693204562,1
22550,4,30,0.6066666666666669,0.5399046536876511,0.06676201297901585,0.11004727414123487,1
30925,8,31,0.9612903225806453,0.8946350028227654,0.06665531975787986,0.06933942659376763,1
28064,6,30,0.7499999999999997,0.6834246246679682,0.0665753753320315,0.08876716710937538,1
29612,7,31,0.6290322580645162,0.562478023887642,0.06655423417687423,0.10580416715297952,1
28900,3,31,0.7290322580645162,0.6626517847180364,0.06638047334647978,0.09105286166995014,1
31707,2,28,1.721428571428571,1.655101671309343,0.06632690011922815,0.03853014944685453,1
29866,2,15,1.7733333333333334,1.7070809177417934,0.06625241559154005,0.037360384732071455,1
31329,9,30,0.7000000000000001,0.6338748317646485,0.06612516823535153,0.09446452605050218,1
24343,7,30,0.9333333333333335,0.8674372010367614,0.0658961322965721,0.07060299888918438,1
22550,6,30,0.7466666666666665,0.6810426556691528,0.0656240109975137,0.08788930044309871,1
30372,3,31,2.2322580645161296,2.166749545030537,0.06550851948559266,0.029346302081696127,1
30673,9,30,1.3766666666666663,1.31124504858007,0.0654216180865963,0.04752175647936779,1
30521,5,31,1.670967741935484,1.6056176769877635,0.06535006494772055,0.03910911222740033,1
27823,7,31,0.7741935483870964,0.708900353030091,0.0652931953570054,0.08433704400279868,1
34861,11,30,0.7100000000000002,0.6447290917237599,0.06527090827624027,0.09193085672709894,1
26063,5,31,0.5677419354838711,0.5025260155960438,0.06521591988782727,0.114868949802423,1
31532,11,30,2.1066666666666665,2.0415644425029558,0.0651022241637107,0.030902954508090524,1
31510,5,31,0.8548387096774192,0.7898672744661808,0.06497143521123838,0.07600432043578831,1
29612,12,31,1.5096774193548386,1.4452246279545848,0.06445279140025373,0.042693088320680896,1
29231,4,30,1.2633333333333334,1.1990325764971206,0.06430075683621284,0.05089769670412625,1
29698,5,31,1.2161290322580647,1.1519489723347849,0.0641800599232798,0.05277405457882423,1
24959,5,31,0.9225806451612903,0.8584480125336879,0.06413263262760249,0.06951439200893976,1
29612,2,28,1.7821428571428568,1.718128780194092,0.06401407694876471,0.035919722536381,1
23631,5,31,1.1096774193548384,1.0460037220787677,0.06367369727607075,0.05738036673134284,1
31960,10,31,1.7,1.6363685869536693,0.06363141304633069,0.03743024296842982,1
30054,10,31,0.8677419354838709,0.8041531489320822,0.06358878655178868,0.07328075773626205,1
31909,4,30,1.6866666666666665,1.6233637435672181,0.0633029230994484,0.03753137733168878,1
28411,2,21,1.228571428571429,1.1652718691776203,0.06329955939380882,0.05152289718100716,1
25703,1,30,2.52,2.457118129978577,0.06288187002142287,0.024953123024374156,1
32061,12,31,1.4419354838709675,1.3791286675199381,0.06280681635102936,0.043557299930244084,1
23891,6,30,1.0266666666666666,0.9639472293651973,0.06271943730146934,0.061090361007924684,1
31510,9,30,1.13,1.0672901581289866,0.06270984187101325,0.055495435284082524,1
30965,8,31,0.8870967741935482,0.8251165016043569,0.061980272589191254,0.0698686709187247,1
31329,3,31,1.1419354838709677,1.0803656799418309,0.0615698039291368,0.05391705993794466,1
23711,4,30,0.9299999999999998,0.8684485967829824,0.061551403217017464,0.06618430453442739,1
29698,6,30,1.0899999999999996,1.028451972464099,0.06154802753590061,0.05646608030816571,1
22641,7,31,0.7935483870967742,0.7321323255317346,0.06141606156503965,0.07739422392342395,1
27459,12,31,1.6387096774193548,1.577360045975975,0.061349631443379904,0.037437767219385375,1
29231,1,31,1.8935483870967742,1.8324090903805146,0.06113929671625962,0.03228821462017118,1
31004,9,30,1.3599999999999999,1.29902965646858,0.060970343531419946,0.04483113494957349,1
29570,4,30,0.7766666666666667,0.7159141082689167,0.06075255839775007,0.07822217819452798,1
37235,12,31,0.9032258064516128,0.8428135841123519,0.06041222233926091,0.06688496044703887,1
31594,3,31,2.1225806451612907,2.0624377285340625,0.06014291662722826,0.028334808745350694,1
31915,1,31,1.5129032258064519,1.452864204175891,0.06003902163056085,0.039684641163057276,1
24817,6,30,1.1966666666666663,1.1366582601765784,0.06000840649008787,0.05014630068809573,1
31960,6,30,1.2,1.1400607922743073,0.05993920772569261,0.049949339771410514,1
30965,10,31,1.4096774193548387,1.3497385046459853,0.059938914708853375,0.042519596246555026,1
21946,9,30,0.8999999999999999,0.8401205764214198,0.059879423578580115,0.06653269286508902,1
31388,11,30,1.8166666666666667,1.756856810549895,0.0598098561167717,0.032922856578039464,1
31416,6,30,1.5833333333333337,1.5241447925629719,0.05918854077036184,0.037382236276018,1
28698,3,31,1.1903225806451612,1.1312751789066575,0.059047401738503646,0.04960621826269954,1
29263,5,31,1.3225806451612905,1.2638689325972192,0.05871171256407126,0.04439178267039534,1
24507,6,30,0.85,0.7912890501009924,0.0587109498990076,0.06907170576353835,1
24959,11,30,1.5266666666666673,1.468478269670159,0.05818839699650824,0.03811467052173027,1
30777,7,31,0.8387096774193548,0.7806590641217847,0.05805061329757011,0.06921419277787205,1
23724,8,31,0.703225806451613,0.6451893026910479,0.05803650376056513,0.08252897323750086,1
24266,9,30,1.5766666666666667,1.5186358850014707,0.05803078166519593,0.036805992599490016,1
26063,11,30,0.42,0.3620821572343509,0.0579178427656491,0.13789962563249786,1
29231,7,31,0.8677419354838714,0.809905881927379,0.05783605355649235,0.06665121413573465,1
31960,4,30,0.9400000000000001,0.8823811908066274,0.0576188091933727,0.06129660552486457,1
29866,9,30,1.6833333333333333,1.6257403820504746,0.057592951282858795,0.03421363442546067,1
37235,1,31,0.6354838709677422,0.5779646467777989,0.05751922418994326,0.09051248476590053,1
30252,9,30,0.9033333333333334,0.8458217384029801,0.057511594930353294,0.06366597224762356,1
27333,11,30,0.6733333333333333,0.6161281536022821,0.057205179731051214,0.08495818771938299,1
24944,7,31,1.135483870967742,1.0783391998570055,0.0571446711107364,0.05032627285320535,1
30673,3,31,2.132258064516128,2.075183013718455,0.05707505079767339,0.026767421705414157,1
36034,8,31,0.8870967741935485,0.8300635257435425,0.05703324845000601,0.06429202552546132,1
22837,5,31,1.4322580645161294,1.3755514135283813,0.056706650987748075,0.039592481545499776,1
23955,5,31,1.6419354838709679,1.5853416546383092,0.056593829232658655,0.03446775454248366,1
31088,9,30,0.9366666666666662,0.8802198113035407,0.05644685536312555,0.06026354665102374,1
37031,9,30,0.606666666666667,0.5503038609524569,0.05636280571421015,0.09290572370474195,1
23724,6,30,0.8733333333333337,0.8170538998954003,0.0562794334379334,0.06444209935641226,1
32098,2,28,2.060714285714286,2.004481459116297,0.05623282659798878,0.027288026771987623,1
30823,9,30,0.8900000000000001,0.8338029329230389,0.05619706707696126,0.06314277199658568,1
22887,7,31,0.6677419354838714,0.6116366120303175,0.0561053234535539,0.08402246507537052,1
30925,12,31,1.2741935483870968,1.2183917610921084,0.0558017872949883,0.04379380775049715,1
24266,7,31,1.3580645161290321,1.3023026025283244,0.0557619136007077,0.04105984136869214,1
23891,7,31,0.9709677419354844,0.9152835111223887,0.0556842308130957,0.05734920781415169,1
25563,8,31,1.6096774193548389,1.5540992096021413,0.05557820975269756,0.03452754513694638,1
30636,8,31,0.9645161290322581,0.9089832620935575,0.05553286693870063,0.05757588211035851,1
32061,1,30,2.113333333333333,2.0578265171125527,0.05550681622078013,0.026265054994060004,1
24266,6,30,1.4466666666666668,1.391584074795246,0.05508259187142084,0.03807552433508352,1
28275,6,30,0.7533333333333336,0.6982609204823774,0.05507241285095621,0.07310497281100378,1
24266,8,31,1.5354838709677423,1.4807223744690416,0.05476149649870066,0.035663999820582354,1
37235,11,30,0.5099999999999999,0.45550226996342336,0.05449773003657654,0.1068582941893658,1
30230,7,31,0.6741935483870972,0.6198770603345288,0.05431648805256839,0.080565125819599,1
31707,1,31,1.6935483870967742,1.639633295156302,0.05391509194047228,0.03183557809818363,1
22217,1,31,1.4096774193548387,1.3558085617158682,0.053868857638970535,0.0382136061054482,1
31329,2,28,1.6607142857142863,1.6070486197381153,0.05366566597617095,0.03231480962005992,1
30393,2,28,1.2642857142857145,1.2108372015346374,0.05344851275107709,0.04227565980311182,1
23933,3,31,1.0032258064516126,0.9498598656587061,0.053365940792906574,0.05319434612797763,1
30823,2,28,1.4428571428571426,1.389638667447226,0.05321847540991653,0.036884091868258986,1
30393,1,30,1.6233333333333329,1.5705130921800925,0.052820241153240355,0.03253813623402898,1
29612,3,31,0.9903225806451617,0.9375473695296436,0.052775211115518084,0.05329092979091401,1
31873,12,31,2.1258064516129034,2.0730314269661907,0.05277502464671269,0.024825884128195648,1
31960,3,31,1.3322580645161295,1.2796553932851364,0.05260267123099305,0.039483845233917285,1
24951,7,31,1.0419354838709673,0.9893509098073284,0.05258457406363892,0.05046816705798165,1
30636,4,30,1.3066666666666669,1.25432972123536,0.05233694543130696,0.04005378476885736,1
24507,7,31,0.9709677419354834,0.9186554658316795,0.052312276103803956,0.053876430538801444,1
28661,9,30,0.8000000000000002,0.7479627866049607,0.05203721339503942,0.06504651674379926,1
22837,10,31,0.8903225806451612,0.8383118190592336,0.052010761585927656,0.05841788438999121,1
28224,5,31,1.0548387096774199,1.0028365869014981,0.052002122775921755,0.04929864850316739,1
29430,6,30,0.6666666666666664,0.6148741617254561,0.05179250494121035,0.07768875741181555,1
23933,7,31,0.7193548387096769,0.6675763361816925,0.05177850252798433,0.07197908423172715,1
30673,8,31,1.0870967741935484,1.0354929914037068,0.05160378278984168,0.0474693550885784,1
29570,7,31,0.6032258064516133,0.5518135550281699,0.05141225142344341,0.0852288659960826,1
25551,6,30,0.9266666666666666,0.8752892127384742,0.051377453928192485,0.05544329560596312,1
23405,1,31,1.5225806451612898,1.4712568563799697,0.051323788781320046,0.03370842059790089,1
29698,7,31,1.0483870967741933,0.9972223607042141,0.05116473606997918,0.04880328671290323,1
22550,7,31,0.5774193548387095,0.526282982406537,0.051136372432172505,0.08856019806689096,1
31253,6,30,0.7566666666666664,0.7059633733456334,0.05070329332103296,0.06700875769299512,1
30393,7,31,0.8387096774193551,0.7881499327058277,0.05055974471352742,0.06028277254305191,1
30521,7,31,0.7516129032258073,0.7010942010592015,0.05051870216660581,0.06721372391265143,1
23933,6,30,0.8866666666666665,0.8361562311796779,0.050510435486988636,0.05696665656427291,1
29263,8,31,0.8354838709677421,0.7851541121880855,0.05032975877965662,0.060240251821210615,1
24908,5,31,1.2516129032258065,1.2015809357331526,0.05003196749265393,0.03997399464619257,1
24343,9,30,1.2799999999999996,1.2300399795112507,0.049960020488748924,0.03903126600683511,1
31510,4,30,1.2133333333333336,1.1633749435221157,0.04995838981121792,0.04117449709715761,1
23921,7,31,0.967741935483871,0.9181757197625215,0.04956621572134945,0.05121842291206109,1
28411,7,31,0.7161290322580645,0.6665921687959665,0.04953686346209796,0.0691730976272539,1
28661,4,30,0.6966666666666664,0.6471589768677949,0.049507689798871546,0.07106366956775823,1
22837,2,28,1.6214285714285712,1.57219487569694,0.04923369573163128,0.030364393843296828,1
29866,11,30,1.75,1.7007827491809924,0.04921725081900763,0.028124143325147215,1
31532,6,30,0.9866666666666669,0.9375083320091169,0.04915833465755004,0.04982263647724665,1
31369,10,31,1.3451612903225807,1.2960371797123265,0.049124110610254235,0.03651912299563264,1
34009,12,31,0.7870967741935485,0.738136021107916,0.048960753085632525,0.06220423547764787,1
21946,12,31,1.8258064516129036,1.7772005128433872,0.048605938769516355,0.026621627241254536,1
27947,6,30,0.5400000000000001,0.49162806879729026,0.048371931202709884,0.08957765037538865,1
24951,6,30,1.0366666666666664,0.9883115780105192,0.04835508865614724,0.04664478005416133,1
30925,9,30,0.8699999999999998,0.8216631595278159,0.048336840472183895,0.05555958674963667,1
29430,12,31,0.8709677419354838,0.8227788846879717,0.048188857247512096,0.05532794721010649,1
24908,3,31,2.519354838709678,2.4714643955711404,0.04789044313853763,0.019009010720802383,1
31960,11,30,1.4666666666666666,1.4189248683800302,0.04774179828663638,0.03255122610452481,1
25703,5,31,1.1774193548387097,1.1297480839514924,0.04767127088721734,0.040487928698732537,1
30252,6,30,0.8566666666666667,0.8091224864955681,0.04754418017109863,0.055499043001282444,1
24944,8,31,0.8870967741935484,0.8395967085875812,0.0475000656059672,0.053545528501272116,1
30777,6,30,0.5266666666666665,0.47923123118778044,0.04743543547888607,0.09006728255484699,1
30758,1,31,1.5451612903225806,1.4980456777638012,0.047115612558779496,0.0304923588585003,1
30965,3,31,1.7935483870967746,1.746546596961637,0.04700179013513761,0.02620603406815226,1
34646,2,21,1.4142857142857141,1.3673053570446514,0.04698035724106275,0.03321843441287266,1
31594,6,30,0.7933333333333336,0.7465732591475052,0.04676007418582839,0.05894126998213661,1
23891,8,31,1.0225806451612904,0.9758357410033747,0.04674490415791577,0.04571268229953907,1
34172,1,30,1.7133333333333332,1.6665924099755158,0.04674092335781732,0.02728069456681945,1
31510,3,31,1.7322580645161287,1.6855505025555046,0.04670756196062409,0.02696339703499715,1
24951,8,31,1.1225806451612903,1.0762478998036034,0.046332745357686944,0.04127342258874412,1
30949,7,31,0.7935483870967738,0.7476575827586551,0.04589080433811865,0.057829875385434104,1
31369,12,31,2.3451612903225802,2.2992834134508042,0.045877876871776024,0.019562781059491843,1
29263,6,30,0.9266666666666662,0.880863225534558,0.045803441132108214,0.04942817388357004,1
29612,4,30,0.7733333333333332,0.7276909129073222,0.045642420426010966,0.05902037124053143,1
32061,7,31,0.7161290322580643,0.6709857301869159,0.04514330207114847,0.06303794433358571,1
34391,10,31,0.7548387096774193,0.7099823687360771,0.044856340941342165,0.059425067059043046,1
27947,2,21,1.3761904761904762,1.3313457284311188,0.04484474775935743,0.03258614889088256,1
30372,4,30,1.8033333333333337,1.7587600483496986,0.04457328498363511,0.024717163576877137,1
30555,10,31,9.687096774193549,9.642609769401831,0.04448700479171741,0.004592398097047085,1
28138,12,31,2.6741935483870964,2.629731401969348,0.04446214641774837,0.01662637562062967,1
30777,5,31,1.1516129032258065,1.107268953804047,0.044343949421759454,0.03850595047827852,1
23884,8,31,0.9,0.8556739697413099,0.044326030258690086,0.049251144731877874,1
34009,2,21,2.1904761904761902,2.146295494533011,0.044180695943179416,0.020169448147973213,1
29698,9,30,1.0066666666666666,0.9624967836743841,0.04416988299228253,0.043877367210876685,1
22887,4,30,0.7300000000000001,0.6860020838119091,0.04399791618809101,0.06027111806587809,1
23631,8,31,1.0419354838709676,0.9980177400813949,0.043917743789572694,0.04215015657822767,1
32098,9,30,1.2266666666666668,1.18283608983232,0.04383057683434677,0.03573144850626095,1
30710,3,31,1.12258064516129,1.0790138319615394,0.04356681319975064,0.038809517505525006,1
24688,11,30,2.3600000000000003,2.316654618494212,0.04334538150578826,0.018366687078723836,1
34163,10,31,1.4258064516129036,1.3825204962083413,0.04328595540456237,0.030358927998674956,1
31388,5,31,0.8612903225806451,0.8180328170138019,0.04325750556684316,0.05022407013378794,1
36034,6,30,1.1800000000000002,1.1368977969613236,0.04310220303867651,0.0365272907107428,1
23724,4,30,0.8500000000000001,0.8070159501147767,0.04298404988522342,0.050569470453204014,1
28900,12,31,0.8516129032258064,0.8086337992696151,0.04297910395619131,0.05046788722128526,1
23472,7,31,1.0967741935483875,1.0538467980080077,0.04292739554037972,0.039139684169169735,1
33008,5,31,0.49999999999999994,0.4571889213917236,0.04281107860827632,0.08562215721655266,1
31707,7,31,0.532258064516129,0.48975102844978535,0.04250703606634365,0.07986170412464565,1
23711,3,31,0.9032258064516132,0.8607650497507668,0.04246075670084637,0.04701012349022275,1
23472,8,31,1.1709677419354838,1.128915276895127,0.04205246504035687,0.035912573450442506,1
30521,8,31,0.9193548387096776,0.8773685818267688,0.0419862568829088,0.04566926187263763,1
36034,10,31,1.0903225806451615,1.0484002403794759,0.04192234026568564,0.03844948367562884,1
23205,10,31,0.7645161290322581,0.7226239686621532,0.0418921603701049,0.054795652804778563,1
28440,4,30,0.6600000000000001,0.618199339422087,0.041800660577913096,0.06333433420895922,1
31253,4,30,1.54,1.4982596871478018,0.04174031285219826,0.027104099254674194,1
30949,3,31,1.3322580645161293,1.2905525234197417,0.04170554109638758,0.03130440130721585,1
34861,9,30,0.49333333333333323,0.4517618200307091,0.04157151330262415,0.08426658101883276,1
31369,3,31,2.0290322580645164,1.9877207651569118,0.04131149290760461,0.020360195232682714,1
31909,1,31,1.7548387096774194,1.7136590213304566,0.04117968834696284,0.023466366521247204,1
30949,2,28,2.0785714285714287,2.0374117777682845,0.04115965080314421,0.01980189385718278,1
24507,11,30,2.5366666666666666,2.495591993841032,0.04107467282563482,0.016192380877385604,1
30673,6,30,0.7566666666666669,0.7156148095677296,0.04105185709893733,0.05425355563736209,1
31915,12,31,1.9612903225806453,1.9203027652997164,0.040987557280928844,0.02089826111363148,1
32411,1,31,1.7677419354838708,1.726762081898989,0.040979853584881765,0.023182033962250635,1
31594,4,30,1.6333333333333333,1.592690293348472,0.04064303998486141,0.024883493868282494,1
28722,9,30,0.9333333333333333,0.8927626449118058,0.040570688421527556,0.04346859473735095,1
32165,12,31,1.0677419354838709,1.0272083701948904,0.040533565288980444,0.03796194936430193,1
22583,8,31,0.7451612903225807,0.704737544077779,0.04042374624480172,0.05424831747137892,1
36034,9,30,1.0999999999999999,1.0595881624271468,0.04041183757285305,0.03673803415713914,1
32061,10,31,1.1677419354838707,1.127417825661119,0.04032410982275181,0.03453169625705266,1
30925,7,31,0.7935483870967743,0.7533655639767889,0.040182823119985445,0.050636890923558886,1
21946,5,31,1.2000000000000002,1.1602631388051854,0.03973686119481479,0.03311405099567898,1
30673,7,31,1.0516129032258066,1.0119460488534384,0.039666854372368165,0.03772001489396972,1
31388,4,30,0.8466666666666668,0.8073992406840749,0.03926742598259192,0.04637884958573848,1
24908,8,31,0.9258064516129035,0.8867497736738337,0.03905667793906986,0.042186655613629456,1
24944,6,30,0.8533333333333333,0.8144166609117139,0.038916672421619336,0.04560547549408516,1
31915,8,31,0.5451612903225811,0.5062675216866118,0.03889376863596927,0.07134359927307968,1
30949,8,31,0.7419354838709676,0.7031214777139885,0.038814006156979164,0.052314530037667575,1
31594,11,30,1.7133333333333334,1.6746387767791748,0.03869455655415854,0.02258437152966452,1
30252,5,31,1.0064516129032262,0.9679185466600524,0.038533066243173764,0.038286059408281614,1
28493,8,31,1.0548387096774197,1.0163387242614506,0.03849998541596911,0.036498457122172534,1
31088,1,31,1.016129032258065,0.9776834559536752,0.03844557630438972,0.03783532906146288,1
28138,10,31,2.0129032258064514,1.9746143121392497,0.038288913667201774,0.01902173595646242,1
29282,5,31,1.1903225806451612,1.1522672530173537,0.0380553276278075,0.03197060044612555,1
25551,7,31,1.3645161290322583,1.3265163336730292,0.03799979535922904,0.027848549790451538,1
30823,7,31,0.5612903225806449,0.5234123177105376,0.037878004870107285,0.06748380178007622,1
30230,3,31,1.6935483870967742,1.655851362079322,0.0376970250174522,0.022259195724590824,1
31416,9,30,1.4600000000000002,1.4225832168757917,0.037416783124208486,0.02562793364671814,1
32098,7,31,0.9419354838709676,0.9045553207277287,0.03738016314323889,0.03968441977535636,1
31168,11,30,1.65,1.6126397646032273,0.03736023539677258,0.022642566907134898,1
31873,3,31,1.4903225806451614,1.4530307612351834,0.037291819409978055,0.02502264938764761,1
25563,9,30,1.4266666666666667,1.3893993815531334,0.03726728511353339,0.02612192881789723,1
24343,5,30,0.7333333333333332,0.6961037604875553,0.03722957284577788,0.05076759933515167,1
23205,12,31,1.3322580645161295,1.295128728474881,0.03712933604124857,0.027869477415949282,1
23955,6,30,1.1533333333333333,1.1164578842533714,0.036875449079961875,0.031972932728290646,1
22837,12,31,1.4903225806451614,1.4536298382786972,0.03669274236646425,0.02462067128485696,1
24688,4,30,2.516666666666667,2.4804277468721074,0.03623891979455962,0.014399570779295212,1
27595,11,30,0.7899999999999999,0.7537646072381176,0.03623539276188237,0.04586758577453465,1
23891,2,28,2.132142857142857,2.0960823348523783,0.03606052229047885,0.01691280777442894,1
28224,7,27,1.348148148148148,1.3121887100377567,0.03595943811039137,0.02667320958737822,1
24959,8,31,0.9870967741935482,0.9511557890522864,0.03594098514126187,0.03641080194049406,1
28434,4,30,0.7999999999999999,0.7640898489517469,0.035910151048253014,0.044887688810316274,1
24688,7,31,1.5967741935483868,1.5612834002462124,0.03549079330217442,0.02222655742156378,1
24507,12,31,2.254838709677419,2.2194894893034807,0.035349220373938284,0.015677050523491946,1
30777,1,31,1.3806451612903232,1.3457009681230114,0.03494419316731179,0.02531004645295946,1
31909,6,30,1.2400000000000004,1.2051034611697349,0.034896538830265555,0.028142370024407695,1
23324,6,30,0.9133333333333333,0.8785224785244404,0.0348108548088929,0.0381140746082769,1
30393,10,31,1.2806451612903227,1.2461587211297405,0.03448644016058222,0.026928958311789642,1
24738,9,30,1.0599999999999998,1.025630687624216,0.03436931237578378,0.03242387959979602,1
25703,4,30,2.186666666666666,2.1525077095379426,0.03415895712872352,0.015621474296672346,1
30393,5,31,0.7838709677419355,0.7497552030990201,0.034115764642915436,0.0435221688860238,1
31915,5,31,0.8483870967741934,0.8142740890684147,0.03411300770577874,0.040209248626583316,1
21982,7,31,0.7064516129032257,0.6723946582856437,0.03405695461758196,0.04820847457283292,1
23631,7,31,0.8516129032258064,0.8175779066258859,0.034034996599920486,0.0399653369165733,1
24959,9,30,0.9799999999999999,0.9462944935883085,0.033705506411691344,0.034393373889480966,1
25563,3,31,3.809677419354838,3.776300952367244,0.033376466987594,0.008760969319351516,1
24641,6,30,1.1833333333333333,1.1499715880661578,0.0333617452671755,0.028193024169444084,1
25703,10,31,1.8290322580645162,1.7958973223824173,0.03313493568209891,0.01811610240114755,1
23205,9,30,0.5266666666666666,0.4935405665139358,0.03312610015273082,0.06289765851784333,1
30965,6,30,1.1266666666666674,1.093551332478722,0.03311533418794532,0.029392308450839025,1
24266,4,30,2.4533333333333327,2.420222815095136,0.03311051823819655,0.013496135151438816,1
29698,1,31,2.2677419354838704,2.2346731577346457,0.033068777749224676,0.01458224907860548,1
23804,1,31,0.9709677419354839,0.9380379514468294,0.03292979048865441,0.033914402164394904,1
31707,3,31,1.4161290322580646,1.3832037587319652,0.03292527352609942,0.023250193150548562,1
31873,6,30,0.7066666666666669,0.6741698215156796,0.032496845150987275,0.04598610162875556,1
23955,9,30,0.6666666666666666,0.6342334951460361,0.03243317152063052,0.04864975728094578,1
31416,11,30,2.1533333333333338,2.1209865838141804,0.032346749519153395,0.01502171030301241,1
24959,3,31,2.3677419354838714,2.335421890236678,0.03232004524719345,0.01365015534963211,1
31253,1,31,1.3612903225806439,1.3290070946057952,0.032283227974848616,0.023715167469675547,1
28224,10,31,0.8451612903225805,0.8128868477253782,0.032274442597202246,0.03818731757684236,1
28661,10,31,0.9419354838709676,0.9097973097716607,0.03213817409930686,0.034119294420497014,1
20891,11,30,1.8733333333333333,1.8412277861187853,0.03210554721454795,0.017138192463281823,1
31873,9,30,1.1133333333333333,1.0813063635118305,0.03202696982150277,0.028766739360631233,1
34391,1,31,1.5451612903225806,1.5131506310475449,0.03201065927503577,0.02071671059553463,1
28434,5,31,1.138709677419355,1.1068457499762334,0.03186392744312161,0.027982485856565716,1
32411,3,31,1.8967741935483868,1.86520316635649,0.03157102719189675,0.01664458916579591,1
31594,12,31,1.9709677419354834,1.9395396149807393,0.03142812695474406,0.01594553086083578,1
34880,11,30,0.67,0.6386974615557119,0.0313025384442881,0.046720206633265815,1
28493,1,31,1.303225806451613,1.2722351636316986,0.03099064281991426,0.02377994869844906,1
23724,9,30,0.7800000000000001,0.7490358529558097,0.030964147044190482,0.03969762441562882,1
31909,10,31,1.5645161290322582,1.5336639689762268,0.03085216005603142,0.019719937355401524,1
22113,8,31,0.5580645161290324,0.5272927230103843,0.030771793118648083,0.055140207322432966,1
24951,3,31,2.648387096774194,2.6176176467309564,0.03076945004323761,0.011618184547385698,1
31416,10,31,1.2354838709677416,1.2047872895795488,0.030696581388192756,0.024845796946056806,1
31088,12,31,1.3806451612903226,1.350054168929496,0.03059099236082652,0.02215702717723416,1
30054,4,30,1.16,1.1295122598111627,0.030487740188837265,0.026282534645549367,1
31004,5,31,0.8935483870967742,0.8633365458298113,0.030211841266962858,0.03381108589443497,1
31168,8,31,0.8677419354838707,0.8379370574629111,0.029804878020959547,0.03434762894608722,1
29838,10,31,1.3548387096774193,1.3250757813694014,0.029762928308017855,0.021967875655917943,1
28440,10,31,0.7032258064516129,0.6735262423873908,0.02969956406422214,0.0422333250454535,1
27459,10,31,0.964516129032258,0.9348587449377163,0.029657384094541772,0.030748458425779095,1
24959,7,31,1.0741935483870961,1.0446292697061448,0.02956427868095135,0.027522301474759533,1
24507,8,31,1.2483870967741935,1.2189314591608222,0.02945563761337122,0.02359495519417333,1
23711,2,28,1.0107142857142857,0.9813763865003631,0.029337899213922602,0.029026896748757348,1
34172,4,30,1.73,1.7006836456495027,0.029316354350497287,0.01694586956676144,1
29282,1,31,1.6903225806451614,1.6611043845573739,0.02921819608778753,0.017285574021401018,1
30636,5,31,0.9645161290322581,0.9353155594469318,0.029200569585326352,0.03027483803160926,1
32061,5,31,1.1290322580645162,1.0998386724942153,0.02919358557030094,0.02585717579083797,1
28661,3,31,0.7483870967741935,0.7193080550179844,0.029079041756209012,0.038855616139762045,1
31594,1,31,1.9096774193548383,1.8806796670838766,0.028997752270961685,0.015184633790537373,1
23955,4,30,1.1299999999999997,1.101122601578633,0.028877398421366607,0.02555521984191736,1
24343,2,28,1.117857142857143,1.0889839376921633,0.02887320516497982,0.025829065323304624,1
29698,3,31,2.203225806451613,2.1745052276479617,0.028720578803651087,0.013035694625376043,1
24343,1,31,1.641935483870968,1.6132319113059395,0.028703572565028646,0.01748154714176597,1
37235,2,28,0.85,0.821469703848873,0.02853029615112701,0.03356505429544354,1
32165,11,30,0.89,0.861700230340163,0.02829976965983705,0.031797493999816906,1
28493,12,31,1.1258064516129034,1.0975981392687364,0.028208312344166986,0.025056094059288724,1
31510,12,31,1.1483870967741943,1.1203556739574962,0.028031422816698015,0.0244093850370123,1
31004,3,31,1.6645161290322579,1.6365446989154142,0.027971430116843665,0.016804541349266545,1
34646,8,31,0.8516129032258065,0.8236741345736293,0.02793876865217726,0.03280688743248087,1
30372,10,31,1.2225806451612906,1.1946548691680352,0.02792577599325541,0.022841663741185157,1
28138,6,2,0.9000000000000012,0.8721798390150068,0.027820160984994402,0.03091128998332707,0
23891,10,31,0.9354838709677422,0.9076669267003217,0.02781694426742054,0.02973535421689781,1
30777,3,31,1.532258064516129,1.5045166829901357,0.02774138152599326,0.018104901627490337,1
21982,6,30,1.0333333333333332,1.0057049213101465,0.027628412023186666,0.026737172925664517,1
23884,9,30,0.6033333333333334,0.575706851891397,0.027626481441936357,0.04578974824630335,1
27595,8,31,0.41612903225806425,0.3885665227704108,0.02756250948765343,0.06623548791606643,1
24507,1,30,2.086666666666667,2.0591053672072785,0.027561299459388344,0.013208290475745212,1
30758,5,31,0.703225806451613,0.6758393877696608,0.02738641868195224,0.03894398986883116,1
24966,6,30,1.1466666666666663,1.1193860994900267,0.027280567176639625,0.023791192305208982,1
37031,2,28,0.8892857142857142,0.8621704898508532,0.02711522443486103,0.030491015428759392,1
32061,4,30,1.4433333333333331,1.4162570395025733,0.027076293830759823,0.018759556926623438,1
34172,8,31,0.658064516129032,0.6309972264593645,0.027067289669667538,0.0411316656744948,1
32165,9,30,0.49333333333333307,0.46626609985561396,0.02706723347771911,0.054866013806187414,1
24688,3,31,3.0548387096774197,3.0278253690129326,0.027013340664487018,0.008842804230191103,1
22550,11,30,0.7733333333333333,0.7464092961512505,0.026924037182082805,0.0348155653216588,1
32098,11,30,1.736666666666667,1.7097663515061143,0.02690031516055269,0.015489624852525538,1
23472,5,31,1.0419354838709673,1.0150794397438723,0.02685604412709508,0.025775150710215102,1
31329,10,31,0.8,0.7732178785172554,0.026782121482744614,0.03347765185343077,1
33008,7,31,0.6645161290322582,0.637811785270911,0.026704343761347227,0.0401861483787264,1
22887,1,30,1.716666666666667,1.6900482370518146,0.02661842961485239,0.015505881329040225,1
29430,4,30,0.4433333333333334,0.416878109474977,0.026455223858356414,0.05967343727448814,1
29612,8,31,0.6838709677419356,0.6575607777362871,0.026310190005648493,0.038472447649769016,1
29282,10,31,1.1451612903225805,1.118868893233218,0.026292397089362485,0.02295955802169682,1
26258,12,31,1.474193548387097,1.4479060279325613,0.02628752045453564,0.017831797244871002,1
23921,10,31,0.9806451612903226,0.9544940910512403,0.026151070239082363,0.026667209783274776,1
20891,2,28,1.6535714285714282,1.62747407465774,0.02609735391368817,0.01578241705363432,1
29231,6,30,1.2699999999999998,1.243906580184897,0.026093419815102825,0.020545999854411676,1
29612,10,31,0.8096774193548387,0.7836951596482146,0.025982259706624156,0.032089643462364495,1
25563,2,28,3.192857142857144,3.166923070645759,0.025934072211384773,0.008122528209382253,1
29838,1,31,2.106451612903226,2.080569374176764,0.025882238726461892,0.012287127113634283,1
32098,3,31,2.103225806451613,2.077410015511898,0.0258157909397152,0.012274379127778698,1
31532,10,31,1.1419354838709677,1.1161286036453901,0.025806880225577533,0.02259924539527976,1
28722,12,31,0.9580645161290322,0.9323412805915836,0.025723235537448597,0.02684916840609113,1
33008,1,31,0.41290322580645145,0.3874402786011716,0.025462947205279862,0.06166807526278719,1
34391,11,30,0.6599999999999999,0.6345634187323351,0.025436581267664793,0.03854027464797696,1
24944,4,30,1.5233333333333332,1.4980272666489083,0.02530606668442492,0.01661229760465531,1
22583,10,31,0.5870967741935482,0.5618770621236292,0.02521971206991902,0.042956652426785154,1
31088,11,30,1.6266666666666665,1.6016550393154223,0.02501162735124418,0.015376000420846834,1
31909,12,31,1.7677419354838713,1.742737935831951,0.02500399965192024,0.01414459834323955,1
31909,7,31,0.7322580645161291,0.7073049616248859,0.024953102891243195,0.0340769246532396,1
29570,5,31,0.9387096774193548,0.9138149030386441,0.02489477438071075,0.026520206384949594,1
31253,9,30,0.98,0.9551218402634063,0.024878159736593686,0.025385877282238456,1
31168,3,31,1.4612903225806453,1.436876970673761,0.024413351906884317,0.016706708810450634,1
27648,2,28,1.6392857142857136,1.6150290916632255,0.024256622622488067,0.014797068266441529,1
28224,4,30,0.6900000000000001,0.665882411285614,0.024117588714386073,0.034953027122298655,1
24688,1,31,1.4258064516129036,1.4016991262234029,0.024107325389500778,0.016907852648744885,1
30372,5,31,0.7580645161290323,0.7339663892263365,0.02409812690269575,0.03178901846738588,1
29838,4,30,1.3766666666666665,1.3526033809781073,0.0240632856885592,0.017479384277403778,1
28064,7,31,0.7129032258064517,0.6888672916759406,0.024035934130511083,0.033715563712481605,1
28698,2,28,1.407142857142858,1.3831568422860339,0.023986014856824056,0.017045898883022163,1
32165,10,31,0.8322580645161292,0.8083061458362688,0.02395191867986035,0.02877943717347561,1
24966,10,30,1.25,1.2260973693950414,0.023902630604958564,0.01912210448396685,1
31329,1,31,1.8258064516129036,1.8019718890303689,0.02383456258253469,0.013054265725416524,1
24966,3,28,2.982142857142857,2.9583271008637633,0.023815756279093936,0.007986121866043475,1
27823,2,28,1.1857142857142855,1.1619055139765673,0.023808771737718226,0.020079687007714172,1
23884,7,31,1.0483870967741937,1.0245949199122768,0.023792176861916925,0.022694076391366908,1
34824,1,31,0.7225806451612904,0.6988385526283134,0.02374209253297699,0.03285736020188779,1
30252,4,30,1.9166666666666672,1.8929261009519303,0.023740565714736928,0.012386382112036654,1
36034,7,31,1.0032258064516133,0.9796698124778851,0.023555993973728206,0.023480251227831966,1
31915,11,30,1.3733333333333335,1.3498379204546411,0.02349541287869239,0.017108310348562417,1
31915,2,28,1.3964285714285711,1.3729939062414422,0.02343466518712889,0.016781857423007904,1
32165,4,30,0.7766666666666666,0.753263961363118,0.0234027053035486,0.030132238588260002,1
31253,12,3,1.733333333333335,1.709967403610549,0.02336592972278595,0.013480344070838035,0
27459,4,30,0.6166666666666667,0.5933206138503737,0.023346052816292984,0.037858464026421054,1
24738,3,31,1.503225806451613,1.479899684556069,0.02332612189554406,0.015517377226649481,1
23921,3,31,1.267741935483871,1.2446148200321103,0.023127115451760716,0.018242762824544075,1
30521,11,30,1.2966666666666669,1.273544108544787,0.02312255812187991,0.017832307034868822,1
22550,9,30,0.4866666666666666,0.4636142297089099,0.02305243695775666,0.04736802114607534,1
34123,11,30,0.6533333333333334,0.6303084015659989,0.023024931767334555,0.03524224250102227,1
28138,11,30,2.6466666666666674,2.623748790801814,0.02291787586485361,0.008659147052211689,1
31873,11,30,1.4566666666666668,1.4337531180183092,0.022913548648357596,0.015730124930222605,1
23955,8,31,0.7903225806451615,0.7674907509928514,0.02283182965231012,0.028889253845780144,1
29231,8,31,0.9645161290322578,0.9417510378144439,0.022765091217813893,0.02360260293485722,1
27199,8,31,0.6645161290322581,0.6418101737215635,0.022705955310694637,0.03416915605007445,1
20891,5,31,0.9903225806451614,0.9676346642536021,0.022687916391559315,0.0229096224149296,1
31388,7,31,0.9516129032258065,0.9293959874539609,0.02221691577184559,0.023346589455159772,1
23891,3,31,1.5677419354838709,1.5455491943224784,0.02219274116139247,0.01415586370376886,1
23955,10,31,1.0935483870967742,1.0713594152532038,0.022188971843570382,0.02029080021093457,1
31707,9,30,0.973333333333333,0.9512213358826311,0.022111997450701915,0.02271780560003622,1
29698,12,31,1.4709677419354836,1.4489547493837531,0.022012992551730504,0.014964973006658897,1
37031,10,31,0.6548387096774193,0.6328515539854583,0.02198715569196097,0.03357644465274828,1
23884,1,31,2.1870967741935488,2.1651679294003596,0.02192884479318913,0.010026462958537801,1
32389,1,31,2.1580645161290324,2.1362397466936422,0.021824769435390134,0.010113121860943111,1
31253,7,31,0.7064516129032256,0.6848498182371259,0.021601794666099683,0.03057788286068906,1
23405,11,30,0.9966666666666665,0.9751771055099863,0.021489561156680215,0.021561432598675805,1
30054,8,31,0.6580645161290325,0.636600949522108,0.0214635666069245,0.03261620415758134,1
23921,6,30,0.7666666666666667,0.7453775672629128,0.021289099403753897,0.027768390526635517,1
27199,7,31,0.6129032258064521,0.5916581878220787,0.021245037984373383,0.03466295671134602,1
24966,7,31,1.2709677419354843,1.24979204691556,0.021175695019924445,0.016661079838011614,1
28661,2,28,1.15,1.1289047780180614,0.021095221981938472,0.01834367128864215,1
26258,9,30,0.49666666666666676,0.4756426147495707,0.021024051917096054,0.042330305873347754,1
30054,5,31,0.6806451612903228,0.659635552490551,0.021009608799771873,0.030867197762698,1
34391,2,28,1.0035714285714286,0.9826565929987866,0.020914835572641954,0.020840405552810488,1
30636,10,31,1.2129032258064516,1.1920086791919124,0.020894546614539156,0.017226886836455155,1
31510,7,31,0.6064516129032259,0.5856495550623343,0.02080205784089162,0.034301265588704256,1
23884,3,31,1.3838709677419354,1.3631087030734745,0.020762264668460872,0.015003035075111587,1
28900,6,30,0.5166666666666672,0.49592045227686615,0.02074621438980101,0.04015396333509869,1
23711,1,31,1.4258064516129039,1.4051320694627305,0.020674382150173365,0.014500132277270905,1
28138,3,26,0.8692307692307693,0.8487673931911839,0.020463376039585368,0.02354193703669113,1
23933,2,28,1.0000000000000004,0.9795428897852879,0.020457110214712526,0.020457110214712516,1
34861,12,31,0.6096774193548387,0.5892482365331342,0.020429182821704472,0.03350818346417136,1
23472,10,31,0.8806451612903227,0.8603736369239708,0.020271524366351823,0.023018947082670566,1
32411,4,30,1.353333333333333,1.3330785945182044,0.020254738815128626,0.014966555774725589,1
30252,8,31,0.7161290322580647,0.6960165920216713,0.02011244023639336,0.028084939068837567,1
29612,6,30,0.8566666666666667,0.8366063609518459,0.02006030571482076,0.023416699278000885,1
25551,5,31,0.825806451612903,0.8058504295212425,0.019956022091660475,0.024165495501620112,1
24507,4,30,1.9433333333333331,1.923392180552085,0.019941152781248084,0.010261313609561623,1
24738,4,30,1.4666666666666666,1.4467483184734982,0.0199183481931684,0.013580691949887546,1
29570,10,31,1.167741935483871,1.147844687392635,0.019897248091236053,0.017039079857135847,1
30925,3,31,1.8354838709677421,1.8155931674364596,0.019890703531282528,0.010836762908080111,1
31707,10,31,1.5935483870967742,1.5736913066823037,0.01985708041447043,0.012460920907866059,1
31873,8,31,0.6903225806451615,0.6704821674006752,0.019840413244486266,0.028740785541078225,1
31532,9,30,1.0166666666666666,0.9968981200084092,0.019768546658257447,0.01944447212287618,1
31915,6,30,0.4933333333333335,0.4735787416435781,0.019754591689755407,0.0400430912630177,1
23921,12,31,2.919354838709677,2.899872791833214,0.019482046876463155,0.006673408322324397,1
28064,4,30,0.85,0.83052249421676,0.019477505783239923,0.022914712686164615,1
30555,11,30,11.613333333333333,11.59401481713013,0.019318516203203018,0.0016634772850060004,1
31088,7,31,0.5774193548387094,0.5581497208004995,0.019269634038209915,0.03337199190974903,1
22641,12,31,1.4709677419354836,1.4517024786722275,0.01926526326325617,0.013096999148266258,1
28064,2,28,0.9571428571428571,0.9378839790355412,0.019258878107315858,0.020121215933016568,1
31510,6,30,0.6266666666666666,0.6075464451437196,0.019120221522947012,0.030510991791936726,1
31168,1,31,1.1774193548387093,1.158410782180726,0.01900857265798339,0.0161442671889722,1
22583,11,30,0.8866666666666668,0.867837898217452,0.018828768449214772,0.021235453138212144,1
25551,11,30,3.2833333333333328,3.264527798096339,0.018805535236993798,0.00572757418385598,1
21946,4,30,2.4133333333333336,2.3945309481893977,0.01880238514393584,0.007791043567929215,1
23405,6,30,0.956666666666667,0.9378902129332227,0.018776453733444276,0.01962695512206718,1
30949,1,31,1.9870967741935481,1.9685310936322613,0.018565680561286824,0.009343118464283954,1
24641,5,31,1.0064516129032257,0.9879234152936169,0.018528197609608776,0.018409427112111285,1
31004,4,30,2.093333333333333,2.07488700977837,0.018446323554962785,0.008811938003963116,1
34123,5,31,0.7999999999999999,0.7816932276011472,0.0183067723988527,0.022883465498565878,1
34824,11,30,0.8166666666666667,0.798365340605378,0.018301326061288647,0.022409787013822836,1
25703,9,30,1.4633333333333332,1.4452785933514434,0.018054739981889778,0.012338091103797116,1
30252,2,28,2.892857142857142,2.874853252167147,0.01800389068999486,0.006223567152096991,1
23631,6,30,0.9400000000000002,0.9220307245788477,0.017969275421152453,0.01911625044803452,1
34123,7,31,0.4870967741935483,0.4692196404140803,0.01787713377946798,0.03670140047440447,1
37472,1,30,0.6966666666666667,0.6788265363872051,0.01784013027946152,0.025607842506404094,1
28411,8,31,0.9935483870967745,0.975734151935866,0.01781423516090852,0.017929912012602727,1
31416,3,31,2.3258064516129036,2.3080178349489167,0.0177886166639869,0.007648365001159415,1
28698,5,31,0.7548387096774194,0.7371706703497518,0.017668039327667584,0.023406376887080985,1
30521,10,31,1.4935483870967745,1.4758979212973389,0.017650465799435633,0.011817806474784115,1
22641,6,30,0.9033333333333332,0.8858348163714012,0.017498516961932054,0.019371051987378658,1
23405,3,31,0.9483870967741935,0.9309146524316841,0.017472444342509386,0.0184233256672718,1
30636,2,28,3.103571428571429,3.08612415914956,0.017447269421869027,0.005621674842489444,1
24688,2,28,1.485714285714287,1.4683128854259857,0.017401400288301394,0.011712480963279773,1
34172,10,31,0.8193548387096774,0.8020307916366766,0.017324047073000837,0.021143522018229367,1
31088,8,31,0.8193548387096777,0.8021680389020235,0.01718679980765425,0.020976015513278802,1
23921,1,30,2.253333333333333,2.2362081902598336,0.017125143073499327,0.007599915565162424,1
31960,5,31,1.135483870967742,1.118580558493493,0.016903312474249033,0.014886439963117046,1
23405,2,28,1.2464285714285714,1.2295610081213193,0.016867563307252142,0.013532715547365615,1
23884,4,30,1.29,1.2731588668438296,0.016841133156170418,0.013055141981527456,1
28661,1,31,1.1290322580645156,1.1122829048368597,0.016749353227655916,0.014835141430209533,1
31909,9,30,0.9566666666666668,0.9399924764533838,0.01667419021328298,0.017429467121898582,1
22550,5,31,0.7838709677419357,0.7674141214018867,0.01645684634004896,0.020994330721873154,1
23205,11,30,1.7966666666666664,1.7802888114874558,0.016377855179210643,0.00911568933907828,1
23955,1,31,1.787096774193548,1.7707601468349174,0.016336627358630507,0.009141434081544149,1
30777,8,31,0.6870967741935484,0.670771702228775,0.016325071964773397,0.02375949440882513,1
23405,10,31,0.635483870967742,0.6191612366511817,0.016322634316560225,0.025685363645348576,1
37031,1,31,0.6870967741935484,0.6707776822810693,0.016319091912479156,0.023750791046331165,1
23631,10,31,0.8483870967741935,0.8321569983036288,0.01623009847056478,0.01913053431891666,1
34880,5,31,0.45483870967741946,0.43866135824111213,0.01617735143630733,0.03556722656209412,1
22602,2,28,1.0464285714285715,1.0302795121911914,0.01614905923738008,0.01543254807667721,1
30823,3,31,1.3354838709677417,1.3193432659872115,0.01614060498053016,0.01208596025112162,1
27612,3,31,0.396774193548387,0.38068996651038056,0.016084227038006438,0.040537482778715425,1
22887,6,30,0.7233333333333334,0.7072572834789753,0.016076049854358065,0.022224953715702392,1
28900,10,31,0.6129032258064516,0.5970005372358905,0.015902688570561097,0.025946491878283896,1
30673,1,31,1.7677419354838708,1.7519309619997416,0.015810973484129187,0.008944163832262863,1
30949,9,30,1.143333333333333,1.1275712840383247,0.01576204929500835,0.013786048946071447,1
30949,10,31,1.2677419354838708,1.251991545024418,0.015750390459452923,0.012423972118143528,1
31416,2,28,2.1,2.08442138269394,0.015578617306060139,0.007418389193361971,1
22837,3,31,1.4161290322580646,1.4006219256789456,0.015507106579119023,0.010950348609400676,1
20891,8,31,0.8677419354838709,0.8524342917626901,0.015307643721180764,0.01764077900953917,1
31253,3,31,1.2064516129032257,1.1911625675500308,0.015289045353194863,0.0126727381269797,1
28698,12,31,1.006451612903226,0.9912524653538581,0.015199147549367797,0.015101717116359027,1
23884,2,28,2.142857142857143,2.127746134929891,0.01511100792725184,0.007051803699384193,1
27823,11,30,0.7899999999999997,0.7749053560911364,0.015094643908863281,0.019107144188434542,1
28493,2,28,1.5035714285714286,1.4886467269355699,0.014924701635858684,0.00992616735876587,1
34824,10,31,0.6516129032258062,0.6367108862636789,0.01490201696212734,0.022869431971581568,1
30521,4,30,1.1699999999999997,1.1551135217778694,0.014886478222130295,0.012723485659940427,1
37031,11,30,0.7099999999999999,0.6951313843290943,0.014868615670905583,0.020941712212543078,1
22550,10,31,0.40322580645161266,0.38844524497586846,0.014780561475744192,0.03665579245984562,1
31088,4,30,1.0433333333333334,1.0285683340008838,0.01476499933244968,0.014151756548673813,1
34861,10,31,0.5258064516129034,0.5111334131369668,0.014673038475936595,0.027905778696566522,1
27199,11,30,0.7533333333333334,0.7386848214012571,0.01464851193207628,0.019444927343464088,1
31253,5,31,1.0999999999999999,1.0853748165281307,0.014625183471869141,0.013295621338062858,1
22583,1,31,1.4741935483870967,1.4597007558350599,0.014492792552036837,0.009830997135954967,1
29570,6,30,0.8400000000000002,0.8255168287704387,0.014483171229561442,0.017241870511382665,1
28275,3,31,1.1709677419354838,1.156602447558074,0.014365294377409743,0.012267882250680498,1
22887,10,31,0.6677419354838708,0.6533958192088549,0.014346116275015919,0.021484521957753314,1
31369,4,30,1.3300000000000003,1.315765840431365,0.014234159568635274,0.010702375615515241,1
31510,2,28,1.4821428571428572,1.4679818328336947,0.014161024309162551,0.009554426039916901,1
31909,5,31,0.7806451612903227,0.7665918972658655,0.014053264024457168,0.01800211507265174,1
31915,3,31,1.5064516129032257,1.4925864515165166,0.013865161386709124,0.00920385445370413,1
24125,2,28,0.6142857142857141,0.6005539007019249,0.013731813583789165,0.022354115136400975,1
31168,6,30,0.8900000000000001,0.8763577384253345,0.013642261574665637,0.01532838379175914,1
30673,12,31,2.0903225806451617,2.076798339595177,0.013524241049984731,0.006469930131937139,1
37031,6,30,0.73,0.7165765289325887,0.013423471067411263,0.01838831653070036,1
23631,4,30,0.7033333333333333,0.68991630303363,0.013417030299703203,0.01907634639768228,1
32098,4,30,1.0066666666666666,0.9933236529759596,0.013343013690707006,0.013254649361629477,1
31510,11,30,1.1166666666666667,1.1034017571092893,0.013264909557377358,0.011879023484218529,1
30925,1,31,1.3451612903225811,1.3320913310553284,0.01306995926725274,0.009716276673497237,1
27648,11,30,0.8999999999999999,0.8869635692238806,0.013036430776119268,0.014484923084576965,1
30393,3,31,1.4516129032258067,1.438640390018062,0.01297251320774473,0.0089366202097797,1
28434,1,30,1.7533333333333334,1.7406271288606028,0.012706204472730631,0.007246884680264618,1
24125,8,31,1.0193548387096774,1.0067556018911061,0.012599236818571224,0.012360010803028733,1
31168,5,31,0.6258064516129032,0.6132278947099562,0.012578556902946958,0.02009975587584308,1
27199,1,31,0.9741935483870968,0.9616608424112201,0.012532705975876746,0.012864698187158248,1
22550,3,31,1.058064516129032,1.0455334540336363,0.012531062095395784,0.011843381858453335,1
32061,8,31,0.6677419354838711,0.6552186202618385,0.012523315222032538,0.018754723279372398,1
23955,11,30,1.6666666666666667,1.6541452651222548,0.012521401544411948,0.0075128409266471685,1
32389,12,31,1.7838709677419355,1.771355967039633,0.012515000702302492,0.007015642346679517,1
25551,4,30,2.2333333333333334,2.220970038237671,0.012363295095662252,0.0055358037741771275,1
32411,9,30,1.1966666666666665,1.18432189731393,0.01234476935273654,0.01031596324741215,1
23955,2,28,1.9571428571428573,1.944993025765559,0.012149831377298304,0.006207943039495483,1
30230,8,31,0.5806451612903227,0.5686713294005924,0.011973831889730335,0.020621599365646684,1
29698,8,31,0.7064516129032259,0.6946321356320575,0.011819477271168388,0.016730766913526027,1
28064,10,31,0.738709677419355,0.7269062765243074,0.011803400895047611,0.015978402958361393,1
31960,2,28,1.7500000000000004,1.7381972874115625,0.011802712588437902,0.006744407193393085,1
24959,4,30,1.393333333333333,1.3816842177510258,0.011649115582307301,0.008360609269598543,1
23933,10,31,0.7129032258064519,0.7014207563933827,0.011482469413069185,0.016106631303400207,1
28722,2,28,0.625,0.613578261501555,0.011421738498444967,0.018274781597511947,1
34163,2,21,1.2571428571428573,1.2457682948626048,0.011374562280252576,0.00904794726838273,1
24944,2,28,1.285714285714286,1.2743610203532239,0.011353265361062181,0.00883031750304836,1
23205,2,28,1.2499999999999996,1.2387027439794365,0.011297256020563085,0.009037804816450471,1
23205,4,30,1.0633333333333332,1.0520518786731796,0.011281454660153623,0.010609518489172687,1
31168,4,30,0.8666666666666667,0.855404281298009,0.011262385368657646,0.012995060040758821,1
23955,7,31,0.9935483870967742,0.9823064975380417,0.01124188955873251,0.011314888841581423,1
27199,3,31,1.096774193548387,1.0857177605814932,0.011056432966893848,0.010080865352167921,1
28661,12,31,0.8903225806451615,0.8793869520747855,0.010935628570376,0.012282771220349853,1
23804,11,30,0.9333333333333333,0.9226323478668929,0.010700985466440494,0.011465341571186243,1
31873,7,31,0.44838709677419336,0.43800619057109286,0.010380906203100504,0.023151661316267322,1
23724,11,30,1.436666666666667,1.4263382460526193,0.010328420614047706,0.00718915587984759,1
32098,5,31,0.9,0.8896725859372846,0.010327414062715423,0.011474904514128248,1
28722,1,31,0.9129032258064516,0.902687093978391,0.010216131828060582,0.011190815783387917,1
23631,12,31,1.0193548387096778,1.009185115518349,0.010169723191328695,0.009976627181366753,1
28275,12,31,1.3645161290322576,1.354349576459536,0.010166552572721699,0.007450665006013541,1
31088,5,31,0.7225806451612904,0.7124234805664709,0.010157164594819523,0.014056790287473446,1
32165,5,31,0.7677419354838709,0.7576309560287383,0.010110979455132618,0.013169763155845008,1
28900,4,30,0.6466666666666666,0.6365576881666978,0.010108978499968835,0.01563244097933325,1
24966,12,31,2.2193548387096778,2.2093449693774025,0.010009869332275212,0.0045102608909960975,1
28411,11,30,0.9599999999999999,0.9500491071306167,0.00995089286938311,0.010365513405607409,1
24959,1,31,1.2032258064516133,1.1932917640574514,0.009934042394161846,0.008256174643941478,1
30758,3,31,1.1870967741935485,1.1771777017883236,0.009919072405224938,0.008355740341357963,1
30965,1,31,1.8193548387096776,1.8095253296797313,0.009829509029946282,0.005402744324970473,1
23405,4,30,0.9366666666666668,0.926888099341595,0.009778567325071763,0.010439751592603306,1
29282,8,31,0.7774193548387099,0.7676954439090148,0.009723910929695156,0.012507935220769699,1
30636,3,31,1.6935483870967747,1.6840362398765025,0.00951214722027216,0.005616696453874988,1
31004,6,30,1.0333333333333334,1.023893738016486,0.009439595316847349,0.009135092242110336,1
28064,5,31,1.0419354838709678,1.0325997404919398,0.009335743379027983,0.008960001385444814,1
34123,2,28,0.9964285714285712,0.987130053473603,0.009298517954968166,0.00933184597631214,1
28434,12,31,1.9193548387096775,1.9101605615428379,0.009194277166839626,0.00479029566675678,1
34824,9,30,0.6766666666666665,0.6674764758251451,0.009190190841521395,0.01358156281998236,1
24125,12,31,0.8258064516129032,0.816748517565429,0.009057934047474236,0.010968592010613334,1
23418,10,31,0.6903225806451613,0.6814024921243771,0.008920088520784186,0.012921623558145317,1
28064,3,31,0.9645161290322578,0.9556136340744069,0.008902494957850893,0.009230011494761797,1
37472,11,30,0.6366666666666667,0.6278076443076134,0.008859022359053337,0.013914694804795815,1
30758,12,31,1.8354838709677417,1.8268991137704544,0.00858475719728724,0.004677108490613435,1
27595,6,30,0.3099999999999997,0.3015340592898426,0.008465940710157105,0.027309486161797136,1
22602,1,31,0.8516129032258064,0.8431613485358896,0.008451554689916763,0.00992417406770529,1
29231,10,31,1.0290322580645164,1.0206690503224254,0.008363207742090983,0.008127255172564903,1
32098,8,31,0.6096774193548387,0.6014284121022831,0.008249007252555507,0.013530117715831786,1
23418,5,31,0.9483870967741937,0.9401781647796594,0.008208931994534319,0.00865567659287632,1
24908,10,31,1.3677419354838711,1.3595642280013813,0.008177707482489804,0.0059789842442732055,1
31369,1,31,1.158064516129032,1.1499367180610855,0.00812779806794639,0.007018432872042846,1
37031,12,31,0.7096774193548389,0.7016207552898014,0.008056664065037467,0.011352572091643701,1
24266,12,31,1.55483870967742,1.5470199442438546,0.007818765433565522,0.005028666565156247,1
23804,7,31,0.5387096774193552,0.5310207582582092,0.007688919161146002,0.014272843951827898,1
31253,2,28,1.7999999999999996,1.7923814902763944,0.007618509723605227,0.004232505402002905,1
31369,11,30,1.4699999999999998,1.4625023146850675,0.007497685314932223,0.005100466200634166,1
27199,4,30,0.6533333333333332,0.6458357717966039,0.007497561536729314,0.01147585949499385,1
31915,9,30,1.0633333333333332,1.0558395085918406,0.007493824741492627,0.007047484082908427,1
32061,9,30,1.1866666666666668,1.1792863011173902,0.0073803655492765685,0.0062194091707386805,1
28434,10,31,1.064516129032258,1.0571401745982227,0.00737595443403527,0.006928926892578588,1
31088,10,31,0.8064516129032256,0.7991153395962862,0.007336273306939423,0.009096978900604886,1
23418,8,31,0.703225806451613,0.6959050663025868,0.0073207401490262836,0.010410226817422695,1
31532,7,31,0.7935483870967742,0.7862402729690076,0.007308114127766663,0.009209412112226282,1
30925,2,28,1.7214285714285715,1.714217549050227,0.007211022378344589,0.004188975655469886,1
22887,11,30,1.0500000000000003,1.0427893806621433,0.007210619337856938,0.006867256512244701,1
28411,12,31,1.3451612903225807,1.3380080616281878,0.0071532286943929435,0.005317747950268135,1
28434,3,31,1.5161290322580643,1.509029483302466,0.007099548955598278,0.004682681226032908,1
29282,11,30,1.3266666666666667,1.3195768728138257,0.00708979385284092,0.005344065718221799,1
22217,2,28,1.3785714285714286,1.3715000899508596,0.007071338620568968,0.005129468429428267,1
23933,4,30,0.6599999999999999,0.6530188356836637,0.006981164316336219,0.010577521691418516,1
34009,11,30,0.6333333333333333,0.6264067594877756,0.006926573845557726,0.010936695545617462,1
34123,3,31,0.6419354838709679,0.6350508612790897,0.0068846225918781645,0.010724788962222264,1
30521,3,31,1.5,1.4932279925973666,0.006772007402633395,0.004514671601755597,1
22583,6,30,0.8666666666666666,0.8599926419230178,0.006674024743648754,0.007700797781133179,1
34824,4,30,0.6466666666666666,0.6399973852559924,0.006669281410674244,0.010313321769083884,1
22802,12,31,0.5387096774193547,0.5321140174776495,0.00659565994170519,0.012243440610350953,1
31369,5,31,0.7354838709677418,0.7289219604384515,0.006561910529290338,0.008921895895087741,1
31329,11,30,1.2333333333333338,1.2269078585505488,0.00642547478278499,0.005209844418474314,1
31909,2,28,1.6321428571428576,1.6258471151281682,0.006295742014689409,0.003857347405061344,1
34824,3,31,0.5935483870967743,0.5873186122535938,0.006229774843180436,0.01049581631188008,1
31707,5,31,0.8645161290322582,0.8583083861537519,0.006207742878506228,0.007180598105734816,1
30673,2,28,2.1785714285714293,2.172441913593295,0.006129514978134409,0.0028135478588157937,1
27037,6,30,0.5266666666666667,0.5206582684069876,0.006008398259679137,0.011408351125973045,1
28224,3,31,0.7483870967741939,0.7424722693560107,0.005914827418183166,0.007903433188089571,1
32389,11,30,1.4066666666666667,1.4008361295657232,0.0058305371009435,0.0041449315883484595,1
23472,9,30,0.8133333333333332,0.8075238408171572,0.005809492516176018,0.007142818667429531,1
23418,7,31,0.7354838709677416,0.729739510255956,0.005744360711785634,0.007810315002866436,1
29430,10,31,0.5774193548387099,0.5717704969323092,0.005648857906400684,0.009782938273654812,1
31510,8,31,0.6161290322580647,0.6105201116838164,0.005608920574248333,0.009103483654539175,1
22641,2,28,1.3000000000000003,1.2944498385036631,0.005550161496337136,0.004269354997182412,1
24641,2,28,1.4678571428571432,1.4623742936162414,0.00548284924090181,0.003735274422025563,1
23418,6,30,0.8866666666666667,0.8813380084186792,0.005328658247987561,0.0060097649413393545,1
32389,10,31,0.532258064516129,0.5269427014499782,0.005315363066150769,0.00998643970004084,1
30925,10,31,1.0032258064516129,0.9980085142617743,0.005217292189838574,0.005200516330707261,1
32098,12,31,2.532258064516129,2.527103237777708,0.005154826738420937,0.002035664062306357,1
30252,3,31,2.2129032258064516,2.2077509519193437,0.005152273887107928,0.002328287033532737,1
23724,7,31,0.625806451612903,0.6207361455766424,0.0050703060362606855,0.008102035418767077,1
31088,2,28,1.1642857142857141,1.1593402538781186,0.004945460407595581,0.004247634705910316,1
35121,4,30,0.7866666666666664,0.7817441876729327,0.004922478993733659,0.006257388551356348,1
27947,12,31,1.093548387096774,1.088637159524425,0.004911227572348853,0.004491093060260014,1
27823,6,30,0.5333333333333331,0.52847722690242,0.004856106430913054,0.00910519955796198,1
23804,12,31,0.9451612903225808,0.94036198119002,0.0047993091325607695,0.005077767341617196,1
28275,11,30,1.1166666666666667,1.111870979393522,0.004795687273144722,0.004294645319234079,1
34824,12,31,0.7741935483870966,0.7694022248423988,0.004791323544697801,0.006188792911901327,1
23884,5,31,1.1645161290322579,1.1597642675763173,0.0047518614559405314,0.0040805458485915925,1
30636,12,31,2.0193548387096776,2.014694904944589,0.004659933765088553,0.0023076349315933726,1
31532,12,31,2.3096774193548386,2.305128078595285,0.0045493407595538216,0.0019696866417062637,1
34880,9,30,0.33666666666666684,0.33223209125300257,0.004434575413664266,0.013172006179200783,1
32165,2,28,1.0035714285714286,0.9991517688613384,0.0044196597100901736,0.004403931383719746,1
37472,12,31,0.706451612903226,0.7021841974027697,0.004267415500456284,0.006040633813431268,1
23418,11,30,1.726666666666667,1.7224450455419722,0.004221621124694819,0.002444954319321323,1
27037,12,31,1.0290322580645161,1.02490977875648,0.004122479308036109,0.004006171114392457,1
23804,2,28,0.671428571428571,0.6673968252858942,0.004031746142676873,0.006004728297603857,1
24908,11,30,2.2066666666666666,2.202657350438337,0.0040093162283296735,0.0018169106774907887,1
31253,10,31,1.006451612903226,1.0024463185379582,0.004005294365267753,0.003979619401387831,1
34172,11,30,0.7633333333333333,0.7593425018821532,0.003990831451180066,0.005228163473161658,1
31909,8,31,0.7580645161290321,0.7543014496204351,0.003763066508597035,0.004964045181553536,1
31416,8,31,0.6322580645161289,0.6285261009061223,0.0037319636100066056,0.005902595505622694,1
23418,4,30,0.8833333333333334,0.8796054967616995,0.0037278365716338913,0.0042201923452459145,1
28722,11,30,0.73,0.7262763169105163,0.003723683089483676,0.005100935739018734,1
31532,2,28,2.7642857142857147,2.760716451651284,0.003569262634430803,0.0012912061209827193,1
22602,12,31,1.0354838709677414,1.0320524964661846,0.0034313745015568387,0.003313788459447416,1
29231,3,31,0.9999999999999999,0.9966307842803578,0.0033692157196421046,0.003369215719642105,1
30925,6,30,0.9500000000000001,0.9467121985228736,0.003287801477126484,0.0034608436601331408,1
22583,7,31,0.7064516129032258,0.7032340243819258,0.003217588521299941,0.004554577358917725,1
31004,10,31,0.9419354838709676,0.9389499815203427,0.0029855023506248912,0.0031695401667593028,1
34391,3,31,0.6774193548387097,0.67454069768334,0.0028786571553697238,0.004249446276974354,1
26477,12,31,0.4870967741935487,0.48423828279539494,0.0028584913981537508,0.005868426049189816,1
34123,6,30,0.40333333333333343,0.40054873557761334,0.0027845977557200974,0.006903961377818422,1
23724,3,31,0.8580645161290321,0.8553186647894401,0.0027458513395920425,0.003200052313058396,1
29430,3,31,0.5677419354838711,0.5650369166749561,0.0027050188089149385,0.0047645217657024475,1
26477,3,31,0.37096774193548376,0.3683285887443249,0.0026391531911588717,0.007114239037036961,1
20891,7,31,1.2612903225806449,1.259003604233505,0.0022867183471397823,0.0018129992010571167,1
24507,2,28,3.2357142857142853,3.2334944055149597,0.002219880199325619,0.0006860556907408095,1
34646,11,30,0.6666666666666665,0.6645603156213957,0.0021063510452707934,0.003159526567906191,1
23804,8,31,0.47419354838709693,0.4721189631930284,0.0020745851940685567,0.004374975579328247,1
23933,9,30,0.6133333333333333,0.6114403060016532,0.0018930273316800639,0.003086457606000104,1
32411,5,31,0.8225806451612903,0.8207506166748522,0.0018300284864380956,0.0022247405129247437,1
27595,7,31,0.37741935483870975,0.3756311476110452,0.00178820722766454,0.004737984962188096,1
29231,12,31,2.325806451612903,2.3240742350958525,0.0017322165170505777,0.0007447810267485147,1
27333,2,19,0.8210526315789473,0.8193767631328417,0.0016758684461055662,0.0020411218253849847,1
28275,9,30,0.7400000000000002,0.7385922906865987,0.0014077093134015062,0.0019023098829750078,1
29698,10,31,1.3290322580645162,1.32763705200726,0.001395206057256182,0.0010497909654112049,1
30925,11,30,1.3166666666666667,1.3154087071307003,0.001257959535966302,0.0009554123057971915,1
28275,7,31,0.7677419354838712,0.7665121790141832,0.001229756469687926,0.0016017836369884746,1
28224,11,30,0.8966666666666667,0.8955541615211405,0.001112505145526188,0.0012407120582076446,1
28224,12,31,1.2580645161290323,1.2571667360389729,0.0008977800900593635,0.000713620071585648,1
23711,12,31,0.9096774193548387,0.9088375819940873,0.0008398373607514387,0.0009232254674927163,1
30758,9,30,0.8600000000000001,0.8592030623244745,0.0007969376755255775,0.0009266717157274156,1
24959,2,28,1.1857142857142853,1.1849339929941505,0.0007802927201348009,0.0006580781977040492,1
32411,12,31,1.9806451612903222,1.9800276569676614,0.0006175043226608334,0.0003117692834281081,1
27595,10,31,0.6774193548387094,0.6768301793223905,0.0005891755163188739,0.0008697352859945285,1
32165,3,31,0.8483870967741934,0.8479566037474622,0.0004304930267312601,0.0005074252406338048,1
29282,4,30,1.2599999999999996,1.2595928262670832,0.00040717373291632164,0.0003231537562827951,1
22802,2,28,0.7500000000000003,0.7497225869555095,0.00027741304449080406,0.00036988405932107194,1
28138,4,27,0.7222222222222222,0.7219461830053695,0.00027603921685270816,0.0003822081464114421,1
34880,8,31,0.3258064516129035,0.32590828623149526,-0.00010183461859175624,0.0,1
34123,9,30,0.5000000000000001,0.5003189648191133,-0.00031896481911319885,0.0,1
34880,7,31,0.2838709677419355,0.28424594865721314,-0.0003749809152776562,0.0,1
28064,8,31,0.5774193548387097,0.5778810929507016,-0.00046173811199190506,0.0,1
24817,2,28,1.9428571428571424,1.9433798895084429,-0.0005227466513004764,0.0,1
28698,10,31,0.7129032258064514,0.7134892968280659,-0.0005860710216145648,0.0,1
24641,4,30,1.1133333333333335,1.114002908319235,-0.0006695749859015887,0.0,1
34163,11,30,0.8466666666666665,0.8473771233670413,-0.0007104567003748397,0.0,1
32389,4,30,0.7666666666666667,0.7674310316913762,-0.0007643650247094458,0.0,1
22820,1,31,0.5612903225806452,0.5622195515661469,-0.0009292289855017399,0.0,1
30054,6,30,0.5833333333333329,0.5843811052416756,-0.0010477719083427095,0.0,1
30555,12,31,9.14516129032258,9.146220825702674,-0.0010595353800937346,0.0,1
30393,4,30,1.6566666666666665,1.6577837744976083,-0.001117107830941766,0.0,1
26258,8,31,0.4225806451612903,0.4237278840463278,-0.0011472388850374826,0.0,1
31088,3,31,1.2548387096774194,1.2559909131821063,-0.0011522035046869217,0.0,1
23324,10,31,0.6258064516129032,0.6269995655804392,-0.0011931139675360747,0.0,1
34123,12,31,0.5838709677419355,0.5850993845010958,-0.0012284167591603001,0.0,1
30965,11,30,1.7533333333333334,1.7546490882150827,-0.001315754881749287,0.0,1
27333,4,9,0.5444444444444444,0.5458992496672888,-0.0014548052228443575,0.0,0
23472,11,30,1.6233333333333333,1.6248018090132,-0.001468475679866632,0.0,1
23921,5,31,0.835483870967742,0.8370743426344086,-0.001590471666666593,0.0,1
32389,2,28,1.8714285714285717,1.8731499023535956,-0.0017213309250239117,0.0,1
25551,9,30,1.3900000000000001,1.391722837040822,-0.0017228370408217675,0.0,1
23405,12,31,1.5580645161290316,1.5598509644248308,-0.0017864482957992145,0.0,1
31873,1,31,1.8032258064516125,1.80510157565436,-0.001875769202747568,0.0,1
27199,2,28,0.914285714285714,0.9162474440535462,-0.0019617297678321544,0.0,1
24738,12,31,2.4612903225806453,2.4632993199727347,-0.0020089973920893733,0.0,1
24343,4,30,1.6700000000000004,1.6722241771842046,-0.0022241771842042013,0.0,1
29263,9,30,0.7833333333333338,0.785592452635368,-0.0022591193020342626,0.0,1
34391,12,31,1.2161290322580642,1.2184064322421624,-0.0022773999840981496,0.0,1
24951,4,30,1.8033333333333335,1.8056522541423328,-0.002318920808999314,0.0,1
31253,11,30,1.6366666666666665,1.6390232499735429,-0.002356583306876381,0.0,1
24125,3,31,0.6032258064516126,0.6055827268390848,-0.00235692038747215,0.0,1
34880,3,31,0.5709677419354837,0.573395012646553,-0.002427270711069296,0.0,1
31004,8,31,0.761290322580645,0.7637399263274405,-0.002449603746795481,0.0,1
34646,7,31,0.6548387096774195,0.6573464268638243,-0.0025077171864047454,0.0,1
36034,3,31,1.690322580645161,1.692879373021048,-0.002556792375887129,0.0,1
37031,3,31,0.5354838709677417,0.5380751542491656,-0.002591283281423884,0.0,1
21946,6,30,1.3533333333333337,1.3559414063021544,-0.002608072968820707,0.0,1
34880,12,31,0.5612903225806453,0.5639459414107184,-0.0026556188300731476,0.0,1
27648,3,31,0.8516129032258064,0.8542734171868482,-0.0026605139610418327,0.0,1
29231,2,28,2.4357142857142855,2.4385335644948225,-0.0028192787805370045,0.0,1
31873,2,28,1.7214285714285718,1.7242872078370837,-0.0028586364085119165,0.0,1
32165,1,31,1.0064516129032255,1.009332984745138,-0.0028813718419125056,0.0,1
34163,3,30,0.8233333333333335,0.8262645247330269,-0.0029311913996934447,0.0,1
29698,2,28,2.4392857142857145,2.4422708547566025,-0.002985140470888048,0.0,1
23884,10,31,1.1032258064516127,1.1062490073603486,-0.003023200908735868,0.0,1
23804,5,31,0.7838709677419354,0.7870165715414671,-0.00314560379953166,0.0,1
22641,4,30,0.5599999999999999,0.5631541370600461,-0.0031541370600461915,0.0,1
34123,10,31,0.7419354838709676,0.745254051661299,-0.0033185677903313504,0.0,1
22641,10,31,0.6483870967741936,0.6517365551148091,-0.0033494583406155076,0.0,1
34824,2,28,0.8642857142857141,0.8677577031792938,-0.0034719888935796916,0.0,1
34163,12,31,1.0032258064516126,1.0068314462539647,-0.0036056398023520675,0.0,1
27947,11,30,1.0766666666666667,1.0803693284963567,-0.003702661829690035,0.0,1
23804,10,31,0.5967741935483872,0.6005142858432186,-0.0037400922948314097,0.0,1
23724,10,31,0.7774193548387097,0.7812343853615947,-0.00381503052288501,0.0,1
27459,7,31,0.535483870967742,0.5393063423734522,-0.003822471405710237,0.0,1
24959,10,31,0.9580645161290322,0.9619696412716181,-0.003905125142585897,0.0,1
25551,12,31,3.370967741935484,3.374920472544769,-0.003952730609285027,0.0,1
34880,2,28,0.6357142857142856,0.6398913707384573,-0.0041770850241716895,0.0,1
34123,8,31,0.6000000000000004,0.6044846725499923,-0.004484672549991853,0.0,1
23472,2,28,1.403571428571429,1.4081352562776637,-0.004563827706234758,0.0,1
26477,5,31,0.3516129032258065,0.3562114627971766,-0.0045985595713700644,0.0,1
22217,4,30,0.2833333333333333,0.2880678167846054,-0.004734483451272087,0.0,1
22550,1,31,0.9193548387096774,0.9241117550570878,-0.004756916347410378,0.0,1
32411,10,31,0.7096774193548387,0.7145659731625911,-0.004888553807752327,0.0,1
30393,8,31,0.7903225806451611,0.7952666693457191,-0.004944088700557958,0.0,1
30777,10,31,1.1322580645161289,1.1374034287528163,-0.005145364236687433,0.0,1
34880,1,31,0.6483870967741935,0.6536242244569883,-0.005237127682794829,0.0,1
32061,6,30,0.9966666666666667,1.0019632927452524,-0.00529662607858572,0.0,1
29263,1,30,1.766666666666667,1.7721325857068104,-0.005465919040143374,0.0,1
23324,11,30,1.6066666666666662,1.6121783761307593,-0.005511709464093073,0.0,1
28275,4,30,1.1133333333333333,1.118847785765926,-0.005514452432592742,0.0,1
23472,4,30,1.686666666666667,1.692207215346862,-0.005540548680194934,0.0,1
22802,5,31,0.38387096774193546,0.389425451909342,-0.005554484167406559,0.0,1
22802,8,31,0.29032258064516125,0.29603125857369544,-0.005708677928534189,0.0,1
28493,10,31,0.6161290322580646,0.6219495942816139,-0.005820562023549303,0.0,1
33008,12,31,0.19677419354838707,0.2026617440725527,-0.005887550524165619,0.0,1
22641,8,31,0.7451612903225809,0.7511250257942709,-0.005963735471689935,0.0,1
29430,11,30,0.693333333333333,0.6994861247700946,-0.006152791436761618,0.0,1
29231,9,30,0.8300000000000002,0.8362239912182368,-0.00622399121823658,0.0,1
31707,11,30,1.3566666666666662,1.3630664243921637,-0.006399757725497501,0.0,1
30054,3,31,1.2838709677419358,1.290388785074315,-0.0065178173323792166,0.0,1
24951,12,31,2.258064516129033,2.2645945523294713,-0.006530036200438349,0.0,1
31329,5,31,0.8000000000000002,0.8065475690749385,-0.006547569074938364,0.0,1
27333,12,31,1.5806451612903225,1.5872745875066387,-0.0066294262163162365,0.0,1
29698,11,30,1.4466666666666668,1.4533601375157017,-0.006693470849034933,0.0,1
24817,3,31,2.2935483870967746,2.3003967019819447,-0.006848314885170126,0.0,1
32411,11,30,1.3333333333333333,1.3402160296589136,-0.006882696325580362,0.0,1
27823,12,31,0.9838709677419357,0.9907707433186234,-0.006899775576687639,0.0,1
27199,6,30,0.58,0.5869040030116836,-0.00690400301168359,0.0,1
23884,6,30,0.9999999999999999,1.0071926953954,-0.007192695395400128,0.0,1
31532,8,31,0.896774193548387,0.9039754385128617,-0.007201244964474607,0.0,1
23804,3,31,0.7000000000000001,0.7072122831979106,-0.007212283197910563,0.0,1
34163,1,30,1.0266666666666668,1.0339954944855225,-0.007328827818855688,0.0,1
22641,3,31,1.2838709677419355,1.2912320863635791,-0.00736111862164357,0.0,1
22641,1,31,1.2387096774193551,1.2461237023434333,-0.007414024924078166,0.0,1
37472,6,30,0.4466666666666667,0.4541918891668323,-0.007525222500165574,0.0,1
34824,8,31,0.6580645161290325,0.6658609482347065,-0.007796432105674045,0.0,1
23933,12,31,1.5161290322580643,1.523943460336135,-0.007814428078070756,0.0,1
24266,1,31,2.0774193548387094,2.0853380679483378,-0.007918713109628328,0.0,1
28275,8,31,0.6096774193548387,0.6176110044512299,-0.007933585096391194,0.0,1
23884,12,31,2.948387096774194,2.956364195451381,-0.007977098677187211,0.0,1
31510,10,31,0.8451612903225806,0.8531540409451532,-0.007992750622572653,0.0,1
21982,3,31,1.961290322580645,1.9693101561357897,-0.008019833555144684,0.0,1
20891,10,31,1.1096774193548387,1.11770964214398,-0.008032222789141397,0.0,1
31909,11,30,1.2633333333333334,1.2714897150422138,-0.008156381708880334,0.0,1
27612,12,31,0.38387096774193546,0.3920284268115796,-0.008157459069644157,0.0,1
27037,11,30,0.5366666666666667,0.5448245230565469,-0.008157856389880203,0.0,1
22602,6,30,0.42999999999999977,0.43829917413492975,-0.008299174134929976,0.0,1
24266,10,31,2.1064516129032262,2.1147552663039777,-0.008303653400751454,0.0,1
34880,6,30,0.20666666666666642,0.2150047311384693,-0.00833806447180288,0.0,1
32389,3,31,1.3935483870967742,1.4020824810985717,-0.008534094001797499,0.0,1
34172,12,31,1.2290322580645159,1.2376094679092806,-0.008577209844764733,0.0,1
27823,10,31,0.6741935483870969,0.6828535719669516,-0.008660023579854736,0.0,1
21982,9,30,0.8200000000000001,0.8287255026896794,-0.00872550268967931,0.0,1
22217,12,31,0.9032258064516129,0.9119617072504856,-0.008735900798872764,0.0,1
33008,11,30,0.20666666666666655,0.21547201615447795,-0.008805349487811392,0.0,1
29263,3,31,1.4,1.4088393011934035,-0.008839301193403593,0.0,1
32165,8,31,0.858064516129032,0.8669128907904508,-0.008848374661418745,0.0,1
27612,9,30,0.2566666666666667,0.2655570848712039,-0.008890418204537176,0.0,1
24817,10,31,1.1935483870967742,1.2024540037157072,-0.008905616618932966,0.0,1
28698,1,31,1.4870967741935486,1.4960219365409424,-0.008925162347393822,0.0,1
28493,4,30,0.9599999999999996,0.968992499137918,-0.00899249913791833,0.0,1
21982,5,31,0.9419354838709678,0.9509674835807435,-0.00903199970977564,0.0,1
22217,10,31,0.4387096774193549,0.44774234217982145,-0.009032664760466547,0.0,1
34009,10,31,1.0064516129032257,1.0154843628857162,-0.009032749982490484,0.0,1
27612,2,28,0.5214285714285717,0.5304866241939767,-0.009058052765405056,0.0,1
30758,4,30,0.7533333333333334,0.7625309347590277,-0.009197601425694257,0.0,1
28661,8,31,1.0806451612903223,1.0899536301472013,-0.00930846885687897,0.0,1
30372,11,30,2.396666666666667,2.406032015184562,-0.009365348517894834,0.0,1
27823,3,31,0.7967741935483871,0.806161852419797,-0.00938765887140991,0.0,1
30673,11,30,2.0333333333333337,2.042751295541724,-0.009417962208390307,0.0,1
24266,5,31,1.2483870967741937,1.2579125317699844,-0.009525434995790727,0.0,1
30758,8,31,0.3935483870967741,0.4031236692925073,-0.009575282195733226,0.0,1
34391,5,31,0.5580645161290319,0.5677275569208204,-0.00966304079178859,0.0,1
27612,1,31,0.4516129032258064,0.46143768286753084,-0.009824779641724457,0.0,1
30230,4,30,1.26,1.26983385713771,-0.0098338571377099,0.0,1
23418,2,28,1.5357142857142854,1.5456235750711387,-0.009909289356853312,0.0,1
31416,7,31,1.1000000000000003,1.1099970363320841,-0.00999703633208382,0.0,1
34123,1,31,0.5000000000000001,0.5100907029283624,-0.010090702928362338,0.0,1
22602,7,31,0.4387096774193549,0.4488813548438972,-0.01017167742454228,0.0,1
31004,2,28,1.1500000000000001,1.1603473827459052,-0.010347382745905076,0.0,1
23205,6,30,0.9833333333333331,0.9938975795855122,-0.01056424625217911,0.0,1
22583,2,28,1.0500000000000003,1.0606044137983452,-0.01060441379834498,0.0,1
29282,3,31,1.3903225806451613,1.4009300367305835,-0.010607456085422129,0.0,1
22550,8,31,0.40645161290322546,0.41713159917703524,-0.010679986273809783,0.0,1
31329,8,31,0.5000000000000001,0.5107347487840019,-0.010734748784001824,0.0,1
27199,10,31,0.7483870967741935,0.7591232218208813,-0.010736125046687861,0.0,1
28722,3,31,0.9870967741935485,0.998057541917848,-0.010960767724299547,0.0,1
32389,7,31,0.5161290322580647,0.527245535516751,-0.011116503258686294,0.0,1
28493,3,31,1.093548387096774,1.1047466254162208,-0.011198238319446885,0.0,1
37472,4,30,0.5633333333333332,0.5746702436606088,-0.011336910327275573,0.0,1
23631,3,31,1.2612903225806453,1.2726535948654338,-0.011363272284788506,0.0,1
27037,5,31,0.6548387096774193,0.6665808351049499,-0.011742125427530614,0.0,1
23472,6,30,0.9633333333333333,0.9750782036532961,-0.011744870319962852,0.0,1
22887,12,31,1.3096774193548386,1.3215223854933411,-0.0118449661385025,0.0,1
22602,11,30,1.32,1.3320075687828166,-0.012007568782816502,0.0,1
34824,6,30,0.7400000000000002,0.7522188210239015,-0.01221882102390126,0.0,1
23324,7,31,0.7451612903225807,0.7574716785862561,-0.012310388263675365,0.0,1
31088,6,30,0.6733333333333335,0.6857033069245517,-0.012369973591218275,0.0,1
23884,11,30,1.9733333333333334,1.9857148808737601,-0.012381547540426752,0.0,1
22820,12,31,0.4322580645161291,0.44467713459725344,-0.012419070081124362,0.0,1
22583,4,30,0.7500000000000002,0.7624588979819481,-0.01245889798194788,0.0,1
27037,3,31,0.9419354838709679,0.9545408605327531,-0.012605376661785184,0.0,1
23804,6,30,0.586666666666667,0.5996261216886344,-0.012959455021967381,0.0,1
28275,10,31,0.7774193548387097,0.7904191821993839,-0.012999827360674177,0.0,1
28493,11,30,1.0266666666666666,1.039677738728933,-0.013011072062266482,0.0,1
27333,3,28,0.9928571428571429,1.005911580526403,-0.013054437669260066,0.0,1
30252,11,30,1.863333333333333,1.8764047627771892,-0.013071429443856086,0.0,1
29866,10,31,1.3741935483870968,1.3872713374890266,-0.013077789101929804,0.0,1
28064,12,31,1.538709677419355,1.5518934807469769,-0.013183803327621924,0.0,1
32061,11,30,1.0166666666666666,1.0301974257803521,-0.013530759113685509,0.0,1
23324,4,30,0.9500000000000003,0.9637067415813606,-0.013706741581360316,0.0,1
37472,7,31,0.5290322580645159,0.5427899651469722,-0.013757707082456272,0.0,1
27612,8,31,0.3548387096774193,0.36862029964404713,-0.013781589966627816,0.0,1
23205,3,31,1.109677419354839,1.1235219431500283,-0.01384452379518919,0.0,1
30372,1,31,1.835483870967742,1.849364849648649,-0.013880978680907097,0.0,1
27037,10,31,0.6451612903225806,0.6590696581429052,-0.013908367820324563,0.0,1
27947,10,31,1.2258064516129032,1.2399376720610646,-0.014131220448161397,0.0,1
23955,3,31,1.264516129032258,1.2786884096601316,-0.014172280627873679,0.0,1
26477,11,30,0.36666666666666664,0.38128175466631853,-0.014615087999651888,0.0,1
23631,2,28,1.2785714285714285,1.2934207787404637,-0.014849350169035214,0.0,1
22837,9,30,0.7566666666666665,0.7716880057317516,-0.015021339065085071,0.0,1
30521,2,28,2.0642857142857145,2.0794625051332076,-0.015176790847493127,0.0,1
29838,3,31,1.6677419354838714,1.68299183010334,-0.015249894619468574,0.0,1
31909,3,31,1.4516129032258065,1.4672969244180185,-0.015684021192212017,0.0,1
26477,8,31,0.3548387096774193,0.370586508332241,-0.015747798654821676,0.0,1
28064,1,31,1.435483870967742,1.4512431641379673,-0.015759293170225286,0.0,1
29263,10,31,1.0290322580645161,1.045000439584856,-0.015968181520339852,0.0,1
24507,3,31,1.935483870967742,1.9515485634126009,-0.016064692444858863,0.0,1
26477,2,28,0.6357142857142859,0.6519483276875692,-0.016234041973283264,0.0,1
23324,8,31,0.5709677419354839,0.5872079585588748,-0.016240216623390813,0.0,1
30949,11,30,2.0233333333333334,2.039869208006809,-0.016535874673475615,0.0,1
23933,11,30,1.14,1.156673503940304,-0.01667350394030409,0.0,1
30636,11,30,1.343333333333333,1.360315208410223,-0.016981875076889974,0.0,1
22641,5,31,0.8000000000000002,0.816991405886027,-0.016991405886026878,0.0,1
34163,9,30,1.5533333333333337,1.5703476339081925,-0.017014300574858865,0.0,1
24343,3,31,1.8032258064516127,1.8204320843458253,-0.017206277894212585,0.0,1
34009,8,31,0.7870967741935485,0.8043089005495273,-0.017212126355978796,0.0,1
30230,1,31,1.9516129032258067,1.969035554112446,-0.0174226508866393,0.0,1
34172,5,31,0.8161290322580637,0.8335604490171508,-0.017431416759087104,0.0,1
27648,1,31,0.8677419354838708,0.8853642628340409,-0.01762232735017011,0.0,1
23324,2,28,1.7535714285714288,1.771196286879214,-0.01762485830778515,0.0,1
27595,5,31,0.6548387096774195,0.6724733889823962,-0.01763467930497664,0.0,1
23724,5,31,0.7806451612903228,0.798317021924642,-0.017671860634319247,0.0,1
27823,1,31,0.738709677419355,0.7564870036117014,-0.0177773261923464,0.0,1
22887,2,28,0.9107142857142854,0.9285082601609504,-0.017793974446665084,0.0,1
27459,8,31,0.7967741935483872,0.8145716657801982,-0.01779747223181105,0.0,1
37472,2,28,1.0,1.017979284163032,-0.01797928416303196,0.0,1
23921,11,30,1.9433333333333336,1.9613230223154339,-0.017989688982100294,0.0,1
32411,7,31,0.6161290322580644,0.6341497452989697,-0.018020713040905356,0.0,1
28722,4,30,0.6066666666666666,0.6248430138578016,-0.018176347191135034,0.0,1
23418,1,30,2.2333333333333334,2.2515521996033687,-0.018218866270035328,0.0,1
32411,6,30,0.6566666666666665,0.6752662232021489,-0.018599556535482398,0.0,1
28661,11,30,0.9133333333333333,0.9319379947458705,-0.018604661412537138,0.0,1
31532,3,31,1.8580645161290323,1.8767394258370322,-0.018674909707999898,0.0,1
23418,3,31,0.8806451612903224,0.8996217025504,-0.01897654126007753,0.0,1
31369,8,31,0.6677419354838712,0.6867270951790196,-0.018985159695148468,0.0,1
27333,10,31,0.8000000000000004,0.8190546658010256,-0.019054665801025217,0.0,1
28275,1,31,1.4806451612903226,1.4997083650721657,-0.019063203781843008,0.0,1
28698,6,30,0.6233333333333333,0.6427098846156147,-0.01937655128228144,0.0,1
26063,12,31,0.5903225806451613,0.6097004342463708,-0.01937785360120947,0.0,1
24959,6,30,0.9499999999999998,0.9694372836065785,-0.019437283606578704,0.0,1
26063,9,30,0.49,0.5094762825965881,-0.019476282596588068,0.0,1
22802,11,30,0.23666666666666666,0.25621332897339016,-0.0195466623067235,0.0,1
31253,8,31,0.5483870967741931,0.5680552243345205,-0.01966812756032743,0.0,1
23472,3,31,2.4935483870967747,2.513558516981862,-0.020010129885087213,0.0,1
22820,8,31,0.30322580645161296,0.32335014421973496,-0.020124337768122003,0.0,1
27648,12,31,1.0290322580645161,1.0491776774006507,-0.020145419336134562,0.0,1
22820,3,31,0.6290322580645161,0.6495809662906874,-0.020548708226171275,0.0,1
22802,4,30,0.26999999999999996,0.2905612935964018,-0.020561293596401853,0.0,1
31594,8,31,0.7225806451612906,0.7433235927935572,-0.020742947632266584,0.0,1
24944,3,31,1.4709677419354843,1.491877901854535,-0.020910159919050653,0.0,1
34824,7,31,0.864516129032258,0.8854835594193109,-0.020967430387052843,0.0,1
23711,11,30,0.87,0.8911959934234619,-0.0211959934234619,0.0,1
27037,4,30,0.7233333333333333,0.744806841276586,-0.021473507943252756,0.0,1
24951,10,31,0.7741935483870965,0.7956746224073631,-0.021481074020266555,0.0,1
23804,4,30,0.5433333333333333,0.5648766628218195,-0.02154332948848614,0.0,1
29866,1,20,1.825,1.846571991685778,-0.021571991685777947,0.0,1
34139,9,30,0.9433333333333334,0.9649887085085116,-0.021655375175178238,0.0,1
32389,5,31,0.5870967741935482,0.608893983979379,-0.021797209785830773,0.0,1
23891,12,31,1.716129032258064,1.7379293968961118,-0.021800364638047798,0.0,1
28661,7,31,0.5612903225806448,0.583198595521671,-0.021908272941026152,0.0,1
34824,5,31,0.7548387096774191,0.7768884111616398,-0.022049701484220696,0.0,1
36034,12,31,1.8870967741935485,1.9095030860750066,-0.02240631188145814,0.0,1
24738,10,31,0.7967741935483872,0.8192499786975883,-0.022475785149201122,0.0,1
25703,12,31,3.6774193548387104,3.700098791802603,-0.02267943696389274,0.0,1
27612,4,30,0.2733333333333334,0.29606574675999575,-0.02273241342666238,0.0,1
23631,1,31,0.783870967741936,0.80669497262326,-0.022824004881323967,0.0,1
28224,2,20,1.105,1.1278292507119478,-0.022829250711947857,0.0,1
30965,12,31,2.1387096774193552,2.16174791282824,-0.023038235408884944,0.0,1
23205,8,31,0.4903225806451614,0.5134139056708062,-0.02309132502564487,0.0,1
22887,8,31,0.641935483870968,0.6651950271019054,-0.023259543230937374,0.0,1
31510,1,31,0.9709677419354835,0.9944327802187009,-0.023465038283217332,0.0,1
27612,5,31,0.36451612903225816,0.3881423264952198,-0.02362619746296163,0.0,1
30777,12,31,2.245161290322581,2.268970385326013,-0.023809095003431757,0.0,1
31168,2,28,1.7214285714285715,1.745332785775619,-0.02390421434704737,0.0,1
24817,12,31,2.803225806451613,2.827193402859473,-0.02396759640786028,0.0,1
22217,11,30,1.0266666666666666,1.0508157310184711,-0.024149064351804528,0.0,1
28064,9,30,0.6400000000000001,0.6641892207662266,-0.024189220766226427,0.0,1
24641,1,30,1.7266666666666672,1.7508588021202023,-0.024192135453535046,0.0,1
27612,11,30,0.1666666666666666,0.19116247411196424,-0.02449580744529764,0.0,1
24125,1,31,0.6354838709677414,0.6602379622839145,-0.02475409131617312,0.0,1
28138,5,26,1.011538461538461,1.036378590074869,-0.024840128536407935,0.0,1
30636,1,30,2.666666666666666,2.69160146061331,-0.024934793946643996,0.0,1
33008,3,31,0.3096774193548388,0.3346250926294635,-0.024947673274624715,0.0,1
31594,2,28,2.3857142857142857,2.4107103610943468,-0.0249960753800611,0.0,1
31004,11,30,1.2366666666666668,1.2617966865065198,-0.02513001983985297,0.0,1
23711,6,30,0.9033333333333335,0.9288109890247385,-0.02547765569140492,0.0,1
25563,4,30,2.2933333333333334,2.3188403324161966,-0.025506999082863135,0.0,1
26477,6,30,0.29666666666666697,0.3223336592378716,-0.02566699257120464,0.0,1
22602,4,30,0.24333333333333332,0.2690280253191789,-0.02569469198584559,0.0,1
30252,10,31,0.9774193548387098,1.0031159324992087,-0.02569657766049893,0.0,1
23724,12,31,1.1645161290322579,1.190500018198884,-0.025983889166626195,0.0,1
29430,2,28,0.7249999999999995,0.7510275103151794,-0.026027510315179914,0.0,1
24951,1,31,2.5935483870967744,2.619677877330011,-0.02612949023323674,0.0,1
27037,7,31,0.36129032258064503,0.38748051596865557,-0.02619019338801054,0.0,1
30758,6,30,0.52,0.5463580373240012,-0.026358037324001216,0.0,1
24641,12,31,2.270967741935483,2.297489956970656,-0.026522215035173158,0.0,1
30230,12,31,1.6064516129032262,1.633000351728932,-0.026548738825705742,0.0,1
30372,8,31,0.7451612903225806,0.7718387046648609,-0.026677414342280326,0.0,1
31960,9,30,0.7166666666666669,0.7434309671322507,-0.026764300465583757,0.0,1
23933,1,31,1.670967741935484,1.6977933712408786,-0.02682562930539456,0.0,1
30949,12,31,2.1741935483870964,2.201349716681626,-0.027156168294529603,0.0,1
31388,1,31,2.2387096774193553,2.2658699845084023,-0.02716030708904693,0.0,1
24817,9,30,1.1966666666666665,1.2239734087884424,-0.027306742121775862,0.0,1
28698,8,31,0.5645161290322576,0.5918821939537598,-0.027366064921502287,0.0,1
22887,5,31,0.6870967741935485,0.7145519024782606,-0.027455128284712083,0.0,1
27037,1,31,0.7677419354838712,0.7952111785690631,-0.02746924308519194,0.0,1
24944,10,31,1.0032258064516129,1.0309182012994444,-0.027692394847831592,0.0,1
26477,10,31,0.42580645161290315,0.4535564714742283,-0.027750019861325137,0.0,1
22820,11,30,0.22999999999999995,0.25777722260604297,-0.02777722260604301,0.0,1
27199,9,30,0.7133333333333333,0.7412083907673757,-0.027875057434042394,0.0,1
22641,9,30,0.5533333333333336,0.5812872063616915,-0.027953873028357945,0.0,1
24343,10,31,1.067741935483871,1.0957276147024166,-0.027985679218545556,0.0,1
28275,2,28,1.5392857142857141,1.5676173566574494,-0.028331642371735244,0.0,1
26477,4,30,0.31666666666666676,0.34525286106392766,-0.0285861943972609,0.0,1
28411,10,31,0.8903225806451613,0.9190318509155224,-0.028709270270361076,0.0,1
27823,8,31,0.729032258064516,0.7579098373230906,-0.028877579258574593,0.0,1
23405,8,31,0.5838709677419354,0.6128111242662152,-0.028940156524279836,0.0,1
31416,12,31,2.6354838709677426,2.6645238439642616,-0.029039972996518948,0.0,1
22583,3,31,1.0709677419354837,1.1000239101809357,-0.029056168245451985,0.0,1
22602,10,31,0.3193548387096776,0.3489851863814459,-0.029630347671768253,0.0,1
23891,9,30,0.8266666666666665,0.8564629435290892,-0.0297962768624227,0.0,1
31369,2,28,1.589285714285714,1.6190862908427202,-0.029800576557006186,0.0,1
23405,5,31,0.7419354838709677,0.7719281107908295,-0.02999262691986171,0.0,1
24507,10,31,1.2483870967741937,1.2783871581379866,-0.030000061363792963,0.0,1
24951,2,28,1.857142857142857,1.8871463593627724,-0.030003502219915434,0.0,1
23631,11,30,0.7733333333333335,0.8033456332484883,-0.03001229991515475,0.0,1
22550,12,31,0.8870967741935483,0.9171255155556625,-0.030028741362114197,0.0,1
23921,9,30,0.9566666666666668,0.9867087765534719,-0.030042109886805113,0.0,1
28661,5,31,0.7903225806451615,0.8204388764116071,-0.03011629576644559,0.0,1
30636,9,30,1.283333333333333,1.3134657108287016,-0.030132377495368567,0.0,1
23324,5,31,0.803225806451613,0.8335421901211262,-0.03031638366951317,0.0,1
22217,3,31,0.7161290322580648,0.7464819116517905,-0.030352879393725662,0.0,1
22583,9,30,0.5433333333333332,0.5743416950665415,-0.03100836173320831,0.0,1
30777,2,28,1.9464285714285716,1.977495937814404,-0.031067366385832296,0.0,1
30230,10,31,0.9645161290322581,0.9956410252992366,-0.031124896266978452,0.0,1
29263,2,28,1.3571428571428572,1.3891114662696573,-0.03196860912680011,0.0,1
23724,1,31,2.2483870967741932,2.280608707678414,-0.03222161090422082,0.0,1
31329,7,31,0.674193548387097,0.7065237547120742,-0.032330206324977184,0.0,1
37472,9,30,0.696666666666667,0.7290479370951655,-0.032381270428498476,0.0,1
27823,5,31,0.8419354838709674,0.8743462414270446,-0.03241075755607725,0.0,1
26258,10,31,0.5129032258064518,0.5453893275150368,-0.03248610170858501,0.0,1
30823,5,31,0.770967741935484,0.8035093377674777,-0.032541595831993675,0.0,1
26258,1,31,0.5258064516129033,0.558368653647842,-0.03256220203493876,0.0,1
23631,9,30,0.7066666666666667,0.7394390899191298,-0.0327724232524631,0.0,1
31707,8,31,0.606451612903226,0.6392988754496459,-0.0328472625464199,0.0,1
28138,1,27,1.0296296296296297,1.0627854576437838,-0.033155828014154176,0.0,1
27037,2,28,0.95,0.9834417305961584,-0.0334417305961584,0.0,1
22887,3,31,0.9774193548387099,1.0110243294267887,-0.03360497458807876,0.0,1
28275,5,31,1.409677419354838,1.4433106758000864,-0.033633256445248394,0.0,1
32098,6,30,0.9700000000000001,1.0036369617407523,-0.03363696174075226,0.0,1
34163,4,15,0.6799999999999999,0.7136595406631631,-0.03365954066316312,0.0,1
20891,6,30,0.98,1.0138109709617373,-0.03381097096173735,0.0,1
23205,1,30,1.666666666666667,1.7005355697032065,-0.033868903036539555,0.0,1
29263,12,31,1.4354838709677424,1.4693649259185604,-0.033881054950817946,0.0,1
29282,9,30,0.9233333333333332,0.9572547377583881,-0.03392140442505487,0.0,1
22583,12,31,1.0709677419354837,1.1049016264477565,-0.03393388451227275,0.0,1
28224,1,28,1.025,1.0590285252181015,-0.034028525218101624,0.0,1
36034,11,30,1.54,1.5742436796372445,-0.034243679637244506,0.0,1
24266,2,28,1.832142857142857,1.8664024248203661,-0.03425956767750904,0.0,1
31388,10,31,0.9483870967741935,0.9828666908125723,-0.03447959403837875,0.0,1
28434,2,28,1.7142857142857137,1.7488642911027579,-0.03457857681704413,0.0,1
20891,3,31,1.5064516129032255,1.541072021300093,-0.03462040839686753,0.0,1
30758,7,31,0.4677419354838711,0.5026473865596458,-0.034905451075774696,0.0,1
27947,9,30,0.9166666666666665,0.9516387218710344,-0.03497205520436786,0.0,1
34391,4,30,0.5333333333333333,0.5683677044697103,-0.035034371136376974,0.0,1
26477,7,31,0.2774193548387097,0.3126902741049566,-0.03527091926624687,0.0,1
28661,6,30,0.48000000000000026,0.5156469666709503,-0.035646966670950075,0.0,1
22802,7,31,0.20645161290322553,0.2421115353342987,-0.03565992243107316,0.0,1
27199,12,31,1.2161290322580647,1.2521212929349033,-0.03599226067683858,0.0,1
23711,10,31,0.9548387096774194,0.9908379361814549,-0.03599922650403553,0.0,1
28434,11,30,0.7533333333333334,0.7893950235967836,-0.036061690263450186,0.0,1
22887,9,30,0.7999999999999997,0.8360918531566855,-0.03609185315668584,0.0,1
24944,12,31,2.3064516129032255,2.342553508978697,-0.03610189607547154,0.0,1
31594,7,31,0.6870967741935484,0.7232434169659689,-0.03614664277242052,0.0,1
23418,12,31,1.3548387096774188,1.391541293694547,-0.036702584017128226,0.0,1
34880,10,31,0.48064516129032275,0.5176983227682932,-0.03705316147797044,0.0,1
22820,4,30,0.38666666666666655,0.4237390386189023,-0.03707237195223573,0.0,1
28722,10,31,0.8838709677419352,0.9210444216241854,-0.03717345388225024,0.0,1
22602,8,31,0.37096774193548404,0.40817271529907195,-0.03720497336358791,0.0,1
28698,11,30,1.1066666666666667,1.1439098370882372,-0.03724317042157055,0.0,1
22820,9,30,0.3466666666666667,0.38404132929941015,-0.03737466263274347,0.0,1
25703,3,31,2.8032258064516133,2.8407477233438727,-0.037521916892259366,0.0,1
28138,9,30,2.0366666666666666,2.0744361388613473,-0.03776947219468063,0.0,1
26258,2,28,0.9964285714285718,1.034529639807131,-0.03810106837855931,0.0,1
29231,11,30,1.4333333333333336,1.4717114230229833,-0.03837808968964973,0.0,1
35121,10,31,0.6451612903225806,0.6836079323484051,-0.038446642025824485,0.0,1
24641,9,30,1.0033333333333334,1.041829529851675,-0.038496196518341685,0.0,1
26477,1,30,0.42333333333333323,0.46203562813500554,-0.03870229480167231,0.0,1
28138,2,18,0.833333333333333,0.8722122980074747,-0.03887896467414165,0.0,1
22802,10,31,0.26451612903225813,0.3037069311485656,-0.03919080211630749,0.0,1
24817,1,31,1.6516129032258067,1.6908483717710743,-0.039235468545267604,0.0,1
34123,4,30,0.73,0.7693713553746541,-0.03937135537465408,0.0,1
29282,2,28,1.8357142857142859,1.8752916234803187,-0.039577337766032894,0.0,1
22217,5,31,0.6290322580645158,0.6686413282168006,-0.039609070152284764,0.0,1
23921,2,28,1.6500000000000001,1.6896808994933963,-0.03968089949339615,0.0,1
22802,9,30,0.28666666666666657,0.32662642711463064,-0.039959760447964066,0.0,1
27648,10,31,0.8258064516129031,0.8658731700296723,-0.04006671841676923,0.0,1
30521,12,31,1.9612903225806448,2.001619039872481,-0.04032871729183629,0.0,1
36034,2,28,1.9749999999999999,2.0156344938491073,-0.040634493849107445,0.0,1
31960,8,31,0.6290322580645158,0.6697822142752905,-0.04074995621077471,0.0,1
31329,12,31,1.093548387096774,1.1343384961567575,-0.04079010905998359,0.0,1
30230,2,28,2.4607142857142854,2.5016869313349686,-0.040972645620683146,0.0,1
30777,11,30,1.5200000000000002,1.561360329513749,-0.041360329513748795,0.0,1
27037,8,31,0.33548387096774185,0.37704697257178194,-0.04156310160404009,0.0,1
21946,2,28,1.5178571428571426,1.5595018839397066,-0.041644741082563996,0.0,1
20891,9,30,0.9066666666666668,0.9487090624345,-0.042042395767833196,0.0,1
31915,7,31,0.4258064516129032,0.46785407249605465,-0.04204762088315145,0.0,1
32165,7,31,0.6516129032258068,0.6939097444879855,-0.0422968412621787,0.0,1
32411,8,31,0.6387096774193547,0.6810558415829173,-0.04234616416356263,0.0,1
28440,9,30,0.6333333333333332,0.6762660043438274,-0.04293267101049425,0.0,1
21946,3,31,1.7322580645161287,1.775233197392475,-0.042975132876346356,0.0,1
24641,7,31,0.9903225806451614,1.0333886073962337,-0.043066026751072295,0.0,1
37472,10,31,0.6064516129032257,0.649612192665377,-0.04316057976215126,0.0,1
22802,3,31,0.5,0.5431985146336017,-0.04319851463360169,0.0,1
23724,2,28,1.8178571428571426,1.861401944980025,-0.043544802122882365,0.0,1
34646,3,31,0.7419354838709676,0.7855239355636219,-0.04358845169265424,0.0,1
24125,10,31,0.6483870967741936,0.6921658300374064,-0.0437787332632128,0.0,1
34646,9,30,0.6566666666666667,0.7006363345682622,-0.04396966790159551,0.0,1
30758,10,31,0.7838709677419357,0.8279364177837006,-0.044065450041764986,0.0,1
27459,6,30,0.5666666666666669,0.6107499574598236,-0.04408329079315676,0.0,1
37472,8,31,0.4709677419354838,0.5152121012729984,-0.04424435933751464,0.0,1
24944,1,30,1.6733333333333327,1.7175976372913764,-0.044264303958043705,0.0,1
34646,5,31,0.7193548387096769,0.763855256933358,-0.044500418223681115,0.0,1
28411,3,31,1.067741935483871,1.1128517760865149,-0.04510984060264378,0.0,1
23205,5,31,0.9741935483870966,1.0193265314304059,-0.04513298304330926,0.0,1
23921,4,30,0.8966666666666664,0.9423346927637853,-0.04566802609711895,0.0,1
31388,2,28,1.6178571428571433,1.663723906176165,-0.04586676331902173,0.0,1
28900,11,30,0.46,0.5061504815518856,-0.04615048155188556,0.0,1
22550,2,28,0.9821428571428577,1.0284827219322328,-0.04633986478937513,0.0,1
29612,1,30,1.5499999999999996,1.5970144676975901,-0.047014467697590545,0.0,1
23472,1,31,2.3451612903225802,2.392480920303252,-0.04731962998067196,0.0,1
37472,5,31,0.5967741935483871,0.6443204918215355,-0.04754629827314838,0.0,1
22820,2,28,0.9857142857142855,1.0332703462668822,-0.047556060552596646,0.0,1
22837,11,30,0.8900000000000002,0.9376158595333499,-0.04761585953334968,0.0,1
36034,1,31,2.412903225806452,2.4606074509421187,-0.04770422513566697,0.0,1
23933,5,31,1.0645161290322582,1.1123461217649522,-0.04782999273269395,0.0,1
21982,8,31,0.9612903225806453,1.0092067849732216,-0.0479164623925763,0.0,1
26258,5,31,0.43225806451612886,0.48021063573898803,-0.047952571222859175,0.0,1
30054,11,30,1.28,1.3280807648847497,-0.04808076488474966,0.0,1
27459,5,31,0.8967741935483866,0.9448702794649906,-0.04809608591660397,0.0,1
23955,12,31,2.1032258064516123,2.1519668956677753,-0.04874108921616305,0.0,1
32061,2,28,1.182142857142857,1.231455010687932,-0.04931215354507512,0.0,1
29612,11,30,1.163333333333333,1.2129923196385302,-0.04965898630519705,0.0,1
22641,11,30,0.6566666666666665,0.7063421878591176,-0.04967552119245111,0.0,1
24966,2,28,2.392857142857143,2.4427082773431072,-0.049851134485964455,0.0,1
22602,3,31,0.5451612903225805,0.5952750819464847,-0.05011379162390417,0.0,1
27199,5,31,0.8483870967741934,0.898702329289048,-0.05031523251485459,0.0,1
33008,2,28,0.38214285714285723,0.4326961445489098,-0.05055328740605258,0.0,1
27648,5,31,0.7645161290322583,0.8151668780273009,-0.05065074899504263,0.0,1
23324,3,31,1.270967741935484,1.322210809179852,-0.051243067244368,0.0,1
31532,1,31,1.7838709677419353,1.8364614008835727,-0.05259043314163736,0.0,1
29430,5,31,0.6161290322580647,0.6693202035937219,-0.053191171335657206,0.0,1
20891,12,31,1.7193548387096773,1.7727106892533842,-0.05335585054370684,0.0,1
22837,1,31,1.1903225806451614,1.2439442231169637,-0.053621642471802344,0.0,1
24944,11,30,1.6866666666666665,1.740934278927743,-0.05426761226107657,0.0,1
33008,10,31,0.2838709677419353,0.3386747225878699,-0.05480375484593458,0.0,1
28064,11,30,0.6666666666666666,0.7214821860271816,-0.054815519360514986,0.0,1
24966,1,10,1.7500000000000013,1.8054948301985874,-0.05549483019858603,0.0,0
29263,11,30,1.2266666666666668,1.2832910480660698,-0.05662438139940296,0.0,1
27947,3,31,1.335483870967742,1.392569792775377,-0.057085921807635165,0.0,1
22113,4,30,0.3266666666666667,0.38398022651672364,-0.05731355985005693,0.0,1
20674,2,28,0.8000000000000005,0.8573524547740821,-0.057352454774081574,0.0,1
22602,9,30,0.44666666666666666,0.5040395550678173,-0.057372888401150623,0.0,1
23711,8,31,0.8354838709677419,0.8929409389414134,-0.05745706797367145,0.0,1
28434,9,30,1.0333333333333328,1.091896220805744,-0.05856288747241134,0.0,1
27612,6,30,0.3066666666666667,0.3654871365482301,-0.05882046988156342,0.0,1
30372,12,31,2.912903225806452,2.972253277873801,-0.059350052067349335,0.0,1
27459,9,30,0.783333333333333,0.8428251538239416,-0.05949182049060864,0.0,1
29838,11,30,1.3733333333333329,1.4338986103174582,-0.060565276984125394,0.0,1
29282,12,31,2.0999999999999996,2.1607549498398457,-0.060754949839846084,0.0,1
34172,6,30,0.7733333333333335,0.8345040985538315,-0.061170765220497914,0.0,1
31960,7,31,0.7225806451612904,0.7837676172415095,-0.06118697208021906,0.0,1
33008,8,31,0.38064516129032233,0.4421561376401973,-0.06151097634987496,0.0,1
28411,9,30,0.6433333333333338,0.7048811787304778,-0.061547845397144085,0.0,1
22802,6,30,0.33333333333333304,0.395105498222013,-0.06177216488867998,0.0,1
27612,10,31,0.22903225806451602,0.29161717338307236,-0.06258491531855634,0.0,1
23324,12,31,1.4548387096774191,1.5174274264369159,-0.06258871675949673,0.0,1
23418,9,30,0.3866666666666668,0.4493615703284741,-0.0626949036618073,0.0,1
29430,9,30,0.42000000000000004,0.48300369498707985,-0.0630036949870798,0.0,1
29612,9,30,0.6633333333333336,0.7265360719772678,-0.06320273864393422,0.0,1
28493,7,31,0.7516129032258064,0.81497411864299,-0.06336121541718354,0.0,1
23405,7,31,0.6419354838709678,0.7055661770605275,-0.06363069318955972,0.0,1
29838,2,28,2.292857142857143,2.3571545175143647,-0.06429737465722152,0.0,1
24125,7,31,0.6032258064516127,0.6683084869577036,-0.0650826805060909,0.0,1
37099,9,30,0.7166666666666666,0.7817853397130964,-0.06511867304642982,0.0,1
26258,11,30,0.38666666666666677,0.45229755841195585,-0.06563089174528908,0.0,1
22113,5,31,0.23225806451612907,0.2979670734655472,-0.06570900894941811,0.0,1
34009,7,31,0.7290322580645162,0.7961763645758883,-0.06714410651137204,0.0,1
29430,7,31,0.5387096774193549,0.6058599386454349,-0.06715026122607992,0.0,1
31388,12,31,1.525806451612903,1.5938355463647078,-0.06802909475180474,0.0,1
34880,4,30,0.5166666666666665,0.5847537842020392,-0.06808711753537267,0.0,1
29570,8,31,0.6677419354838711,0.736009884938117,-0.06826794945424597,0.0,1
34172,7,31,0.7032258064516126,0.7722202664962216,-0.06899446004460896,0.0,1
21982,4,30,1.3766666666666671,1.4457715700566771,-0.06910490339000996,0.0,1
22602,5,31,0.40322580645161304,0.4724813206541922,-0.06925551420257914,0.0,1
23405,9,30,0.3633333333333333,0.4331131175160408,-0.06977978418270753,0.0,1
34172,9,30,0.6233333333333334,0.6935352547404666,-0.07020192140713322,0.0,1
22217,7,31,0.34838709677419305,0.4187097079751467,-0.07032261120095368,0.0,1
34391,6,30,0.8166666666666667,0.8871600367004675,-0.07049337003380085,0.0,1
33008,9,30,0.5233333333333334,0.5945697951316833,-0.07123646179834986,0.0,1
29430,8,31,0.5935483870967742,0.6649516469062936,-0.07140325980951945,0.0,1
22802,1,31,0.31612903225806455,0.3879666957102957,-0.07183766345223114,0.0,1
27595,9,30,0.3866666666666668,0.460130202745398,-0.07346353607873118,0.0,1
20674,1,31,1.5354838709677419,1.6089608409532135,-0.0734769699854716,0.0,1
26258,3,31,0.5870967741935482,0.6605866707621082,-0.07348989656855998,0.0,1
22113,7,31,0.4774193548387095,0.5519474568190953,-0.07452810198038579,0.0,1
28440,12,31,0.5387096774193552,0.6145556642463608,-0.07584598682700561,0.0,1
29838,12,31,1.2225806451612906,1.2986278000137497,-0.07604715485245905,0.0,1
22217,6,30,0.31666666666666665,0.39286701695993537,-0.07620035029326871,0.0,1
23205,7,31,0.6677419354838707,0.7469598168567303,-0.07921788137285957,0.0,1
23711,7,31,0.796774193548387,0.8768052289622924,-0.08003103541390544,0.0,1
32389,8,31,0.5064516129032259,0.5866406572562074,-0.08018904435298146,0.0,1
32165,6,30,0.9200000000000003,1.0002102352368338,-0.08021023523683357,0.0,1
30252,1,31,2.2612903225806456,2.3419747047321566,-0.08068438215151108,0.0,1
34391,9,30,1.1300000000000003,1.2119700321493054,-0.0819700321493051,0.0,1
24641,10,31,1.1129032258064513,1.1949047697152217,-0.08200154390877046,0.0,1
22583,5,31,0.8806451612903226,0.963626191338464,-0.0829810300481415,0.0,1
27823,4,30,0.9066666666666664,0.9896690503818291,-0.08300238371516266,0.0,1
23324,1,31,2.061290322580646,2.144728220476499,-0.08343789789585321,0.0,1
30252,12,31,3.000000000000001,3.0841338654078796,-0.0841338654078787,0.0,1
23324,9,30,0.3799999999999999,0.4642158324023088,-0.0842158324023089,0.0,1
23711,5,31,0.8322580645161293,0.9167965124691687,-0.08453844795303944,0.0,1
34646,10,31,0.8870967741935486,0.9719189927642868,-0.08482221857073824,0.0,1
32389,6,30,0.5433333333333332,0.6284428396774455,-0.0851095063441123,0.0,1
23891,1,30,2.3100000000000005,2.3962941749704383,-0.08629417497043779,0.0,1
27595,2,28,1.65,1.7364698808108059,-0.08646988081080598,0.0,1
28698,9,30,0.6799999999999999,0.7666649826057255,-0.08666498260572553,0.0,1
28493,6,30,0.7033333333333329,0.7901905038952823,-0.08685717056194941,0.0,1
37472,3,31,0.5096774193548387,0.5988841606724646,-0.08920674131762596,0.0,1
28698,4,30,0.7933333333333332,0.8825860149661698,-0.08925268163283662,0.0,1
24738,6,30,0.9633333333333335,1.0528979724956058,-0.08956463916227231,0.0,1
23711,9,30,0.5933333333333333,0.6833341661343971,-0.09000083280106386,0.0,1
23804,9,30,0.4333333333333333,0.5241991888172924,-0.09086585548395915,0.0,1
30054,1,31,1.509677419354839,1.6005748411820782,-0.09089742182723914,0.0,1
22820,10,31,0.21935483870967742,0.3124376110972897,-0.09308277238761226,0.0,1
30758,11,30,0.9366666666666669,1.029774405024946,-0.09310773835827912,0.0,1
24688,12,31,1.3000000000000005,1.393137447824402,-0.09313744782440159,0.0,1
20674,5,31,0.5516129032258065,0.645121753792609,-0.09350885056680258,0.0,1
37031,5,31,0.8580645161290327,0.9524210432003587,-0.09435652707132602,0.0,1
24125,4,29,0.5827586206896551,0.6774557966738941,-0.09469717598423899,0.0,1
24343,12,31,2.103225806451614,2.2002445370920243,-0.09701873064041022,0.0,1
27595,4,30,0.6100000000000001,0.7074388032530744,-0.0974388032530743,0.0,1
34009,3,31,1.1806451612903224,1.2795150289131745,-0.0988698676228521,0.0,1
28224,9,30,1.2600000000000002,1.3602860756280524,-0.10028607562805214,0.0,1
20891,4,30,1.6266666666666667,1.72732687803451,-0.1006602113678432,0.0,1
27612,7,31,0.3806451612903224,0.4832265874731443,-0.1025814261828219,0.0,1
30054,9,30,0.5966666666666666,0.6993791171660023,-0.10271245049933575,0.0,1
27333,9,30,1.1300000000000001,1.2333433255568769,-0.10334332555687675,0.0,1
30230,9,30,0.7566666666666667,0.8614710033933322,-0.10480433672666545,0.0,1
32389,9,30,0.49999999999999983,0.6049037416543188,-0.10490374165431898,0.0,1
34009,9,30,0.6033333333333332,0.708687326281021,-0.10535399294768788,0.0,1
37099,12,31,1.2516129032258065,1.357826432165119,-0.10621352893931246,0.0,1
24908,2,28,2.942857142857143,3.049212813696691,-0.10635567083954811,0.0,1
22820,7,31,0.3322580645161292,0.43865623974031037,-0.10639817522418116,0.0,1
27333,1,18,0.5222222222222221,0.6303824661454804,-0.10816024392325829,0.0,1
24125,5,31,0.5645161290322579,0.6731696213926038,-0.10865349236034594,0.0,1
34646,4,30,1.1400000000000001,1.2494470230738324,-0.10944702307383225,0.0,1
33008,4,30,0.49,0.5998447852830093,-0.10984478528300934,0.0,1
25563,11,30,2.3466666666666662,2.4571818957726155,-0.11051522910594924,0.0,1
24817,11,30,2.4200000000000004,2.531359967167179,-0.11135996716717855,0.0,1
30758,2,28,1.3249999999999997,1.4393177055554196,-0.11431770555541987,0.0,1
27037,9,30,0.4466666666666667,0.5613247734121979,-0.11465810674553117,0.0,1
22820,6,30,0.35333333333333317,0.46814292352025694,-0.11480959018692377,0.0,1
26477,9,30,0.3033333333333333,0.4181585883287091,-0.11482525499537583,0.0,1
24908,12,31,2.7935483870967746,2.910158134588311,-0.11660974749153663,0.0,1
34009,6,30,0.6633333333333336,0.780983978509903,-0.11765064517656942,0.0,1
28440,2,28,1.1,1.2177312012761834,-0.1177312012761833,0.0,1
30054,12,31,1.9129032258064522,2.0329750867380256,-0.1200718609315734,0.0,1
27648,9,30,0.9800000000000002,1.103593101743609,-0.12359310174360871,0.0,1
24738,2,28,2.0071428571428567,2.1321539672889873,-0.12501111014613064,0.0,1
28411,4,30,1.1900000000000004,1.3192264620525145,-0.1292264620525141,0.0,1
35121,1,31,1.4129032258064522,1.5426275349312255,-0.12972430912477328,0.0,1
22217,8,31,0.28709677419354857,0.4185607447138716,-0.13146397052032305,0.0,1
20674,6,30,0.4566666666666668,0.5884650554259617,-0.13179838875929495,0.0,1
24738,1,30,1.9833333333333347,2.11601453498006,-0.13268120164672537,0.0,1
20674,12,31,1.1,1.235664063103256,-0.13566406310325596,0.0,1
34861,6,30,0.5199999999999996,0.6564272381862,-0.1364272381862004,0.0,1
28698,7,31,0.5580645161290324,0.6960054457548167,-0.1379409296257843,0.0,1
25551,1,30,2.386666666666667,2.524820086012284,-0.13815341934561687,0.0,1
28493,9,30,0.6499999999999999,0.7882559782693472,-0.13825597826934732,0.0,1
20674,4,30,1.2633333333333332,1.40617172217307,-0.14283838883973687,0.0,1
27648,4,30,0.9433333333333334,1.0890355171759922,-0.14570218384265887,0.0,1
34009,4,30,1.1300000000000001,1.27803207543989,-0.14803207543988983,0.0,1
27947,4,30,1.1466666666666663,1.2981433291360736,-0.15147666246940727,0.0,1
27459,2,28,1.3035714285714286,1.4573961550635954,-0.15382472649216683,0.0,1
29570,9,30,0.9566666666666666,1.1107001545528568,-0.1540334878861902,0.0,1
34861,8,31,0.32903225806451597,0.48447719620120144,-0.15544493813668547,0.0,1
30823,6,30,0.41999999999999993,0.5764044855845472,-0.15640448558454723,0.0,1
35121,11,30,0.56,0.7170212890704473,-0.1570212890704472,0.0,1
26258,7,31,0.7709677419354845,0.928043892534991,-0.15707615059950653,0.0,1
27947,5,31,1.1516129032258056,1.3116114420756213,-0.15999853884981574,0.0,1
27823,9,30,0.8833333333333333,1.0454145303717814,-0.16208119703844814,0.0,1
37099,11,30,0.8933333333333332,1.0559603868424892,-0.16262705350915596,0.0,1
37099,10,31,0.9580645161290323,1.1261280946193204,-0.16806357849028808,0.0,1
37099,8,31,0.4387096774193549,0.607936185309964,-0.16922650789060906,0.0,1
26258,4,30,0.6633333333333332,0.8343968780276675,-0.17106354469433427,0.0,1
28411,5,31,1.1483870967741938,1.3273037365126996,-0.1789166397385058,0.0,1
37099,7,26,0.6192307692307693,0.7988135306307901,-0.17958276140002083,0.0,1
37031,4,30,0.8333333333333331,1.0150723601132627,-0.1817390267799296,0.0,1
20674,10,31,0.4483870967741936,0.6360846773270636,-0.18769758055287006,0.0,1
26258,6,30,0.8733333333333332,1.0710192264150826,-0.19768589308174944,0.0,1
34009,5,31,1.080645161290323,1.2787135193304673,-0.19806835804014433,0.0,1
22217,9,30,0.2733333333333332,0.4831004127363363,-0.2097670794030031,0.0,1
24125,9,30,0.4200000000000001,0.630002819125851,-0.2100028191258509,0.0,1
20674,8,31,0.458064516129032,0.6725823169754398,-0.2145178008464078,0.0,1
34861,7,31,0.49354838709677423,0.7143584380226753,-0.22081005092590106,0.0,1
24125,11,30,0.6266666666666656,0.8475668965280048,-0.22090022986133917,0.0,1
28493,5,31,1.3032258064516127,1.534391360543668,-0.23116555409205541,0.0,1
20674,11,30,0.7333333333333331,0.971707775990168,-0.23837444265683494,0.0,1
20674,3,31,1.0129032258064519,1.2548050435320026,-0.24190181772555075,0.0,1
28224,6,1,0.5,0.7587007582187653,-0.25870075821876526,0.0,0
20674,7,31,0.6129032258064514,0.8891672648729814,-0.27626403906652997,0.0,1
20674,9,30,0.4566666666666668,0.7768915230035783,-0.32022485633691156,0.0,1
35121,12,31,0.5935483870967743,0.9425669852058373,-0.349018598109063,0.0,1
35121,2,28,1.114285714285714,1.5853512475134,-0.47106553322768585,0.0,1
28440,1,31,1.0935483870967742,1.606444905746368,-0.5128965186495937,0.0,1
