station,month,n,baseline_mae,xgb_mae,gain,alpha,is_eligible
25913,12,31,6.7612903225806456,1.8974734398626514,4.863816882717995,0.7193622297913064,1
25913,1,31,5.516129032258065,2.0683482446978165,3.4477807875602484,0.6250362831249573,1
25913,11,30,4.39,1.372184164921443,3.0178158350785567,0.6874295751887374,1
25913,10,31,3.8709677419354844,1.3999661434802322,2.4710015984552522,0.63834207960094,1
25913,3,31,3.5999999999999996,1.4299104044514317,2.1700895955485677,0.6028026654301578,1
22113,2,28,3.225,1.467347486955779,1.757652513044221,0.5450085311765026,1
22113,12,31,2.8580645161290326,1.3571357727050781,1.5009287434239544,0.5251556551483362,1
22113,11,30,1.8733333333333335,0.7287807593743006,1.1445525739590328,0.6109711248891634,1
22113,1,31,2.4387096774193546,1.482402092410672,0.9563075850086826,0.392136708138481,1
25913,6,30,1.9366666666666668,0.9818168131510415,0.9548498535156252,0.4930377901113383,1
37235,8,31,1.425806451612903,0.6356455895208545,0.7901608620920485,0.5541852200193101,1
25913,7,31,1.3709677419354842,0.6328315550281156,0.7381361869073686,0.5384052186853746,1
29570,12,31,2.967741935483872,2.237060409015225,0.730681526468647,0.2462079056579136,1
25913,2,28,2.439285714285714,1.7478706410952978,0.6914150731904163,0.2834498103855294,1
22113,3,31,1.206451612903226,0.5840463222995881,0.6224052906036378,0.515897433388042,1
37031,7,31,1.5774193548387099,1.0563411712646482,0.5210781835740617,0.33033586279746235,1
30823,12,31,1.6806451612903226,1.1777925541324,0.5028526071579227,0.29920212709972366,1
37235,9,30,1.0833333333333333,0.5819432576497393,0.501390075683594,0.46282160832331753,1
25913,5,31,1.7483870967741935,1.2542662481627156,0.49412084861147787,0.2826152455157899,1
25563,6,30,2.2766666666666664,1.8090706439812976,0.4675960226853688,0.20538624715316348,1
29570,11,30,1.56,1.0987154555320737,0.4612845444679263,0.2956952208127733,1
37235,6,30,1.0199999999999998,0.5769833374023435,0.44301666259765626,0.4343300613702513,1
29570,1,31,2.832258064516129,2.401508380520728,0.4307496839954008,0.15208701826716886,1
22837,6,30,1.2566666666666664,0.836209036509196,0.4204576301574704,0.33458166856032134,1
30710,12,31,1.935483870967742,1.5443145459698093,0.39116932499793267,0.20210415124893188,1
25913,9,30,1.2133333333333336,0.8247393739223481,0.3885939594109855,0.3202697467672957,1
30555,7,26,9.215384615384616,8.8480196586022,0.3673649567824171,0.039864310836155444,1
37235,7,31,0.9967741935483871,0.649728455082063,0.34704573846632414,0.3481688638335291,1
28440,8,31,1.0064516129032257,0.6658839195005359,0.3405676934026898,0.338384567162929,1
25913,4,30,1.3166666666666664,0.9841946987311043,0.3324719679355621,0.25251035539409783,1
34163,8,31,1.5806451612903225,1.2492825784990862,0.3313625827912363,0.20963755237812912,1
27595,3,31,1.4322580645161291,1.1014664909531995,0.33079157356292965,0.2309580806407842,1
30710,1,31,2.035483870967742,1.711053368353075,0.324430502614667,0.1593874101593451,1
25563,12,31,4.648387096774194,4.339267601505402,0.30911949526879123,0.06650037719175939,1
25913,8,31,1.0548387096774194,0.7531540040046937,0.30168470567272576,0.28600079131053513,1
28440,3,31,0.9580645161290323,0.6625862825301386,0.2954782335988937,0.3084116242951415,1
37235,5,31,0.8161290322580643,0.5247695984378936,0.2913594338201707,0.35700167780337133,1
28440,5,31,1.2322580645161287,0.9443480706983995,0.2879099938177292,0.23364423582067034,1
34163,7,26,1.8884615384615389,1.602062460092398,0.2863990783691408,0.1516573531078953,1
26063,1,31,0.8000000000000003,0.5187504415550539,0.28124955844494637,0.35156194805618285,1
25563,10,31,1.6645161290322579,1.3835868995035843,0.2809292295286736,0.16877531231373805,1
25551,2,28,2.224999999999999,1.954095717838832,0.27090428216116713,0.12175473355558078,1
30710,9,30,1.0333333333333337,0.7645736598968506,0.2687596734364831,0.26009000655143516,1
35121,3,31,1.532258064516129,1.2713672885971685,0.2608907759189605,0.17026555902079527,1
37235,10,31,0.7967741935483874,0.5384421625444967,0.2583320310038907,0.32422238708990314,1
24688,6,30,1.4833333333333336,1.2255486615498863,0.25778467178344733,0.1737874191798521,1
27947,7,31,0.9741935483870965,0.7207943824029736,0.25339916598412293,0.26011172667244414,1
35121,5,31,1.1451612903225805,0.9010007119947863,0.24416057832779425,0.2132106458637077,1
26063,7,31,0.7129032258064514,0.4762703680223033,0.23663285778414805,0.3319284430456377,1
31873,4,30,1.7866666666666668,1.551016491651535,0.23565017501513186,0.1318937546726484,1
29570,2,28,1.9678571428571432,1.732480986629214,0.2353761562279293,0.11961038791981886,1
28440,6,30,0.8500000000000001,0.6198270161946614,0.23017298380533868,0.2707917456533396,1
29570,3,31,1.7838709677419355,1.5583651667971525,0.225505800944783,0.12641374013179518,1
26063,10,31,0.7806451612903228,0.5572731871758736,0.2233719741144492,0.2861376527912365,1
30555,8,31,9.148387096774192,8.926803527339812,0.2215835694343795,0.024221053076395507,1
24688,9,30,2.413333333333333,2.194208287050326,0.21912504628300722,0.09079767111174333,1
22113,10,31,0.7064516129032258,0.4890302766715327,0.21742133623169307,0.3077653617891546,1
34139,8,31,1.138709677419355,0.9238089899862969,0.21490068743305812,0.18872298329815299,1
24266,11,30,3.4400000000000004,3.227167689005534,0.2128323109944663,0.06186985784722857,1
29838,9,30,1.3866666666666665,1.1760467211405434,0.21061994552612306,0.15188938379287723,1
22113,9,30,0.7666666666666667,0.558058786392212,0.20860788027445476,0.27209723514059314,1
30823,11,30,2.083333333333333,1.8807517445087434,0.20258158882458965,0.09723916263580305,1
30710,8,31,0.7290322580645159,0.5303022999917308,0.19872995807278504,0.27259419027682913,1
35121,8,31,1.3032258064516131,1.1075239366100678,0.19570186984154536,0.150167276363562,1
21982,11,30,1.5066666666666668,1.3144284343719483,0.19223823229471848,0.12759174709826446,1
30823,10,31,1.2548387096774192,1.0626930130585548,0.19214569661886438,0.15312381992762975,1
25563,7,31,1.470967741935484,1.2810776264436783,0.1898901154918058,0.12909196447907847,1
28138,8,31,3.04516129032258,2.8563201719714746,0.1888411183511054,0.062013502848350305,1
37235,4,30,0.8533333333333332,0.6654863739013673,0.18784695943196583,0.220133155584335,1
30710,11,30,1.7266666666666666,1.538825361368557,0.1878413052981096,0.10878840075180093,1
28900,7,31,0.6419354838709679,0.4543246361517137,0.18761084771925418,0.29225810448728035,1
29838,6,30,1.2766666666666662,1.0914748191833494,0.18519184748331674,0.14505888836813327,1
25563,5,31,1.4387096774193546,1.2549259583796224,0.18378371903973223,0.12774204686618162,1
30710,2,28,1.7892857142857146,1.6056986536298479,0.18358706065586672,0.10260354687353827,1
22837,8,31,0.8516129032258073,0.6681300809306483,0.183482822295159,0.2154533140587092,1
35121,9,30,1.0133333333333334,0.8299934768676759,0.18333985646565754,0.18092748993321467,1
34139,7,26,1.1,0.917481965285081,0.18251803471491912,0.16592548610447191,1
24343,11,30,1.9233333333333336,1.7418763605753576,0.181456972757976,0.09434504649461489,1
31915,4,30,1.4533333333333327,1.2759797342618309,0.17735359907150183,0.12203229293910682,1
30710,10,31,0.9580645161290322,0.784359033790327,0.1737054823387052,0.18130875260942295,1
30710,7,31,0.8322580645161293,0.6591919437531502,0.17306612076297911,0.20794766448264926,1
27459,11,30,0.8766666666666667,0.7081032899022103,0.16856337676445643,0.192277616081129,1
27333,7,26,1.6076923076923075,1.4418176651000973,0.1658746425922102,0.10317561500950874,1
24688,10,31,2.2096774193548385,2.047184860321783,0.1624925590330557,0.07353677854050697,1
28440,7,31,0.729032258064516,0.5669182869695847,0.1621139710949313,0.2223687214134014,1
32098,1,31,2.6774193548387095,2.5157078158470885,0.16171153899162105,0.060398285647472925,1
27595,12,31,1.4838709677419355,1.3228794843919813,0.16099148334995417,0.10849426051844738,1
21946,10,31,1.3000000000000003,1.1414163158785913,0.158583684121409,0.12198744932416074,1
31388,9,30,1.0299999999999996,0.8747526613871258,0.15524733861287376,0.15072557146880955,1
28900,5,31,0.6677419354838706,0.5153349907167495,0.15240694476712113,0.22824228443385303,1
26063,6,30,0.6166666666666668,0.46814875920613613,0.14851790746053067,0.24083984993599564,1
29612,5,31,1.2387096774193551,1.0911393257879438,0.1475703516314113,0.11913231511910806,1
33008,6,30,0.7033333333333328,0.5565740966796872,0.14675923665364565,0.20866242178243474,1
24641,11,30,1.3766666666666671,1.2329894479115808,0.14367721875508632,0.10436601846616436,1
34861,5,31,0.7064516129032259,0.5627972018334172,0.1436544110698087,0.2033464266284963,1
29866,6,19,1.1473684210526323,1.0064036620290657,0.14096475902356653,0.12285919364439278,1
21982,1,31,1.6709677419354838,1.530107061324581,0.14086068061090273,0.08429886291386071,1
22837,7,31,1.2516129032258065,1.113517041360178,0.1380958618656285,0.11033432262460008,1
24908,9,30,1.4766666666666668,1.3402372906108697,0.13642937605579708,0.09239009665178131,1
30823,8,31,0.538709677419355,0.4026690390802201,0.13604063833913493,0.2525305262582743,1
24959,11,30,1.5266666666666673,1.3911865679423014,0.13548009872436584,0.08874242274521776,1
28411,6,30,0.7333333333333331,0.5982903798421223,0.13504295349121076,0.1841494820334693,1
27823,7,31,0.7741935483870964,0.6395982803836944,0.13459526800340205,0.17385222117106106,1
24966,11,30,2.6133333333333337,2.479953730901082,0.13337960243225178,0.05103811317560654,1
21946,12,31,1.8258064516129036,1.6930589368266447,0.1327475147862589,0.07270623601367536,1
31594,5,31,1.2967741935483872,1.1645644187927244,0.13220977475566276,0.1019528113787449,1
25703,6,30,1.1433333333333335,1.011485907236735,0.1318474260965985,0.11531844848098992,1
28900,2,28,0.7535714285714287,0.6225415634257454,0.13102986514568327,0.1738784940321863,1
27648,6,30,0.5666666666666671,0.43644622166951497,0.13022044499715213,0.2298007852890918,1
22837,4,30,1.2366666666666668,1.1072178894281386,0.1294487772385282,0.104675561109322,1
23891,11,30,1.993333333333333,1.8638929939270017,0.12944033940633126,0.06493662512023309,1
34861,2,28,0.942857142857143,0.8153964404548918,0.12746070240225116,0.13518559345693304,1
31960,1,31,2.1709677419354843,2.043975316324541,0.12699242561094337,0.05849576811202443,1
25563,1,31,2.780645161290322,2.6539409083704792,0.12670425291984255,0.04556649466954896,1
31873,10,31,1.5870967741935489,1.4606018012569797,0.1264949729365692,0.07970211709417975,1
28434,8,31,1.3096774193548386,1.1835128907234436,0.12616452863139505,0.09633252186141002,1
29866,8,31,1.2161290322580651,1.0914226162818172,0.12470641597624788,0.10254373727489874,1
24738,5,31,1.3548387096774193,1.2301429000593,0.12469580961811921,0.09203738328956419,1
34861,4,30,0.52,0.39601057370503767,0.12398942629496235,0.23844120441338912,1
24908,7,31,0.9451612903225806,0.8219181060791017,0.12324318424347891,0.13039381268081388,1
30230,6,30,0.8366666666666662,0.7151525179545081,0.12151414871215815,0.14523603431732057,1
30054,7,31,0.7290322580645165,0.6081619816441691,0.12087027642034742,0.16579551190401629,1
21946,11,30,1.9700000000000002,1.849285195668539,0.1207148043314612,0.06127655042206152,1
30636,7,31,1.2322580645161292,1.11281370347546,0.11944436104066924,0.09693128775551692,1
31960,12,31,2.525806451612903,2.4068843730034364,0.11892207860946646,0.04708281528599567,1
24959,12,31,1.1096774193548389,0.9909383589221585,0.11873906043268034,0.10700322306433402,1
34172,3,31,1.2580645161290323,1.1395304186690238,0.11853409746000843,0.09421941080154515,1
30710,6,30,0.8533333333333333,0.7361867618560791,0.11714657147725416,0.13728113844990722,1
34139,11,30,1.363333333333333,1.2467371187607448,0.11659621457258829,0.08552289577451465,1
37031,8,31,0.9032258064516127,0.787509266022713,0.11571654042889967,0.12811474118913896,1
30521,9,30,1.39,1.2743267409006753,0.11567325909932458,0.08321817201390258,1
28722,5,31,1.0161290322580645,0.9006438409128499,0.11548519134521462,0.11365209306989375,1
23884,1,31,2.1870967741935488,2.0716318438130044,0.1154649303805444,0.05279369973151734,1
24817,7,31,1.1483870967741938,1.0335033847439674,0.1148837120302264,0.10003918744205106,1
30252,7,31,1.058064516129032,0.943959193075857,0.11410532305317511,0.10784344556854966,1
28440,11,30,0.7833333333333333,0.6695044482499362,0.11382888508339717,0.14531347031923042,1
31532,5,31,1.1451612903225812,1.0321856714064077,0.11297561891617347,0.09865476581412326,1
31594,10,31,1.3064516129032258,1.1937528468187775,0.11269876608444829,0.08626325305229375,1
34861,3,31,0.5806451612903226,0.46824875494405144,0.11239640634627118,0.19357158870746702,1
28224,8,31,1.3387096774193545,1.2268532230008034,0.11185645441855119,0.08355542378253224,1
31329,6,30,1.1200000000000003,1.009658857981364,0.11034114201863643,0.09851887680235392,1
30710,5,31,1.0419354838709676,0.9321293969308176,0.10980608694014993,0.10538664690850304,1
31707,12,31,1.8451612903225811,1.735499508150162,0.10966178217241906,0.05943208474379353,1
24966,4,29,2.0275862068965513,1.9181409492574888,0.10944525763906254,0.053978103257360785,1
30054,1,31,1.509677419354839,1.4004659468127838,0.10921147254205521,0.07234093266674596,1
29866,3,19,1.5947368421052632,1.485573440633322,0.10916340147194115,0.06845229795270237,1
24738,11,30,1.7300000000000002,1.62115238904953,0.10884761095047013,0.0629176941910232,1
21982,10,31,0.9580645161290322,0.8492769014450812,0.10878761468395104,0.11354936212802971,1
24641,8,31,0.9419354838709676,0.8337802333216512,0.1081552505493164,0.11482235503523319,1
30636,6,30,1.313333333333333,1.2061853567759195,0.10714797655741348,0.08158475372391892,1
30925,4,30,1.3466666666666665,1.2400421443581577,0.10662452230850872,0.0791766254766154,1
34646,12,31,1.106451612903226,1.0006200269585657,0.10583158594466036,0.0956495383173315,1
29866,2,15,1.7733333333333334,1.667636092292766,0.10569724104056744,0.05960370735370344,1
34391,7,31,0.829032258064516,0.7233915267452117,0.10564073131930429,0.12742656306997796,1
30965,5,31,1.3806451612903228,1.2753199654240759,0.10532519586624689,0.07628694093116012,1
24944,9,30,0.9700000000000001,0.8661016605297723,0.10389833947022775,0.10711169017549252,1
25551,10,31,2.4580645161290318,2.3547772331583885,0.10328728297064327,0.04201976078858192,1
24966,5,31,0.9548387096774191,0.8517787379603233,0.1030599717170958,0.10793442983885036,1
30949,4,30,1.2,1.0971309027075766,0.10286909729242333,0.08572424774368612,1
31416,4,30,1.97,1.8671727991104126,0.10282720088958741,0.05219654867491747,1
30372,7,31,0.938709677419355,0.8361849507977887,0.10252472662156631,0.10921878093706375,1
28138,7,27,2.5444444444444447,2.441999979372378,0.10244446507206684,0.04026201684055028,1
30710,4,30,0.8766666666666667,0.7747184797128042,0.10194818695386254,0.11629070755193445,1
34861,1,31,0.5129032258064516,0.4112208148164134,0.10168241099003822,0.19824872582963424,1
29838,8,31,1.0935483870967742,0.9918681052423292,0.101680281854445,0.09298196865745709,1
34172,2,28,1.3464285714285713,1.2449024579354695,0.10152611349310181,0.07540401002140189,1
26063,8,31,0.5677419354838712,0.4669129340879377,0.10082900139593348,0.1775965365496555,1
30965,4,30,1.7333333333333334,1.6330188803871473,0.10031445294618613,0.05787372285356892,1
24641,3,31,1.654838709677419,1.555179100651895,0.09965960902552418,0.06022315555148636,1
30823,4,30,1.3966666666666667,1.2971569560468197,0.09950971061984704,0.0712480028304394,1
31329,4,30,1.2,1.1008475242058435,0.09915247579415642,0.08262706316179702,1
31416,1,31,2.029032258064516,1.9299231498472147,0.09910910821730123,0.04884550643459998,1
31707,4,30,1.4599999999999997,1.3615344472726187,0.098465552727381,0.06744215940231577,1
27648,8,31,0.9451612903225803,0.8477019894507624,0.09745930087181798,0.10311393607598493,1
24343,6,30,0.7400000000000002,0.6432709217071533,0.09672907829284694,0.13071497066600934,1
31388,3,31,1.6161290322580646,1.5199074743255494,0.09622155793251519,0.05953828933948045,1
27595,1,31,1.4677419354838712,1.371608854109241,0.09613308137463017,0.0654972642332645,1
31532,4,30,1.943333333333333,1.8475583872695767,0.09577494606375625,0.049283848746358286,1
29866,4,20,1.36,1.264329944252968,0.09567005574703202,0.07034562922575884,1
27459,1,31,1.2387096774193553,1.1430848160097677,0.09562486140958759,0.07719715374211496,1
31915,1,31,1.5129032258064519,1.4175081806798135,0.09539504512663832,0.06305429422016605,1
35121,7,31,0.8645161290322579,0.7695347939768146,0.09498133505544337,0.10986646965368452,1
29231,5,31,1.5677419354838709,1.4730621061017437,0.09467982938212716,0.06039248376226218,1
28411,2,21,1.228571428571429,1.1342807088579454,0.09429071971348368,0.07674826023190529,1
29231,1,31,1.8935483870967742,1.7997841435094035,0.09376424358737068,0.04951774363217191,1
32061,3,31,2.1580645161290315,2.0643118027717837,0.09375271335724777,0.0434429613464078,1
31416,5,31,1.1387096774193548,1.0460768092543848,0.09263286816496996,0.08134897770861385,1
31388,8,20,0.6050000000000005,0.5126505851745609,0.09234941482543968,0.1526436608684952,1
29282,7,31,0.7612903225806454,0.6691961349979524,0.09209418758269305,0.1209711786043849,1
28434,6,30,1.1,1.008083604176839,0.09191639582316102,0.08356035983923729,1
31168,7,31,0.9322580645161287,0.8411405686409241,0.09111749587520457,0.09773849038516756,1
34646,6,30,0.5200000000000004,0.4290572230021161,0.09094277699788428,0.17488995576516195,1
24908,6,30,1.22,1.1292222086588544,0.09077779134114561,0.07440802568946361,1
30230,5,31,0.8741935483870966,0.7838687512182422,0.09032479716885444,0.10332356871713978,1
29263,7,31,0.7967741935483869,0.7064721630465599,0.09030203050182695,0.1133345322087707,1
26063,3,31,0.5903225806451612,0.5000565562517413,0.09026602439341991,0.15290965880852556,1
28722,8,31,1.1774193548387093,1.0872099230366365,0.09020943180207275,0.07661622974970565,1
24966,9,30,1.903333333333333,1.8134056345621745,0.08992769877115858,0.047247477462955476,1
30521,6,30,0.9733333333333332,0.883569310506185,0.08976402282714813,0.09222331112378233,1
31004,7,31,0.9387096774193546,0.8489716622137254,0.08973801520562918,0.0955971983290208,1
30555,9,30,8.316666666666666,8.227260160446168,0.08940650622049873,0.010750281309078003,1
31388,6,30,0.7566666666666663,0.667276299794515,0.0893903668721513,0.11813704872971544,1
24507,7,31,0.9709677419354834,0.8818979509415166,0.08906979099396684,0.09173300733597918,1
28434,7,31,0.9096774193548386,0.8207976125901744,0.08887980676466423,0.09770475211718409,1
30965,7,31,0.983870967741935,0.8951154770389675,0.08875549070296751,0.09021049874727849,1
26063,4,30,0.5466666666666667,0.45791173060735063,0.08875493605931611,0.16235659035240751,1
31594,12,31,1.9709677419354834,1.8825074118952598,0.08846033004022358,0.04488167317916418,1
24966,8,31,1.6483870967741936,1.5602458000183106,0.088141296755883,0.05347123677949849,1
20891,11,30,1.8733333333333333,1.7852253150939943,0.088108018239339,0.04703274994982509,1
30673,4,30,1.4366666666666668,1.3493045313159624,0.08736213535070436,0.06080891091696359,1
30777,4,30,1.2566666666666668,1.1700172736247378,0.08664939304192898,0.06895177165140236,1
25703,2,28,2.5642857142857145,2.477806745256697,0.08647896902901753,0.033724389036385666,1
30673,9,30,1.3766666666666663,1.290193066596985,0.0864736000696813,0.06281375307725036,1
21946,7,31,1.4709677419354839,1.3845567503283098,0.08641099160717403,0.05874431446978936,1
29838,5,31,1.8806451612903228,1.7945650008416942,0.08608016044862854,0.04577161190235823,1
32098,10,31,1.7516129032258065,1.665731781384637,0.08588112184116947,0.049029738067702645,1
24688,5,31,0.9677419354838709,0.8820204967452634,0.08572143873860749,0.08857882002989441,1
30949,5,31,1.1354838709677417,1.0501742655231108,0.08530960544463095,0.07513061843135113,1
32411,2,28,2.15,2.0653845889227727,0.08461541107722725,0.039356005152198725,1
29698,4,30,1.4966666666666666,1.412300241589546,0.08436642507712055,0.05636954904930104,1
22887,1,30,1.716666666666667,1.6324106283982596,0.08425603826840744,0.04908118734081986,1
30673,10,31,1.6290322580645165,1.5449475851751144,0.08408467288940202,0.051616333852900244,1
27648,7,31,1.0451612903225804,0.9611913127283893,0.08396997759419111,0.08034164522901004,1
28493,1,31,1.303225806451613,1.2193622343001826,0.08386357215143025,0.06435076080926579,1
31915,10,31,1.7,1.6162338579854656,0.08376614201453436,0.04927420118502021,1
24688,8,31,1.8032258064516131,1.7194905834813268,0.08373522297028635,0.04643634905328938,1
24817,4,30,2.3466666666666662,2.2629610280195873,0.08370563864707892,0.03567001646892568,1
24817,8,31,1.4129032258064516,1.3296068314583072,0.0832963943481444,0.05895406905918896,1
25703,8,31,1.7322580645161292,1.6492388756044447,0.08301918891168447,0.047925416317732186,1
30372,6,30,1.1666666666666672,1.0837005901336672,0.08296607653300003,0.07111377988542857,1
29698,5,31,1.2161290322580647,1.1333751247775168,0.0827539074805479,0.0680469796259147,1
24507,9,30,1.0533333333333337,0.970599374373754,0.08273395895957969,0.07854489774643639,1
31873,5,31,1.1129032258064515,1.0303728595856696,0.08253036622078191,0.0741577203722968,1
24125,6,30,0.6366666666666669,0.5543772665659585,0.0822894001007084,0.12925036665032727,1
24908,4,30,2.4099999999999997,2.3280226203799246,0.08197737962007512,0.03401551021579881,1
21946,1,31,2.0322580645161294,1.9502915043984697,0.08196656011765979,0.04033275180392783,1
20891,1,31,1.887096774193549,1.8051594211209205,0.0819373530726284,0.043419793935922726,1
31088,12,31,1.3806451612903226,1.2990077049501478,0.08163745634017472,0.05912993333050038,1
28411,7,31,0.7161290322580645,0.63463741425545,0.08149161800261451,0.11379460171536261,1
24343,8,31,1.225806451612903,1.1443669165334394,0.08143953507946367,0.06643751545956247,1
23891,4,30,1.6600000000000001,1.5786136543750762,0.08138634562492397,0.04902791905115902,1
29866,5,17,1.1999999999999997,1.1186159021714155,0.08138409782858425,0.06782008152382021,1
29231,7,31,0.8677419354838714,0.7873836148169735,0.08035832066689785,0.09260624314772611,1
31088,1,31,1.016129032258065,0.9366119630875127,0.07951706917055223,0.07825489346943232,1
30521,5,31,1.670967741935484,1.5915762632123889,0.07939147872309515,0.047512274911504816,1
25551,3,31,3.4000000000000012,3.3206256774164014,0.07937432258359989,0.02334538899517643,1
29282,6,30,1.21,1.1308946100870765,0.07910538991292348,0.06537635529993677,1
24944,5,31,0.8774193548387096,0.7984908262568134,0.07892852858189614,0.08995530831024928,1
24641,12,31,2.270967741935483,2.192218694379253,0.0787490475562298,0.03467642719095348,1
28900,9,30,0.5266666666666668,0.4479282824198407,0.07873838424682617,0.14950326122815089,1
24738,7,31,1.1096774193548384,1.031305405401414,0.07837201395342452,0.07062594280686514,1
36034,5,31,1.561290322580645,1.4830112857203326,0.07827903686031235,0.0501373996419356,1
28900,3,31,0.7290322580645162,0.6508228976640007,0.07820936040051552,0.10727832621309649,1
21946,8,31,1.2935483870967743,1.215719864445348,0.07782852265142637,0.06016668833402038,1
31707,2,28,1.721428571428571,1.6438381229128154,0.0775904485157557,0.04507328959421494,1
24507,5,31,1.035483870967742,0.9580205663557975,0.07746330461194462,0.07480879884642626,1
22550,4,30,0.6066666666666669,0.5296689109007517,0.07699775576591517,0.12691937763612385,1
27333,8,31,1.3677419354838711,1.2910796257757367,0.07666230970813448,0.056050273607362464,1
24951,5,31,0.8516129032258066,0.7756293889014951,0.0759835143243115,0.08922306606263848,1
31960,3,31,1.3322580645161295,1.2564860734247392,0.07577199109139032,0.05687486014123727,1
30965,2,28,2.9142857142857146,2.838594709123884,0.07569100516183047,0.02597240373200065,1
26063,5,31,0.5677419354838711,0.4920731221475909,0.07566881333628017,0.13328029621731163,1
29866,7,30,0.8833333333333333,0.8086066055297854,0.07472672780354794,0.08459629562665805,1
24507,11,30,2.5366666666666666,2.462045152584712,0.07462151408195483,0.029417154040192444,1
30393,6,30,0.7766666666666667,0.7020495859781902,0.0746170806884765,0.09607349444868218,1
30925,5,31,1.1548387096774195,1.0803054467324287,0.07453326294499085,0.06453997629314849,1
30777,9,30,1.2633333333333334,1.1888564586639405,0.0744768746693929,0.058952671242263506,1
23891,6,30,1.0266666666666666,0.9523439884185791,0.07432267824808747,0.07239221907281247,1
28900,1,31,0.8225806451612903,0.749816405773163,0.07276423938812726,0.08845848709929197,1
28224,7,27,1.348148148148148,1.2756835725572375,0.07246457559091057,0.053751196180071036,1
30393,9,30,1.2433333333333332,1.1709778364499408,0.07235549688339238,0.058194769611307554,1
26063,2,28,0.6678571428571428,0.5957662258829389,0.07209091697420389,0.10794361899880797,1
28722,7,31,0.9225806451612901,0.8506180794008317,0.07196256576045845,0.0780013824676298,1
32098,2,28,2.060714285714286,1.988852839810508,0.07186144590377785,0.03487210546457157,1
29263,4,30,1.613333333333333,1.5415039189656574,0.07182941436767565,0.04452236427748491,1
30673,5,31,1.1741935483870967,1.1024624470741518,0.07173110131294491,0.061089674195090454,1
21982,12,31,1.4161290322580646,1.344521910144437,0.07160712211362763,0.05056539374766415,1
31004,9,30,1.3599999999999999,1.2884557643532752,0.07154423564672463,0.052606055622591644,1
30054,2,28,1.6392857142857145,1.5680508886064801,0.07123482567923434,0.04345479562131942,1
31707,6,30,0.7633333333333332,0.6923066075642904,0.07102672576904279,0.09304811236119144,1
31532,11,30,2.1066666666666665,2.0356406403581304,0.07102602630853605,0.03371488590595066,1
31168,12,31,1.8451612903225802,1.774375595584992,0.07078569473758822,0.038362876518622996,1
30230,11,30,1.3566666666666667,1.2858977106710274,0.07076895599563926,0.05216384962823532,1
37235,3,31,0.7161290322580646,0.6454415384800204,0.07068749377804417,0.09870776158195357,1
36034,4,30,1.48,1.4095266085863114,0.07047339141368858,0.04761715636060039,1
23921,8,31,1.1258064516129025,1.055373333346459,0.0704331182664435,0.06256236866073782,1
25551,8,31,1.6419354838709674,1.5715615733977288,0.0703739104732386,0.0428603384021689,1
30949,6,30,1.02,0.9500891971588136,0.06991080284118645,0.06854000278547691,1
29698,1,31,2.2677419354838704,2.1978568292433214,0.069885106240549,0.030817045426131146,1
25551,6,30,0.9266666666666666,0.8571149889628092,0.0695516777038574,0.07505576730632094,1
31369,6,30,1.32,1.2508375676472983,0.06916243235270181,0.052395782085380156,1
34172,4,30,1.73,1.6621252306302388,0.06787476936976122,0.03923397073396603,1
24738,8,31,1.0225806451612902,0.9548474527174425,0.06773319244384768,0.06623750680628639,1
23472,12,31,2.4967741935483865,2.429177111964071,0.06759708158431543,0.027073766526017815,1
34139,12,31,1.7000000000000004,1.6328539133552584,0.06714608664474198,0.0394976980263188,1
25703,5,31,1.1774193548387097,1.1103419600955897,0.06707739474312002,0.05696984211059508,1
24959,7,31,1.0741935483870961,1.0077274814728765,0.06646606691421963,0.06187531754777207,1
24688,7,31,1.5967741935483868,1.530706762498425,0.06606743104996182,0.04137556287977408,1
30823,2,28,1.4428571428571426,1.376818268639701,0.06603887421744159,0.045769516784365465,1
23884,7,31,1.0483870967741937,0.982493080631379,0.06589401614281476,0.06285275385930023,1
31510,5,31,0.8548387096774192,0.7890280600517025,0.0658106496257167,0.0769860429583856,1
20891,2,28,1.6535714285714282,1.5881417410714285,0.06542968749999978,0.03956870950323962,1
21946,9,30,0.8999999999999999,0.8346189688518643,0.06538103114813565,0.07264559016459517,1
24944,6,30,0.8533333333333333,0.7880426788330079,0.06529065450032534,0.07651248574256876,1
31168,10,31,1.4193548387096775,1.3543036060948528,0.0650512326148247,0.04583155025135377,1
22837,10,31,0.8903225806451612,0.8254726509413411,0.06484992970382009,0.07283868916008779,1
25703,7,31,1.3709677419354838,1.3067009249041153,0.0642668170313685,0.04687697242288055,1
28064,6,30,0.7499999999999997,0.6857782618204751,0.06422173817952459,0.08562898423936616,1
31594,3,31,2.1225806451612907,2.058418625689322,0.06416201947196853,0.030228307046064197,1
30823,9,30,0.8900000000000001,0.8258400313059487,0.06415996869405138,0.07208985246522627,1
28698,2,28,1.407142857142858,1.3430847465991977,0.06405811054366017,0.04552353033559604,1
30372,9,30,0.9766666666666667,0.9126260693867999,0.06404059727986677,0.06557057741965881,1
22550,7,31,0.5774193548387095,0.5135329831031065,0.06388637173560308,0.11064120244713384,1
22820,5,31,0.7741935483870968,0.7106819052850045,0.06351164310209223,0.08203587234020246,1
30230,7,31,0.6741935483870972,0.6107912002071259,0.06340234817997137,0.09404176045833068,1
30372,3,31,2.2322580645161296,2.1690561309937504,0.06320193352237924,0.02831300490164387,1
30521,1,31,1.7000000000000004,1.6370745012837071,0.06292549871629327,0.03701499924487839,1
24688,11,30,2.3600000000000003,2.297171783447266,0.06282821655273452,0.02662212565793835,1
22641,7,31,0.7935483870967742,0.7314053197060859,0.06214306739068831,0.07831036947607063,1
24343,7,30,0.9333333333333335,0.8713419596354165,0.06199137369791696,0.06641932896205388,1
24908,5,31,1.2516129032258065,1.1896690009101745,0.06194390231563207,0.049491262159396754,1
26063,11,30,0.42,0.35837362249692284,0.061626377503077145,0.14672947024542177,1
21982,2,28,1.2464285714285712,1.1848072733197892,0.06162129810878203,0.049438290746300774,1
31369,9,30,1.8700000000000006,1.8086089897155764,0.061391010284424175,0.03282941726439795,1
29612,7,31,0.6290322580645162,0.56852470521004,0.06050755285447629,0.09619149428147511,1
29263,5,31,1.3225806451612905,1.2622915175653273,0.060289127595963166,0.04558446232865507,1
30393,3,31,1.4516129032258067,1.3917737930051743,0.059839110220632374,0.04122249815199119,1
23405,1,31,1.5225806451612898,1.4629355799767279,0.05964506518456192,0.039173665693250426,1
23724,8,31,0.703225806451613,0.6437898082117881,0.05943599823982493,0.08451908006580608,1
30777,6,30,0.5266666666666665,0.46729611078898103,0.05937055587768547,0.11272890356522561,1
28661,4,30,0.6966666666666664,0.6379236046473183,0.05874306201934809,0.08432018471676762,1
24266,5,31,1.2483870967741937,1.1896562463814215,0.05873085039277215,0.04704538403555391,1
29866,12,31,2.0258064516129033,1.9673201818620003,0.058486269750902986,0.028870610864299245,1
31510,9,30,1.13,1.071676877339681,0.058323122660318916,0.051613382885237986,1
29698,7,31,1.0483870967741933,0.990252334840836,0.058134761933357315,0.05545161907489468,1
29698,6,30,1.0899999999999996,1.0318683497111,0.05813165028889955,0.05333178925587116,1
24951,3,31,2.648387096774194,2.590365763633482,0.058021333140712006,0.021908176947162874,1
31909,4,30,1.6866666666666665,1.6286470683415728,0.058019598325093735,0.034398971338988386,1
23884,2,28,2.142857142857143,2.0851910446371353,0.057666098220007456,0.02691084583600348,1
24817,5,31,1.0225806451612904,0.9649455798249091,0.0576350653363813,0.056362366732738804,1
36034,6,30,1.1800000000000002,1.1224323654174806,0.05756763458251957,0.04878613100213522,1
34172,1,30,1.7133333333333332,1.6558051792780555,0.05752815405527767,0.03357674361202977,1
29866,11,30,1.75,1.6925187720606727,0.057481227939327306,0.03284641596532989,1
30673,7,31,1.0516129032258066,0.9941339985016854,0.057478904724121205,0.05465785418551402,1
23631,5,31,1.1096774193548384,1.0522622077695787,0.05741521158525975,0.051740452300670134,1
24951,9,30,1.3299999999999998,1.2725956308841704,0.05740436911582947,0.043161179786337954,1
31253,6,30,0.7566666666666664,0.6993606758117676,0.057305990854898736,0.07573478967607765,1
29570,4,30,0.7766666666666667,0.7195594167212646,0.05710724994540217,0.07352864799837189,1
22583,8,31,0.7451612903225807,0.688060022169544,0.05710126815303673,0.07662940747810124,1
29838,7,31,1.2580645161290318,1.2009780514624808,0.057086464666550985,0.0453764206323867,1
28275,6,30,0.7533333333333336,0.6962880579630535,0.057045275370280146,0.0757238168632037,1
29231,4,30,1.2633333333333334,1.206355558981498,0.056977774351835375,0.045101140647890794,1
30393,7,31,0.8387096774193551,0.7818758072391635,0.05683387018019159,0.06776346059945919,1
28493,8,31,1.0548387096774197,0.9980120628110823,0.056826646866337316,0.053872356356466554,1
31369,7,31,1.0774193548387097,1.0207233305900327,0.056696024248676924,0.05262205843440074,1
30965,3,31,1.7935483870967746,1.7368739227614092,0.05667446433536538,0.031599071841660546,1
22550,6,30,0.7466666666666665,0.6904098320007325,0.05625683466593401,0.07534397499901878,1
28900,12,31,0.8516129032258064,0.7959061834119981,0.05570671981380826,0.0654131937207597,1
30252,6,30,0.8566666666666667,0.8012097104390461,0.05545695622762059,0.06473574656920691,1
28138,6,2,0.9000000000000012,0.8447431564331058,0.05525684356689542,0.06139649285210594,0
30823,1,31,2.1838709677419357,2.128890215966009,0.05498075177592687,0.025175824299168877,1
37235,1,31,0.6354838709677422,0.5806639906860166,0.054819880281725575,0.08626478623012651,1
24951,11,30,1.5733333333333335,1.5189274229605991,0.054405910372734345,0.0345800277792803,1
29430,4,30,0.4433333333333334,0.38927086909612013,0.05406246423721328,0.12194540805386453,1
23884,8,31,0.9,0.8459646901776715,0.054035309822328514,0.06003923313592057,1
30372,4,30,1.8033333333333337,1.7493552316228547,0.05397810171047901,0.029932403905995747,1
27459,10,31,0.964516129032258,0.9108308847873443,0.05368524424491372,0.05566028667532861,1
28661,9,30,0.8000000000000002,0.7463315343856812,0.05366846561431893,0.06708558201789865,1
31960,6,30,1.2,1.1463835334777832,0.053616466522216744,0.044680388768513955,1
24908,1,31,2.7645161290322586,2.7110300863942793,0.05348604263797929,0.01934734331128772,1
24951,8,31,1.1225806451612903,1.0691936554447297,0.05338698971656064,0.047557375896936205,1
31707,3,31,1.4161290322580646,1.3627825838904226,0.05334644836764202,0.037670612742526255,1
37031,6,30,0.73,0.6767945798238116,0.053205420176188345,0.07288413722765527,1
23205,10,31,0.7645161290322581,0.7113301323306175,0.05318599670164059,0.06956818133969866,1
31510,3,31,1.7322580645161287,1.6790946913162066,0.05316337319992215,0.030690215441295843,1
23711,3,31,0.9032258064516132,0.8500817783417239,0.053144028109889274,0.0588380311216631,1
24507,6,30,0.85,0.7971103191375734,0.052889680862426625,0.06222315395579603,1
31594,9,30,1.5266666666666666,1.4738769658406572,0.05278970082600942,0.034578406654591325,1
30925,8,31,0.9612903225806453,0.9085229996711979,0.05276732290944741,0.05489218155009629,1
31329,2,28,1.6607142857142863,1.6079976149967738,0.052716670717512404,0.031743371614846166,1
23711,4,30,0.9299999999999998,0.8773315535982449,0.05266844640175494,0.05663273806640318,1
22641,2,28,1.3000000000000003,1.2473384635789049,0.05266153642109539,0.040508874170073365,1
30636,8,31,0.9645161290322581,0.9125872212071572,0.051928907825100956,0.05383933587217824,1
29612,12,31,1.5096774193548386,1.4577828447664936,0.05189457458834501,0.0343746113726217,1
23324,6,30,0.9133333333333333,0.8615254163742067,0.051807916959126676,0.056723996670576655,1
36034,10,31,1.0903225806451615,1.0385971588473166,0.051725421797844895,0.04744047561340803,1
24266,9,30,1.5766666666666667,1.524964383641879,0.05170228302478774,0.03279214568168356,1
34009,12,31,0.7870967741935485,0.7356300726532936,0.0514667015402549,0.0653880224486845,1
34880,11,30,0.67,0.6187965097278355,0.05120349027216453,0.07642311980920079,1
30230,3,31,1.6935483870967742,1.6425633088234934,0.050985078273280804,0.030105474789937237,1
30673,3,31,2.132258064516128,2.0813583054369493,0.050899759079178875,0.023871293970568013,1
31168,9,30,1.6866666666666665,1.6357814725240074,0.05088519414265913,0.030169087436359168,1
30521,8,31,0.9193548387096776,0.8686863191666141,0.050668519543063506,0.055113126520525205,1
24817,6,30,1.1966666666666663,1.14609406153361,0.05057260513305639,0.042261229916203125,1
24266,7,31,1.3580645161290321,1.307623038753387,0.050441477375645194,0.037142180490380074,1
23724,6,30,0.8733333333333337,0.8231481552124026,0.05018517812093115,0.05746394441327992,1
25563,2,28,3.192857142857144,3.1427271706717357,0.05012997218540827,0.01570066242943435,1
27459,3,31,1.2838709677419355,1.233803436063951,0.05006753167798461,0.03899732366878198,1
32061,7,31,0.7161290322580643,0.6662135524134484,0.04991547984461597,0.06970179617941871,1
23631,12,31,1.0193548387096778,0.9697707206972184,0.04958411801245943,0.04864264741728613,1
29263,8,31,0.8354838709677421,0.7859620617282006,0.049521809239541525,0.05927320797010761,1
23891,5,31,1.3806451612903226,1.3312858243142405,0.04935933697608208,0.03575092164155478,1
30949,7,31,0.7935483870967738,0.7442271571005542,0.04932122999621957,0.062152769507431205,1
34861,11,30,0.7100000000000002,0.6607260127862294,0.04927398721377074,0.06939998199122638,1
31004,12,31,1.2935483870967734,1.2442947264640556,0.049253660632717855,0.03807639600035547,1
32061,12,31,1.4419354838709675,1.3927089869976044,0.04922649687336311,0.03413918127682901,1
30925,12,31,1.2741935483870968,1.2253227280032248,0.048870820383871916,0.03835431473164631,1
28698,12,31,1.006451612903226,0.9576524437435212,0.048799169159704725,0.04848635397278354,1
23711,2,28,1.0107142857142857,0.9620283603668216,0.048685925347464076,0.04816982013176658,1
22887,4,30,0.7300000000000001,0.6815238088369369,0.04847619116306323,0.06640574131926469,1
34391,2,28,1.0035714285714286,0.9551332092511334,0.04843821932029513,0.04826584131559657,1
22217,1,31,1.4096774193548387,1.3613317628060617,0.04834565654877698,0.034295545835516854,1
37031,9,30,0.606666666666667,0.5584035364786786,0.048263130187988446,0.0795546101999809,1
31909,1,31,1.7548387096774194,1.7065910431646532,0.04824766651276624,0.02749407466720135,1
24908,3,31,2.519354838709678,2.4711300896060084,0.048224749103669584,0.019141705790188947,1
23955,5,31,1.6419354838709679,1.5938914883521293,0.048043995518838534,0.029260586661768062,1
25563,8,31,1.6096774193548389,1.561638404477027,0.048039014877811814,0.02984387697819972,1
31004,3,31,1.6645161290322579,1.6165637846915952,0.047952344340662645,0.028808578964351593,1
24944,8,31,0.8870967741935484,0.8391536897228611,0.04794308447068729,0.0540449315851384,1
24951,7,31,1.0419354838709673,0.9945491667716736,0.04738631709929375,0.045479127866195256,1
37235,12,31,0.9032258064516128,0.8561862285098721,0.04703957794174063,0.052079532721212844,1
22602,2,28,1.0464285714285715,0.9999106941478592,0.04651787728071233,0.0444539441590425,1
24959,3,31,2.3677419354838714,2.321295412125126,0.04644652335874522,0.019616379075219365,1
24908,8,31,0.9258064516129035,0.8794948208716609,0.04631163074124267,0.050023015783223775,1
23933,6,30,0.8866666666666665,0.8403782876332601,0.046288379033406435,0.05220493875948095,1
24738,9,30,1.0599999999999998,1.0137522840499877,0.04624771595001209,0.043629920707558584,1
23631,8,31,1.0419354838709676,0.9957932472229003,0.04614223664806727,0.04428511876439893,1
31388,11,30,1.8166666666666667,1.7708699258168537,0.045796740849813,0.025209215146686056,1
30949,9,30,1.143333333333333,1.0975425414244335,0.045790791908899564,0.04005025531390633,1
30673,6,30,0.7566666666666669,0.7109758631388347,0.04569080352783228,0.06038432184295013,1
24951,6,30,1.0366666666666664,0.9910557746887206,0.04561089197794577,0.043997644994803,1
31329,10,31,0.8,0.754432276660396,0.045567723339604016,0.05695965417450502,1
20891,7,31,1.2612903225806449,1.2157540229059036,0.045536299674741265,0.0361029485912271,1
27947,6,30,0.5400000000000001,0.49481672922770187,0.04518327077229828,0.08367272365240419,1
31388,5,31,0.8612903225806451,0.8162629773539881,0.04502734522665697,0.05227894015080023,1
30252,9,30,0.9033333333333334,0.85850980758667,0.044823525746663484,0.0496201392029485,1
30965,10,31,1.4096774193548387,1.3652746136270224,0.0444028057278163,0.031498557838954354,1
32098,3,31,2.103225806451613,2.058903462848356,0.04432234360325715,0.02107350692792901,1
23472,8,31,1.1709677419354838,1.1267790455971993,0.04418869633828448,0.03773690320900328,1
32389,12,31,1.7838709677419355,1.739698455602892,0.044172512139043496,0.024762167745214256,1
23933,8,31,0.7161290322580643,0.6719726070280997,0.04415642522996466,0.06165987306886958,1
29698,9,30,1.0066666666666666,0.9625194072723388,0.04414725939432784,0.04385489343807402,1
27459,12,31,1.6387096774193548,1.5945731349649932,0.044136542454361605,0.02693371685207106,1
23891,8,31,1.0225806451612904,0.9786336222002583,0.043947022961032145,0.042976583968201774,1
31915,12,31,1.9612903225806453,1.917367605240114,0.043922717340531214,0.02239480653875769,1
24266,6,30,1.4466666666666668,1.402945362726847,0.04372130393981988,0.03022209949757134,1
24959,5,31,0.9225806451612903,0.8788819682213569,0.043698676939933456,0.04736569878104675,1
29838,10,31,1.3548387096774193,1.3113360334788597,0.04350267619855952,0.032109118146555836,1
25551,7,31,1.3645161290322583,1.3214110589796502,0.04310507005260811,0.03159000405746693,1
29282,5,31,1.1903225806451612,1.1472202762480703,0.04310230439709084,0.03621060803007632,1
31088,9,30,0.9366666666666662,0.8936092706521352,0.04305739601453096,0.04596875019344945,1
27333,11,30,0.6733333333333333,0.6305618979533513,0.04277143537998207,0.06352193373264664,1
30393,12,31,1.6645161290322574,1.6219015859788466,0.042614543053410836,0.02560176036154528,1
30372,2,28,3.0285714285714285,2.9860250541142057,0.04254637445722276,0.014048331188705628,1
24266,4,30,2.4533333333333327,2.4109007434050245,0.04243258992830823,0.017295892633821294,1
30636,4,30,1.3066666666666669,1.2642740712563199,0.04239259541034701,0.03244331281404107,1
27947,8,31,0.8580645161290323,0.8157141900831657,0.04235032604586664,0.049355643136160365,1
28440,4,30,0.6600000000000001,0.6176971810062726,0.042302818993727564,0.0640951802935266,1
30949,8,31,0.7419354838709676,0.6998899582893617,0.0420455255816059,0.056670056218686225,1
36034,9,30,1.0999999999999999,1.0580695009231569,0.041930499076842986,0.03811863552440272,1
30758,1,31,1.5451612903225806,1.5032446768976024,0.04191661342497821,0.02712766213307567,1
34139,10,31,0.9451612903225809,0.9034101109350882,0.04175117938749273,0.04417360276492404,1
31594,6,30,0.7933333333333336,0.7516461499532066,0.041687183380127,0.05254686980688276,1
22837,2,28,1.6214285714285712,1.5797446855476924,0.04168388588087879,0.025708123450762253,1
30965,9,30,1.2100000000000002,1.1687000902493796,0.04129990975062059,0.0341321568186947,1
31960,10,31,1.7,1.6590931527076225,0.04090684729237748,0.024062851348457343,1
30949,10,31,1.2677419354838708,1.2268405698480143,0.04090136563585656,0.03226316373311841,1
29282,1,31,1.6903225806451614,1.6496149432274598,0.04070763741770156,0.02408276259444176,1
31168,3,31,1.4612903225806453,1.4205891463064375,0.04070117627420777,0.027852902086102447,1
28434,4,30,0.7999999999999999,0.7594603025913238,0.040539697408676134,0.050674621760845175,1
23472,7,31,1.0967741935483875,1.0563450413365516,0.04042915221183585,0.03686187407549738,1
31873,3,31,1.4903225806451614,1.4502081274986263,0.04011445314653517,0.026916624405683768,1
24641,5,31,1.0064516129032257,0.9663487576669262,0.04010285523629953,0.03984578565145146,1
30054,10,31,0.8677419354838709,0.827690361103704,0.04005157438016693,0.04615608943439312,1
31594,4,30,1.6333333333333333,1.5933858427281182,0.039947490605215075,0.024457647309315354,1
31369,3,31,2.0290322580645164,1.989149510475897,0.03988274758861943,0.019656044121577138,1
30925,7,31,0.7935483870967743,0.754010385082614,0.039538002014160356,0.04982431148125897,1
30393,5,31,0.7838709677419355,0.7444921831930836,0.03937878454885191,0.0502363095067658,1
24343,9,30,1.2799999999999996,1.2406959007183709,0.0393040992816287,0.030706327563772434,1
23933,7,31,0.7193548387096769,0.6800815766857515,0.03927326202392534,0.054595117611734814,1
32061,1,30,2.113333333333333,2.074085292816162,0.03924804051717068,0.018571628004970357,1
31416,9,30,1.4600000000000002,1.4208051522572838,0.03919484774271642,0.02684578612514823,1
29866,9,30,1.6833333333333333,1.6441622575124104,0.03917107582092294,0.02326994603223145,1
31915,5,31,0.8483870967741934,0.8092217045445597,0.03916539222963378,0.04616453076496758,1
29612,4,30,0.7733333333333332,0.7342647908131283,0.03906854252020486,0.050519667051989056,1
31960,11,30,1.4666666666666666,1.4276762521266937,0.03899041453997287,0.026584373549981506,1
30777,7,31,0.8387096774193548,0.7998085391136909,0.038901138305663885,0.04638212644136848,1
28224,10,31,0.8451612903225805,0.8064134545864596,0.03874783573612084,0.045846675870982685,1
30925,1,31,1.3451612903225811,1.3064385014195594,0.03872278890302172,0.028786725563397432,1
30673,8,31,1.0870967741935484,1.0484219212685861,0.03867485292496231,0.03557627420397126,1
23884,9,30,0.6033333333333334,0.5648496373494464,0.03848369598388701,0.0637851314650061,1
29430,6,30,0.6666666666666664,0.6282620302836099,0.03840463638305647,0.05760695457458472,1
32098,9,30,1.2266666666666668,1.18832213083903,0.03834453582763686,0.03125913246818222,1
20891,8,31,0.8677419354838709,0.8294387032908778,0.03830323219299314,0.04414127130047537,1
31510,4,30,1.2133333333333336,1.1751765813430153,0.038156751990318316,0.03144787251949311,1
30965,8,31,0.8870967741935482,0.8489727389427923,0.038124035250755806,0.0429761851917611,1
31960,4,30,0.9400000000000001,0.9020716822147369,0.03792831778526318,0.04034927423964167,1
23891,7,31,0.9709677419354844,0.9330891332318706,0.037878608703613814,0.03901119168810723,1
29612,3,31,0.9903225806451617,0.9525106331994455,0.03781194744571614,0.03818144530349186,1
31909,12,31,1.7677419354838713,1.7300454908801663,0.037696444603704915,0.021324631071438907,1
31329,5,31,0.8000000000000002,0.7625854967101928,0.03741450328980733,0.04676812911225916,1
31873,11,30,1.4566666666666668,1.4192912374561029,0.037375429210563915,0.025658189389403143,1
23955,6,30,1.1533333333333333,1.1161734549204507,0.037159878412882597,0.032219547756834624,1
30372,10,31,1.2225806451612906,1.185489400452183,0.03709124470910763,0.030338485118267446,1
23884,3,31,1.3838709677419354,1.346889138221741,0.036981829520194465,0.026723466553054277,1
30925,9,30,0.8699999999999998,0.8330377165476481,0.03696228345235164,0.04248538327856512,1
31510,6,30,0.6266666666666666,0.5899052111307779,0.03676145553588872,0.05866189713173733,1
31873,12,31,2.1258064516129034,2.0890886010662197,0.03671785054668364,0.017272433489335246,1
28138,3,26,0.8692307692307693,0.8325171537124193,0.03671361551834995,0.04223690280872118,1
30054,4,30,1.16,1.123290651986996,0.03670934801300385,0.03164598966638263,1
31329,3,31,1.1419354838709677,1.1054106252808726,0.03652485859009502,0.03198504565799282,1
28900,6,30,0.5166666666666672,0.4802064895629888,0.03646017710367838,0.0705680847167968,1
37235,11,30,0.5099999999999999,0.473615335363429,0.03638466463657092,0.07134247967955083,1
21946,5,31,1.2000000000000002,1.1637932896614076,0.036206710338592574,0.030172258615493806,1
23405,10,31,0.635483870967742,0.5992861170922557,0.036197753875486294,0.05696093249442005,1
31004,4,30,2.093333333333333,2.057417897631725,0.03591543570160782,0.01715705527146871,1
24507,8,31,1.2483870967741935,1.2124957576874766,0.03589133908671682,0.02875016826067756,1
24966,3,28,2.982142857142857,2.9462776626859393,0.03586519445691794,0.012026652033457512,1
32411,3,31,1.8967741935483868,1.8609708928292799,0.03580330071910698,0.01887588983490334,1
34123,9,30,0.5000000000000001,0.4642708905537922,0.035729109446207885,0.07145821889241576,1
22602,12,31,1.0354838709677414,0.9997871644073913,0.03569670656035007,0.03447345493367142,1
29838,1,31,2.106451612903226,2.0709755436066657,0.03547606929656011,0.01684162554660587,1
31329,9,30,0.7000000000000001,0.6646130259831747,0.035386974016825334,0.05055282002403619,1
29570,7,31,0.6032258064516133,0.5679509193666521,0.03527488708496118,0.05847708554191422,1
23921,7,31,0.967741935483871,0.932522706062563,0.03521922942130795,0.03639320373535155,1
24343,5,30,0.7333333333333332,0.698177546262741,0.03515578707059219,0.047939709641716635,1
25551,4,30,2.2333333333333334,2.198190814057986,0.03514251927534717,0.015735456391946494,1
24266,8,31,1.5354838709677423,1.5004385148325274,0.03504535613521487,0.022823656306547493,1
24688,3,31,3.0548387096774197,3.019955715056388,0.03488299462103184,0.011418931713326155,1
29612,2,28,1.7821428571428568,1.7473661669663019,0.034776690176554936,0.0195139744477663,1
28493,12,31,1.1258064516129034,1.091176113966973,0.03463033764593049,0.030760471834494124,1
30636,2,28,3.103571428571429,3.0692059550966535,0.03436547347477559,0.011072879830767737,1
32165,9,30,0.49333333333333307,0.45933173497517904,0.03400159835815403,0.06892215883409604,1
34391,10,31,0.7548387096774193,0.720860102099757,0.033978607577662245,0.045014394654167934,1
30393,11,30,1.573333333333333,1.5394055843353271,0.03392774899800588,0.021564247244495266,1
31253,9,30,0.98,0.9462196175257365,0.033780382474263515,0.03446977803496277,1
31388,4,30,0.8466666666666668,0.8129926140978931,0.03367405256877365,0.03977250303398462,1
23804,2,28,0.671428571428571,0.6378423265048434,0.03358624492372764,0.05002206690767949,1
30521,7,31,0.7516129032258073,0.7182462261569118,0.03336667706889551,0.044393433010118444,1
23405,6,30,0.956666666666667,0.9235095500946044,0.03315711657206255,0.034659006869751784,1
24959,9,30,0.9799999999999999,0.9471911986668905,0.03280880133310937,0.033478368707254465,1
31532,9,30,1.0166666666666666,0.9839268557230632,0.03273981094360345,0.03220309273141324,1
36034,8,31,0.8870967741935485,0.8544590488556895,0.032637725337859025,0.03679161765358653,1
30777,1,31,1.3806451612903232,1.3484090743526334,0.03223608693768987,0.023348567641784706,1
30823,7,31,0.5612903225806449,0.5291579400339431,0.03213238254670181,0.05724734821538831,1
30823,3,31,1.3354838709677417,1.303369543052489,0.032114327915252705,0.02404696051625203,1
23205,12,31,1.3322580645161295,1.3001618723715511,0.03209619214457837,0.02409157279617262,1
31416,6,30,1.5833333333333337,1.5513452657063802,0.0319880676269535,0.02020299008018115,1
29570,5,31,0.9387096774193548,0.9068964312153478,0.03181324620400705,0.03389039973622744,1
24343,4,30,1.6700000000000004,1.6383078543345133,0.03169214566548706,0.01897733273382458,1
32061,10,31,1.1677419354838707,1.1361394443819604,0.03160249110191038,0.02706290674472989,1
28698,5,31,0.7548387096774194,0.723276150611139,0.03156255906628036,0.04181364662626885,1
30758,3,31,1.1870967741935485,1.1555487060258467,0.03154806816770184,0.026575818293444478,1
26258,9,30,0.49666666666666676,0.4651731491088868,0.03149351755777996,0.06340976689485897,1
32098,11,30,1.736666666666667,1.705416961349547,0.031249705317120124,0.017994072159570124,1
28138,10,31,2.0129032258064514,1.9817167693568813,0.031186456449570077,0.01549327163360052,1
31168,11,30,1.65,1.618940288871527,0.031059711128472944,0.018824067350589665,1
28064,10,31,0.738709677419355,0.7079525028505632,0.03075717456879179,0.041636349852949575,1
31960,2,28,1.7500000000000004,1.7192619523831778,0.03073804761682264,0.01756459863818436,1
24959,8,31,0.9870967741935482,0.9563652653847969,0.030731508808751307,0.031133227878146753,1
22887,7,31,0.6677419354838714,0.6371041697840538,0.030637765699817576,0.04588264428475093,1
21946,4,30,2.4133333333333336,2.382827882766724,0.030505450566609582,0.012640380069037118,1
25703,11,30,2.9133333333333336,2.882923897107442,0.03040943622589154,0.010438021587834623,1
31369,10,31,1.3451612903225807,1.3147689099273372,0.0303923803952435,0.02259385592931771,1
29838,2,28,2.292857142857143,2.262777582236699,0.030079560620444035,0.013118811485551914,1
29263,6,30,0.9266666666666662,0.8965993881225585,0.030067278544107734,0.03244670346486448,1
22837,5,31,1.4322580645161294,1.4023293072177518,0.029928757298377517,0.020896204420038353,1
31416,11,30,2.1533333333333338,2.1234957615534467,0.029837571779887107,0.013856457482919707,1
22583,11,30,0.8866666666666668,0.8568351205438376,0.029831546122829233,0.0336446008904089,1
27199,8,31,0.6645161290322581,0.6348324375767862,0.029683691455471894,0.04466963277279751,1
31510,12,31,1.1483870967741943,1.1187091027536702,0.029677994020524068,0.025843197040343976,1
30521,11,30,1.2966666666666669,1.2671921968460085,0.029474469820658378,0.02273095358919669,1
23921,3,31,1.267741935483871,1.238488109001229,0.029253826482642076,0.02307553742905609,1
33008,1,31,0.41290322580645145,0.3836983449156245,0.029204880890826956,0.07073057090747156,1
23724,4,30,0.8500000000000001,0.8208782607316969,0.029121739268303193,0.034260869727415516,1
29838,4,30,1.3766666666666665,1.347612427075704,0.02905423959096254,0.021104774521280296,1
31532,6,30,0.9866666666666669,0.9578413263956708,0.028825340270996147,0.029214871896279873,1
32061,4,30,1.4433333333333331,1.4145878940820695,0.028745439251263605,0.019916008719120283,1
29698,10,31,1.3290322580645162,1.3002881475393813,0.028744110525134925,0.021627850152407344,1
22837,3,31,1.4161290322580646,1.387409074123829,0.028719958134235668,0.020280608249688057,1
29231,8,31,0.9645161290322578,0.9358018382903067,0.028714290741951087,0.029770669331119864,1
23955,4,30,1.1299999999999997,1.1013970142602922,0.02860298573970743,0.025312376760803043,1
31416,3,31,2.3258064516129036,2.297437651984153,0.028368799628750718,0.01219740344648089,1
23205,9,30,0.5266666666666666,0.49841869354248053,0.028247973124186088,0.05363539200794827,1
31915,8,31,0.5451612903225811,0.5169143553703062,0.028246934952274927,0.05181390435032675,1
30758,5,31,0.703225806451613,0.6750130222689724,0.028212784182640616,0.040119096773479766,1
31168,1,31,1.1774193548387093,1.1494075898201235,0.02801176501858582,0.023790814125374267,1
31168,8,31,0.8677419354838707,0.8400100400370938,0.0277318954467769,0.03195868992007748,1
37235,2,28,0.85,0.8223292370459864,0.027670762954013606,0.03255383876942777,1
37031,2,28,0.8892857142857142,0.8616210750171117,0.02766463926860252,0.03110883130605906,1
32165,11,30,0.89,0.8623505226771037,0.027649477322896354,0.031066828452692534,1
23955,11,30,1.6666666666666667,1.6391860908518234,0.02748057581484331,0.016488345488905987,1
23205,4,30,1.0633333333333332,1.0359537239869436,0.02737960934638961,0.02574884891509995,1
31004,5,31,0.8935483870967742,0.8662865334941494,0.027261853602624786,0.03050965565636709,1
37031,12,31,0.7096774193548389,0.6824969521453303,0.027180467209508508,0.03829974924976198,1
31594,2,28,2.3857142857142857,2.3585418019975934,0.02717248371669223,0.01138966383334405,1
30393,10,31,1.2806451612903227,1.2535591237968011,0.027086037493521564,0.02115030635514278,1
28224,5,31,1.0548387096774199,1.0278691814791776,0.026969528198242276,0.02556744263441927,1
37031,11,30,0.7099999999999999,0.6832315870126089,0.026768412987390966,0.03770199012308587,1
24944,4,30,1.5233333333333332,1.4965963344400126,0.026736998893320596,0.017551640411370195,1
31707,10,31,1.5935483870967742,1.5668155623059117,0.026732824790862475,0.01677565928171532,1
31416,8,31,0.6322580645161289,0.6056967212307834,0.02656134328534543,0.04201028784927084,1
28138,11,30,2.6466666666666674,2.6201211674014724,0.026545499265195005,0.010029785616572418,1
30636,1,30,2.666666666666666,2.640202808380126,0.026463858286540187,0.009923946857452572,1
24738,4,30,1.4666666666666666,1.4402045080065726,0.026462158660093937,0.018042380904609506,1
24688,4,30,2.516666666666667,2.490225626031558,0.026441040635109214,0.010506373762295051,1
28138,12,31,2.6741935483870964,2.6477554440498356,0.026438104337260793,0.009886384010314652,1
28722,6,30,0.9599999999999996,0.9337452379862464,0.026254762013753208,0.027348710430992934,1
27947,2,21,1.3761904761904762,1.350176644325256,0.026013831865220105,0.01890278440033295,1
30777,3,31,1.532258064516129,1.5062448311236596,0.026013233392469415,0.016977057582453724,1
25551,5,31,0.825806451612903,0.7998155127609929,0.02599093885191006,0.03147340251598485,1
23921,1,30,2.253333333333333,2.2273445812861126,0.025988752047220398,0.011533469843441007,1
31873,9,30,1.1133333333333333,1.0877184104919435,0.025614922841389776,0.023007415725799202,1
30949,2,28,2.0785714285714287,2.0531066860471454,0.025464742524283324,0.012251078877662079,1
23921,12,31,2.919354838709677,2.8939885293283774,0.02536630938129969,0.008689012053262878,1
25563,9,30,1.4266666666666667,1.401388323853413,0.025278342813253696,0.017718464588729225,1
32165,10,31,0.8322580645161292,0.8074552382192305,0.024802826296898672,0.02980184555053716,1
24966,10,30,1.25,1.2255772229660944,0.024422777033905607,0.019538221627124486,1
23933,3,31,1.0032258064516126,0.9789920408999726,0.02423376555164003,0.02415584347591129,1
31873,6,30,0.7066666666666669,0.6824775632222494,0.024189103444417492,0.03422986336474172,1
28661,10,31,0.9419354838709676,0.9177847929298877,0.02415069094107991,0.02563943216347525,1
28275,3,31,1.1709677419354838,1.1468606218214958,0.024107120113987968,0.0205873477557473,1
31253,4,30,1.54,1.5159760053952536,0.024023994604746468,0.015599996496588615,1
29282,10,31,1.1451612903225805,1.1211903573043884,0.023970933018192087,0.020932364044055064,1
30636,5,31,0.9645161290322581,0.9405693361836095,0.023946792848648646,0.02482777853873271,1
32165,12,31,1.0677419354838709,1.0439055161130044,0.023836419370866446,0.02232413898782054,1
23631,7,31,0.8516129032258064,0.8278577558455926,0.02375514738021378,0.027894301847978305,1
22550,10,31,0.40322580645161266,0.3795123719399976,0.02371343451161506,0.058809317588805386,1
30555,10,31,9.687096774193549,9.663394040446127,0.023702733747422045,0.0024468356515820293,1
32061,8,31,0.6677419354838711,0.6440866531864289,0.02365528229744218,0.035425785083125966,1
35121,6,30,0.876666666666667,0.8530565134684244,0.023610153198242667,0.026931733686208353,1
29612,6,30,0.8566666666666667,0.8332495562235512,0.023417110443115452,0.02733514837717757,1
23418,1,30,2.2333333333333334,2.2100595347086585,0.023273798624674935,0.010421103861794746,1
33008,7,31,0.6645161290322582,0.6412748275264618,0.023241301505796397,0.03497477411066447,1
27199,3,31,1.096774193548387,1.0735627648330504,0.023211428715336657,0.02116336147574813,1
31707,5,31,0.8645161290322582,0.8413210591962259,0.023195069836032256,0.026830118093917905,1
31915,3,31,1.5064516129032257,1.4833983767897851,0.023053236113440567,0.015303004700570827,1
31369,11,30,1.4699999999999998,1.4470276508728663,0.022972349127133418,0.01562744838580505,1
30636,12,31,2.0193548387096776,1.996399653342462,0.022955185367215636,0.01136758380804608,1
23631,10,31,0.8483870967741935,0.8254670950674243,0.022920001706769222,0.027015971593530263,1
32098,12,31,2.532258064516129,2.5098022044666353,0.022455860049493737,0.008867919255214088,1
22550,5,31,0.7838709677419357,0.761473443431239,0.022397524310696637,0.028572973400477184,1
29430,1,31,0.8774193548387098,0.8551321152717836,0.022287239566926242,0.025400898035835052,1
30949,1,31,1.9870967741935481,1.96485899033085,0.022237783862698146,0.011191092528305887,1
31909,6,30,1.2400000000000004,1.2179406547546383,0.022059345245362127,0.017789794552711388,1
29231,10,31,1.0290322580645164,1.0070047984200141,0.022027459644502256,0.021405995265817233,1
33008,5,31,0.49999999999999994,0.47800152993971295,0.02199847006028699,0.04399694012057399,1
30777,5,31,1.1516129032258065,1.129654464414043,0.021958438811763514,0.01906755190937448,1
23955,8,31,0.7903225806451615,0.7684053759421074,0.021917204703054027,0.027731973297741824,1
34172,10,31,0.8193548387096774,0.7977401271943124,0.02161471151536498,0.026380159723476945,1
25703,9,30,1.4633333333333332,1.4418513877193133,0.021481945614019837,0.014680145066528365,1
24507,2,28,3.2357142857142853,3.214441803523473,0.021272482190812347,0.006574277056763199,1
34391,11,30,0.6599999999999999,0.6387396589914958,0.021260341008504158,0.03221263789167297,1
28275,7,31,0.7677419354838712,0.7465274564681516,0.0212144790157196,0.027632304600307037,1
31088,7,31,0.5774193548387094,0.5562405678533737,0.021178786985335707,0.03667834617572107,1
34009,2,21,2.1904761904761902,2.169309833787736,0.021166356688454346,0.009662901966468289,1
34861,12,31,0.6096774193548387,0.5885419693685346,0.02113544998630401,0.03466661108864679,1
30636,10,31,1.2129032258064516,1.1917985890180833,0.02110463678836827,0.01740009947977171,1
22887,11,30,1.0500000000000003,1.028938721915086,0.021061278084914203,0.020058360080870665,1
34391,1,31,1.5451612903225806,1.5241580941984727,0.021003196124107948,0.013592882669046897,1
22583,6,30,0.8666666666666666,0.8457599004109702,0.02090676625569643,0.024123191833495882,1
32165,4,30,0.7766666666666666,0.7559191635747751,0.02074750309189155,0.026713523294280967,1
28275,12,31,1.3645161290322576,1.3437720233394248,0.020744105692832804,0.015202536086946031,1
30555,12,31,9.14516129032258,9.12442664867267,0.020734641649909236,0.002267280039319881,1
29698,3,31,2.203225806451613,2.182677883102048,0.0205479233495649,0.009326290246508228,1
31960,5,31,1.135483870967742,1.1150249173564297,0.020458953611312225,0.018017828464507925,1
28275,9,30,0.7400000000000002,0.7195664374033609,0.02043356259663931,0.02761292242789095,1
28722,9,30,0.9333333333333333,0.9129862467447917,0.020347086588541674,0.02180044991629465,1
30710,3,31,1.12258064516129,1.1022678619911594,0.020312783170130633,0.0180947206400589,1
23205,2,28,1.2499999999999996,1.229920629092625,0.02007937090737455,0.016063496725899646,1
22550,11,30,0.7733333333333333,0.7533189903448025,0.020014342988530776,0.02588061593344497,1
30252,4,30,1.9166666666666672,1.8966523265838624,0.020014340082804782,0.010442264391028579,1
31909,10,31,1.5645161290322582,1.544512850046158,0.020003278986100215,0.012785601001424878,1
31909,8,31,0.7580645161290321,0.7381816617904168,0.019882854338615363,0.02622844614881176,1
32061,5,31,1.1290322580645162,1.1091915004195703,0.019840757644945972,0.017573242485523572,1
34824,6,30,0.7400000000000002,0.7207039006551106,0.019296099344889628,0.026075809925526515,1
31004,1,31,1.4354838709677415,1.4162379480177354,0.019245922950006156,0.013407272167420022,1
24966,7,31,1.2709677419354843,1.2517966978011594,0.01917104413432491,0.015083816450864772,1
28698,3,31,1.1903225806451612,1.1712450958067373,0.019077484838423864,0.016027155284312734,1
32411,4,30,1.353333333333333,1.3342898958921436,0.019043437441189415,0.014071505498415826,1
34824,10,31,0.6516129032258062,0.6326053157929449,0.01900758743286135,0.029170059921717922,1
21982,7,31,0.7064516129032257,0.6875440459097584,0.018907566993467295,0.026764135926825857,1
24507,4,30,1.9433333333333331,1.9244524886210759,0.01888084471225726,0.009715700538039758,1
23891,2,28,2.132142857142857,2.11330829007285,0.01883456707000697,0.008833632796653185,1
28275,11,30,1.1166666666666667,1.0978716038943581,0.01879506277230858,0.016831399497589772,1
28722,12,31,0.9580645161290322,0.9392821892615285,0.018782326867503696,0.01960444891894325,1
22887,10,31,0.6677419354838708,0.6490345089666305,0.018707426517240333,0.02801595275528746,1
30372,5,31,0.7580645161290323,0.7394911066178353,0.018573409511196903,0.024501093397749106,1
29570,6,30,0.8400000000000002,0.8215304183959962,0.018469581604004026,0.021987597147623834,1
26477,12,31,0.4870967741935487,0.46865637725399406,0.018440396939554626,0.03785776855140351,1
29231,6,30,1.2699999999999998,1.2517961057027178,0.018203894297281975,0.014333775037229903,1
34824,1,31,0.7225806451612904,0.704451455031672,0.018129190129618444,0.02508950419723981,1
28064,4,30,0.85,0.831925137837728,0.018074862162271943,0.021264543720319933,1
30555,11,30,11.613333333333333,11.595406208609543,0.017927124723790655,0.001543667456124339,1
31088,11,30,1.6266666666666665,1.6088296278317775,0.017837038834888963,0.010965392726366168,1
34123,1,31,0.5000000000000001,0.48216653944503884,0.017833460554961267,0.03566692110992253,1
23955,9,30,0.6666666666666666,0.6489469528198242,0.017719713846842455,0.026579570770263683,1
31088,4,30,1.0433333333333334,1.0259325376152992,0.017400795718034212,0.016678078962972086,1
34646,2,21,1.4142857142857141,1.3968981291566576,0.017387585129056582,0.01229425211145415,1
27459,4,30,0.6166666666666667,0.599406038125356,0.01726062854131072,0.02799020844536873,1
23205,11,30,1.7966666666666664,1.7794148558378216,0.01725181082884486,0.009602121055015693,1
31707,1,31,1.6935483870967742,1.6763638834799492,0.017184503616824998,0.01014704023088714,1
23472,5,31,1.0419354838709673,1.0249624011978027,0.016973082673164663,0.016289955506752468,1
32389,4,30,0.7666666666666667,0.7497400043408076,0.016926662325859154,0.022078255207642374,1
22217,10,31,0.4387096774193549,0.42179218213404396,0.016917495285310946,0.03856193778269406,1
23891,10,31,0.9354838709677422,0.9186033367629975,0.016880534204744668,0.018044708977485675,1
21982,6,30,1.0333333333333332,1.016586336940527,0.01674699639280619,0.01620677070271567,1
23955,10,31,1.0935483870967742,1.0768108732037005,0.016737513893073652,0.015305691170657323,1
30393,2,28,1.2642857142857145,1.2477114677429202,0.01657424654279427,0.01310957353667343,1
28434,3,31,1.5161290322580643,1.4996183524689368,0.016510679789127458,0.010890022839637262,1
27595,11,30,0.7899999999999999,0.7735827610641718,0.016417238935828138,0.020781315108643214,1
23955,7,31,0.9935483870967742,0.9772036029446508,0.01634478415212337,0.016450919114150146,1
32411,12,31,1.9806451612903222,1.9644219631148927,0.0162231981754295,0.008190865528311312,1
31909,5,31,0.7806451612903227,0.7644531557636877,0.016192005526635023,0.02074182526139197,1
27648,11,30,0.8999999999999999,0.8839235126723844,0.016076487327615463,0.017862763697350518,1
32098,4,30,1.0066666666666666,0.9906065914531549,0.016060075213511715,0.01595371709951495,1
23724,9,30,0.7800000000000001,0.7640688012043636,0.015931198795636536,0.020424613840559658,1
34824,9,30,0.6766666666666665,0.6607571156819659,0.015909550984700593,0.023511651701527976,1
23711,1,31,1.4258064516129039,1.4099185325445671,0.015887919068336753,0.011143110658788216,1
28411,12,31,1.3451612903225807,1.3293213198261877,0.015839970496392963,0.011775517635208198,1
31510,8,31,0.6161290322580647,0.6003131497290831,0.015815882528981584,0.02566975698421094,1
31510,1,31,0.9709677419354835,0.9551546527493382,0.015813089186145324,0.016285905806329076,1
22550,3,31,1.058064516129032,1.0422543329577292,0.015810183171302894,0.014942551167999689,1
34861,10,31,0.5258064516129034,0.5104490283996829,0.015357423213220533,0.029207369301216955,1
32389,11,30,1.4066666666666667,1.3913993974278371,0.015267269238829595,0.010853508937556584,1
28224,4,30,0.6900000000000001,0.674735775788625,0.015264224211375077,0.022122064074456632,1
31915,6,30,0.4933333333333335,0.478073736826579,0.015259596506754514,0.030931614540718598,1
22583,7,31,0.7064516129032258,0.6912254948769846,0.015226118026241187,0.021552952457236384,1
31088,8,31,0.8193548387096777,0.8043677114671276,0.014987127242550136,0.018291375768466695,1
22602,1,31,0.8516129032258064,0.8368165216258455,0.014796381599960884,0.01737453899995407,1
27612,3,31,0.396774193548387,0.3820764738225168,0.014697719725870195,0.03704303345544522,1
30673,1,31,1.7677419354838708,1.7532040749826738,0.014537860501196986,0.008223972181334062,1
23724,11,30,1.436666666666667,1.4222113377600911,0.01445532890657586,0.010061713856085282,1
28440,10,31,0.7032258064516129,0.6888111079892805,0.014414698462332454,0.02049796570331679,1
23804,10,31,0.5967741935483872,0.5825041746660587,0.014270018882328483,0.023911923532550425,1
29612,10,31,0.8096774193548387,0.7956435391979833,0.014033880156855472,0.01733268067181353,1
30054,5,31,0.6806451612903228,0.6666514100566986,0.01399375123362423,0.02055953972712564,1
22113,6,30,0.5700000000000001,0.556014731725057,0.013985268274943063,0.024535558377093092,1
31388,2,28,1.6178571428571433,1.6042803457805093,0.013576797076634062,0.008391839252665644,1
29612,8,31,0.6838709677419356,0.6703739781533519,0.013496989588583697,0.019736164021042196,1
28224,11,30,0.8966666666666667,0.883182310859362,0.013484355807304671,0.015038315026733832,1
27823,2,28,1.1857142857142855,1.1723516901688915,0.013362595545393985,0.011269658893705773,1
30252,5,31,1.0064516129032262,0.9931312145725373,0.013320398330688876,0.013235011161902404,1
28064,7,31,0.7129032258064517,0.6995934947844473,0.01330973102200439,0.018669758447155477,1
31532,3,31,1.8580645161290323,1.84482170151126,0.013242814617772325,0.007127209256092744,1
23921,6,30,0.7666666666666667,0.7535877100626628,0.013078956604003933,0.01705950861391817,1
31873,2,28,1.7214285714285718,1.7083830748285571,0.013045496600014639,0.00757829678009149,1
23418,10,31,0.6903225806451613,0.6773572640072915,0.012965316637869817,0.01878153344738151,1
24817,2,28,1.9428571428571424,1.929912825993129,0.012944316864013317,0.006662516032948033,1
26258,8,31,0.4225806451612903,0.40963807259836477,0.012942572562925525,0.030627461790129106,1
22550,9,30,0.4866666666666666,0.4739103937149049,0.012756272951761682,0.02621151976389387,1
23933,12,31,1.5161290322580643,1.5034760625131667,0.012652969744897602,0.008345575789187782,1
32411,9,30,1.1966666666666665,1.184173199335734,0.012493467330932484,0.01044022339632241,1
27947,12,31,1.093548387096774,1.0811195012782853,0.012428885818488666,0.011365647798617958,1
34123,12,31,0.5838709677419355,0.571910560515619,0.011960407226316527,0.020484675359989633,1
29430,12,31,0.8709677419354838,0.8594027415398628,0.011565000395620917,0.013278333787564758,1
30758,4,30,0.7533333333333334,0.7417869560521407,0.011546377281192677,0.015327049488308861,1
24951,12,31,2.258064516129033,2.2465223373905308,0.011542178738502162,0.005111536298479527,1
32389,2,28,1.8714285714285717,1.859949547052383,0.01147902437618864,0.00613382981933744,1
23804,1,31,0.9709677419354839,0.9595496300728091,0.011418111862674718,0.011759517200761337,1
29430,10,31,0.5774193548387099,0.5660846107429076,0.011334744095802263,0.019630003741333522,1
37031,10,31,0.6548387096774193,0.6435041550667054,0.011334554610713865,0.01730892576020344,1
23933,9,30,0.6133333333333333,0.6020385869344076,0.011294746398925692,0.01841534738955276,1
29430,2,28,0.7249999999999995,0.7137419113091056,0.011258088690893953,0.015528398194336497,1
23921,10,31,0.9806451612903226,0.9695679588663962,0.011077202423926402,0.011295831419135476,1
37031,3,31,0.5354838709677417,0.5244846693931086,0.010999201574633188,0.020540677639375237,1
31532,10,31,1.1419354838709677,1.1309555786751933,0.010979905195774409,0.009615171216638607,1
31004,11,30,1.2366666666666668,1.225740063985189,0.010926602681477826,0.008835527774779913,1
28064,2,28,0.9571428571428571,0.9464392381055013,0.010703619037355727,0.011182885561416432,1
28493,2,28,1.5035714285714286,1.493017883811678,0.010553544759750455,0.007018984638313842,1
23884,4,30,1.29,1.2795256996154787,0.010474300384521351,0.008119612701179342,1
24966,6,30,1.1466666666666663,1.136322727203369,0.010343939463297369,0.009020877438922128,1
30230,8,31,0.5806451612903227,0.5704035666681105,0.010241594622212191,0.017638301849365434,1
27037,3,31,0.9419354838709679,0.9317414291969113,0.010194054674056652,0.010822455304649183,1
30965,11,30,1.7533333333333334,1.7431579399108885,0.01017539342244489,0.00580345632458834,1
32061,9,30,1.1866666666666668,1.1766082700093585,0.010058396657308233,0.008476176958405813,1
28661,3,31,0.7483870967741935,0.7384961700727862,0.009890926701407232,0.013216324471707942,1
34163,10,31,1.4258064516129036,1.4160886795290053,0.009717772083898346,0.006815632004544087,1
24944,7,31,1.135483870967742,1.125906458208638,0.009577412759103954,0.008434653282165413,1
29282,8,31,0.7774193548387099,0.7679498180266349,0.009469536812075074,0.012180731998934739,1
28434,12,31,1.9193548387096775,1.9100578492687592,0.00929698944091828,0.004843809624680112,1
34123,3,31,0.6419354838709679,0.6328504920967163,0.009084991774251594,0.014152499748834138,1
36034,3,31,1.690322580645161,1.6812713783114188,0.009051202333742125,0.005354718937900877,1
30949,3,31,1.3322580645161293,1.3232310477764375,0.009027016739691751,0.006775726850616083,1
31594,11,30,1.7133333333333334,1.7043586778640747,0.008974655469258686,0.005238125760267715,1
23631,6,30,0.9400000000000002,0.9311235427856447,0.008876457214355482,0.009443039589739874,1
24951,10,31,0.7741935483870965,0.7654862657670052,0.00870728262009135,0.011246906717617997,1
30636,3,31,1.6935483870967747,1.6848730925590762,0.008675294537698441,0.005122554869879078,1
23631,4,30,0.7033333333333333,0.694660116111239,0.008673217222094243,0.012331588467432575,1
30521,4,30,1.1699999999999997,1.1614138710250457,0.008586128974954033,0.007338571773464987,1
29698,11,30,1.4466666666666668,1.4380808311700823,0.008585835496584426,0.005934909329436239,1
23921,5,31,0.835483870967742,0.8270811850024807,0.00840268596526128,0.010057268915949795,1
23405,11,30,0.9966666666666665,0.9882777623832223,0.008388904283444187,0.00841696081950922,1
32165,5,31,0.7677419354838709,0.7594514885256369,0.008290446958233999,0.010798481332153529,1
23418,2,28,1.5357142857142854,1.5274470703942435,0.00826721532004182,0.005383302999097001,1
28900,4,30,0.6466666666666666,0.6385918275515239,0.008074839115142729,0.012486864611045458,1
34123,11,30,0.6533333333333334,0.6453029321630795,0.008030401170253887,0.012291430362633499,1
23933,10,31,0.7129032258064519,0.7048880444418999,0.008015181364552038,0.011243014583760771,1
27612,9,30,0.2566666666666667,0.24870789845784513,0.007958768208821576,0.031008187826577563,1
22583,1,31,1.4741935483870967,1.4663527641565566,0.007840784230540132,0.005318693898178208,1
31329,11,30,1.2333333333333338,1.2256754370530447,0.007657896280289123,0.006209105092126313,1
34123,2,28,0.9964285714285712,0.9888438262045381,0.007584745224033074,0.007611930690785882,1
30252,8,31,0.7161290322580647,0.7086070829822172,0.007521949275847484,0.010503622862669907,1
32098,5,31,0.9,0.8927119112783861,0.007288088721613906,0.008097876357348785,1
26063,12,31,0.5903225806451613,0.5830481866915379,0.007274393953623393,0.012322743855864763,1
23804,3,31,0.7000000000000001,0.6928376486224513,0.007162351377548726,0.010231930539355321,1
28434,1,30,1.7533333333333334,1.746330553690593,0.00700277964274032,0.003993980784832882,1
30054,8,31,0.6580645161290325,0.651285756018854,0.006778760110178528,0.01030105703017325,1
29282,11,30,1.3266666666666667,1.3199089526012537,0.006757714065412923,0.005093754320663007,1
32389,10,31,0.532258064516129,0.5255200127440113,0.006738051772117726,0.01265936999609997,1
23884,5,31,1.1645161290322579,1.157792129055146,0.006723999977111816,0.005774072002505993,1
23324,11,30,1.6066666666666662,1.599951962133249,0.006714704533417271,0.004179276680550169,1
31416,2,28,2.1,2.093299354825701,0.006700645174299247,0.0031907834163329746,1
29231,9,30,0.8300000000000002,0.8233883460362753,0.006611653963724873,0.00796584814906611,1
37472,4,30,0.5633333333333332,0.5569393444061277,0.006393988927205552,0.011350276202140035,1
31909,9,30,0.9566666666666668,0.9503986485799153,0.006268018086751481,0.006551935282318621,1
28722,11,30,0.73,0.7242394055922825,0.005760594407717479,0.00789122521605134,1
32098,8,31,0.6096774193548387,0.6039959446076425,0.005681474747196158,0.009318821013919626,1
23418,4,30,0.8833333333333334,0.8777432986100513,0.005590034723282122,0.0063283411961684395,1
22641,8,31,0.7451612903225809,0.7396345569241431,0.005526733398437789,0.007416828370197895,1
31369,8,31,0.6677419354838712,0.6623641106390183,0.00537782484485283,0.008053747352195056,1
28434,10,31,1.064516129032258,1.0591911199592776,0.005325009072980391,0.005002281250375519,1
27199,11,30,0.7533333333333334,0.7480220338205499,0.005311299512783529,0.0070503975833409675,1
27333,4,9,0.5444444444444444,0.5391359700096978,0.0053084744347465795,0.009750259165861065,0
28493,10,31,0.6161290322580646,0.6108439528173015,0.005285079440763063,0.008577877626369369,1
28900,10,31,0.6129032258064516,0.6076508656624823,0.005252360143969348,0.008569640234897357,1
34861,9,30,0.49333333333333323,0.4881545035044352,0.005178829828898057,0.010497628031550119,1
27333,3,28,0.9928571428571429,0.9878689369985034,0.004988205858639461,0.005024092231723198,1
34880,12,31,0.5612903225806453,0.556446772236978,0.004843550343667236,0.00862931383067151,1
31004,8,31,0.761290322580645,0.7564518682418333,0.004838454338811693,0.006355596800981462,1
31369,12,31,2.3451612903225802,2.3403294286420264,0.004831861680553828,0.002060353673963806,1
23418,6,30,0.8866666666666667,0.8820760440826417,0.004590622584024984,0.0051773938917575,1
30521,10,31,1.4935483870967745,1.4891911041352057,0.004357282961568787,0.002917403278804155,1
23804,11,30,0.9333333333333333,0.9290365368314085,0.004296796501924827,0.0046037105377766,1
30230,2,28,2.4607142857142854,2.4566270726067674,0.0040872131075180285,0.0016609864587881686,1
28275,8,31,0.6096774193548387,0.6055981789865799,0.004079240368258796,0.006690817535239296,1
31168,5,31,0.6258064516129032,0.6217582099139691,0.00404824169893403,0.006468839828193553,1
27648,2,28,1.6392857142857136,1.6353864848613735,0.003899229424340067,0.002378614899379563,1
30054,11,30,1.28,1.276164579788844,0.0038354202111561264,0.0029964220399657238,1
28493,4,30,0.9599999999999996,0.9561666107177734,0.0038333892822262072,0.0039931138356523,1
31707,9,30,0.973333333333333,0.9695949681599937,0.003738365173339364,0.0038407861369924986,1
22550,12,31,0.8870967741935483,0.8833989451008458,0.0036978290927024426,0.004168461886319118,1
23418,11,30,1.726666666666667,1.723150010406971,0.003516656259695994,0.002036673509476444,1
30965,12,31,2.1387096774193552,2.135251980443155,0.003457696976200353,0.0016167210597618539,1
22583,10,31,0.5870967741935482,0.5836811896293392,0.0034155845642089844,0.005817753928048272,1
31915,11,30,1.3733333333333335,1.3701221967488526,0.0032111365844809114,0.0023382062508356147,1
30758,9,30,0.8600000000000001,0.8568508513768515,0.0031491486231486343,0.003661800724591435,1
28411,8,31,0.9935483870967745,0.9907272831086191,0.0028211039881553823,0.0028394228452213255,1
27648,12,31,1.0290322580645161,1.0264771596077948,0.0025550984567213053,0.0024830110394470366,1
31253,5,31,1.0999999999999999,1.097466394978185,0.0025336050218147665,0.002303277292558879,1
24738,3,31,1.503225806451613,1.5007303545551915,0.00249545189642153,0.0016600645662890004,1
28064,3,31,0.9645161290322578,0.9621885408316888,0.0023275882005689974,0.002413218535706988,1
24817,10,31,1.1935483870967742,1.1913876806536028,0.002160706443171456,0.0018103216145490578,1
37031,1,31,0.6870967741935484,0.6852043455646883,0.0018924286288600767,0.0027542388495146656,1
28064,5,31,1.0419354838709678,1.0401184143558626,0.0018170695151051852,0.0017439366863238619,1
37472,11,30,0.6366666666666667,0.63502636273702,0.001640303929646758,0.0025763936067750124,1
31253,11,30,1.6366666666666665,1.6351251244544982,0.0015415422121682898,0.0009418791520376517,1
30777,8,31,0.6870967741935484,0.6855735840335971,0.001523190159951282,0.0022168495285675937,1
29430,3,31,0.5677419354838711,0.5663032438485852,0.0014386916352858714,0.0025340591303330685,1
31416,10,31,1.2354838709677416,1.2340496724651704,0.0014341985025712045,0.0011608395190524114,1
23472,10,31,0.8806451612903227,0.8793466475221419,0.0012985137681807979,0.001474502813685155,1
34880,1,31,0.6483870967741935,0.647119599560486,0.001267497213707447,0.0019548464490015353,1
27037,12,31,1.0290322580645161,1.027862758021201,0.0011695000433151748,0.0011365047442874739,1
34009,11,30,0.6333333333333333,0.6322742808858555,0.0010590524474778373,0.0016721880749650064,1
26477,3,31,0.37096774193548376,0.3701072621730066,0.0008604797624771621,0.002319554142329742,1
30393,4,30,1.6566666666666665,1.6558397237459817,0.0008269429206848589,0.0004991607167111825,1
23418,8,31,0.703225806451613,0.702497479223436,0.0007283272281770614,0.001035694682270133,1
27823,11,30,0.7899999999999997,0.7893612984816232,0.0006387015183765277,0.0008084829346538328,1
32061,6,30,0.9966666666666667,0.9961310418446858,0.0005356248219808846,0.0005374162093453691,1
30925,6,30,0.9500000000000001,0.9495714537302654,0.00042854626973465315,0.00045110133656279275,1
23418,5,31,0.9483870967741937,0.9481783386199706,0.00020875815422316535,0.00022011914220809947,1
31510,11,30,1.1166666666666667,1.1165283685922622,0.00013829807440446373,0.00012384902185474364,1
32411,1,31,1.7677419354838708,1.7676318230167511,0.00011011246711967182,6.228989928302603e-05,1
31004,10,31,0.9419354838709676,0.9418803749305585,5.510894040905434e-05,5.8506066872626196e-05,1
34163,11,30,0.8466666666666665,0.8468237369755907,-0.00015707030892420093,0.0,1
30252,2,28,2.892857142857142,2.893031787872314,-0.00017464501517228115,0.0,1
30925,3,31,1.8354838709677421,1.8357916381961155,-0.0003077672283733346,0.0,1
34009,8,31,0.7870967741935485,0.7874685225948209,-0.00037174840127240927,0.0,1
28722,1,31,0.9129032258064516,0.9134741806214857,-0.0005709548150341082,0.0,1
29698,8,31,0.7064516129032259,0.7070819608626828,-0.0006303479594569339,0.0,1
31168,4,30,0.8666666666666667,0.8674049375175187,-0.0007382708508519853,0.0,1
31168,6,30,0.8900000000000001,0.8909084224700927,-0.0009084224700925958,0.0,1
31532,7,31,0.7935483870967742,0.7944955641223539,-0.0009471770255796708,0.0,1
24944,2,28,1.285714285714286,1.2867236818586079,-0.001009396144321828,0.0,1
23205,6,30,0.9833333333333331,0.9843569684028625,-0.001023635069529405,0.0,1
22641,5,31,0.8000000000000002,0.8010273246995866,-0.0010273246995864405,0.0,1
28722,4,30,0.6066666666666666,0.6077950000762938,-0.001128333409627258,0.0,1
34009,10,31,1.0064516129032257,1.0077139223775557,-0.0012623094743300367,0.0,1
23933,4,30,0.6599999999999999,0.6613348122934503,-0.0013348122934503381,0.0,1
23405,4,30,0.9366666666666668,0.9380970749258996,-0.001430408259232796,0.0,1
31416,7,31,1.1000000000000003,1.1014531227850148,-0.0014531227850145267,0.0,1
31510,2,28,1.4821428571428572,1.4837574447904314,-0.0016145876475741616,0.0,1
31088,10,31,0.8064516129032256,0.8082708757971564,-0.001819262893930751,0.0,1
23324,2,28,1.7535714285714288,1.7556068761008128,-0.0020354475293840046,0.0,1
22583,3,31,1.0709677419354837,1.0730239145217404,-0.002056172586256677,0.0,1
30758,12,31,1.8354838709677417,1.8376108200319352,-0.0021269490641935285,0.0,1
34824,11,30,0.8166666666666667,0.8189128729701044,-0.0022462063034377477,0.0,1
34824,2,28,0.8642857142857141,0.8666737880025593,-0.0023880737168452404,0.0,1
28224,12,31,1.2580645161290323,1.260488394191188,-0.0024238780621557154,0.0,1
30521,2,28,2.0642857142857145,2.066757011413574,-0.0024712971278595397,0.0,1
31594,1,31,1.9096774193548383,1.912611893684633,-0.0029344743297947673,0.0,1
24908,10,31,1.3677419354838711,1.370737875445235,-0.002995939961363936,0.0,1
23955,2,28,1.9571428571428573,1.9602819681167603,-0.003139110973902959,0.0,1
25703,4,30,2.186666666666666,2.1898317368825273,-0.00316507021586121,0.0,1
22802,5,31,0.38387096774193546,0.3871917924573344,-0.0033208247153989623,0.0,1
22217,4,30,0.2833333333333333,0.28683317705988876,-0.0034998437265554294,0.0,1
31253,10,31,1.006451612903226,1.0100047968087655,-0.003553183905539603,0.0,1
28411,11,30,0.9599999999999999,0.9636143263181051,-0.00361432631810521,0.0,1
22217,2,28,1.3785714285714286,1.3822118691035679,-0.0036404405321392996,0.0,1
31909,2,28,1.6321428571428576,1.6358632887879918,-0.003720431645134248,0.0,1
31088,2,28,1.1642857142857141,1.1680643388203211,-0.003778624534606978,0.0,1
31253,7,31,0.7064516129032256,0.7103880420807871,-0.00393642917756154,0.0,1
29263,9,30,0.7833333333333338,0.7873538732528687,-0.004020539919534882,0.0,1
22802,12,31,0.5387096774193547,0.5428401134187174,-0.004130435999362692,0.0,1
27333,10,31,0.8000000000000004,0.8041522770158706,-0.004152277015870176,0.0,1
28493,11,30,1.0266666666666666,1.0309359111388523,-0.004269244472185685,0.0,1
31388,7,31,0.9516129032258065,0.9559860844765944,-0.004373181250787894,0.0,1
24959,10,31,0.9580645161290322,0.9625726058598487,-0.004508089730816511,0.0,1
22113,8,31,0.5580645161290324,0.5625976377917874,-0.004533121662754991,0.0,1
32411,11,30,1.3333333333333333,1.338015772302945,-0.004682438969611846,0.0,1
23724,7,31,0.625806451612903,0.6305356548678489,-0.004729203254945857,0.0,1
29570,10,31,1.167741935483871,1.1725156017849523,-0.004773666301081336,0.0,1
20891,5,31,0.9903225806451614,0.9952031266785438,-0.004880546033382394,0.0,1
31510,10,31,0.8451612903225806,0.8501127965988651,-0.00495150627628449,0.0,1
31594,8,31,0.7225806451612906,0.7277418567288306,-0.005161211567540014,0.0,1
23324,10,31,0.6258064516129032,0.6310434966678581,-0.005237045054954925,0.0,1
23405,5,31,0.7419354838709677,0.7471917901788988,-0.005256306307931058,0.0,1
34824,4,30,0.6466666666666666,0.6519580936431885,-0.005291426976521851,0.0,1
30965,6,30,1.1266666666666674,1.1320293935139978,-0.005362726847330412,0.0,1
32389,3,31,1.3935483870967742,1.3990116238594055,-0.005463236762631274,0.0,1
34391,12,31,1.2161290322580642,1.2217131792056943,-0.0055841469476300976,0.0,1
22641,1,31,1.2387096774193551,1.2443037250349598,-0.005594047615604669,0.0,1
30925,10,31,1.0032258064516129,1.0088558636365397,-0.005630057184926818,0.0,1
29282,4,30,1.2599999999999996,1.2658869750673574,-0.0058869750673578025,0.0,1
27612,5,31,0.36451612903225816,0.37041093149492826,-0.005894802462670101,0.0,1
25563,3,31,3.809677419354838,3.8157753298359536,-0.0060979104811154095,0.0,1
27823,3,31,0.7967741935483871,0.8030954065822786,-0.006321213033891548,0.0,1
31369,5,31,0.7354838709677418,0.7418826005872219,-0.00639872961948007,0.0,1
32389,7,31,0.5161290322580647,0.5225356378862936,-0.006406605628228923,0.0,1
27947,10,31,1.2258064516129032,1.2323570874429517,-0.006550635830048446,0.0,1
22641,12,31,1.4709677419354836,1.4775276191772952,-0.006559877241811618,0.0,1
29231,2,28,2.4357142857142855,2.442280874933515,-0.0065665892192297015,0.0,1
30252,11,30,1.863333333333333,1.869935974677404,-0.006602641344070959,0.0,1
31873,8,31,0.6903225806451615,0.6969272059779015,-0.006604625332739977,0.0,1
34880,9,30,0.33666666666666684,0.3432721964518227,-0.006605529785155884,0.0,1
23472,9,30,0.8133333333333332,0.8199688200155894,-0.006635486682256109,0.0,1
37472,2,28,1.0,1.006663535854646,-0.006663535854646074,0.0,1
25551,9,30,1.3900000000000001,1.396725555260976,-0.006725555260975957,0.0,1
27199,7,31,0.6129032258064521,0.6197615038964056,-0.00685827808995354,0.0,1
27459,8,31,0.7967741935483872,0.8037921905517578,-0.00701799700337058,0.0,1
31088,5,31,0.7225806451612904,0.7296585437751587,-0.007077898613868316,0.0,1
23804,6,30,0.586666666666667,0.593971144358317,-0.007304477691649991,0.0,1
25703,3,31,2.8032258064516133,2.8105730179817443,-0.007347211530130959,0.0,1
24125,8,31,1.0193548387096774,1.0268061791696852,-0.007451340460007838,0.0,1
22802,8,31,0.29032258064516125,0.2978000025595387,-0.007477421914377447,0.0,1
21982,5,31,0.9419354838709678,0.9494190785192673,-0.0074835946482995075,0.0,1
31909,7,31,0.7322580645161291,0.739772021385931,-0.007513956869801941,0.0,1
32165,2,28,1.0035714285714286,1.0112645379134586,-0.007693109342030047,0.0,1
34391,3,31,0.6774193548387097,0.6852779988379728,-0.00785864399926306,0.0,1
31253,3,31,1.2064516129032257,1.2144302340284472,-0.007978621125221519,0.0,1
29263,3,31,1.4,1.4081015823348877,-0.00810158233488778,0.0,1
34824,3,31,0.5935483870967743,0.6016525895364823,-0.008104202439707997,0.0,1
30673,12,31,2.0903225806451617,2.0984724721600934,-0.008149891514931618,0.0,1
28275,4,30,1.1133333333333333,1.121486808458964,-0.008153475125630694,0.0,1
27199,4,30,0.6533333333333332,0.6617572625478106,-0.008423929214477432,0.0,1
32389,1,31,2.1580645161290324,2.1666647772635184,-0.008600261134485976,0.0,1
31088,3,31,1.2548387096774194,1.2637012697035266,-0.008862560026107191,0.0,1
32098,7,31,0.9419354838709676,0.9508288291192822,-0.008893345248314644,0.0,1
32411,5,31,0.8225806451612903,0.8315473545943536,-0.008966709433063325,0.0,1
27823,6,30,0.5333333333333331,0.5425638707478841,-0.009230537414551043,0.0,1
25551,11,30,3.2833333333333328,3.2925925366083786,-0.009259203275045813,0.0,1
27823,10,31,0.6741935483870969,0.6835969472123731,-0.009403398825276188,0.0,1
22802,11,30,0.23666666666666666,0.2461926809946696,-0.00952601432800293,0.0,1
22887,6,30,0.7233333333333334,0.7328837076822919,-0.009550374348958557,0.0,1
24641,6,30,1.1833333333333333,1.1933008130391436,-0.009967479705810245,0.0,1
22602,6,30,0.42999999999999977,0.43997739791870116,-0.009977397918701392,0.0,1
23724,5,31,0.7806451612903228,0.7906284939858225,-0.00998333269549967,0.0,1
24266,10,31,2.1064516129032262,2.1164387046329436,-0.009987091729717346,0.0,1
22837,12,31,1.4903225806451614,1.500377842110972,-0.010055261465810483,0.0,1
31253,2,28,1.7999999999999996,1.8101083619253975,-0.01010836192539788,0.0,1
26063,9,30,0.49,0.5001658089955646,-0.01016580899556463,0.0,1
22820,3,31,0.6290322580645161,0.6392222216052394,-0.010189963540723324,0.0,1
23724,1,31,2.2483870967741932,2.2586597073462698,-0.010272610572076513,0.0,1
30965,1,31,1.8193548387096776,1.8297296216410976,-0.010374782931420024,0.0,1
26258,12,31,1.474193548387097,1.4846601232886318,-0.010466574901534909,0.0,1
24944,3,31,1.4709677419354843,1.4816980777248256,-0.01073033578934135,0.0,1
31915,9,30,1.0633333333333332,1.0741232299804688,-0.010789896647135588,0.0,1
24343,10,31,1.067741935483871,1.0785707396845663,-0.010828804200695208,0.0,1
30252,3,31,2.2129032258064516,2.223812872363675,-0.010909646557223596,0.0,1
31253,1,31,1.3612903225806439,1.3722504646547373,-0.01096014207409346,0.0,1
30521,3,31,1.5,1.5109754946924023,-0.010975494692402332,0.0,1
30393,8,31,0.7903225806451611,0.801346905000748,-0.011024324355586868,0.0,1
27595,10,31,0.6774193548387094,0.6885132349306535,-0.01109388009194412,0.0,1
34123,5,31,0.7999999999999999,0.8112270478279358,-0.011227047827935821,0.0,1
27595,7,31,0.37741935483870975,0.3886855586882563,-0.011266203849546574,0.0,1
23804,5,31,0.7838709677419354,0.7952624843966578,-0.011391516654722378,0.0,1
22641,4,30,0.5599999999999999,0.5714223356296618,-0.011422335629661884,0.0,1
36034,7,31,1.0032258064516133,1.0149858966950451,-0.011760090243431831,0.0,1
23472,4,30,1.686666666666667,1.6984452489018442,-0.011778582235177248,0.0,1
23418,7,31,0.7354838709677416,0.7472737896826958,-0.011789918714954162,0.0,1
28698,10,31,0.7129032258064514,0.724743742135263,-0.011840516328811668,0.0,1
28661,12,31,0.8903225806451615,0.9021725637297477,-0.01184998308458629,0.0,1
31004,2,28,1.1500000000000001,1.161951228550502,-0.011951228550501902,0.0,1
29698,12,31,1.4709677419354836,1.482946864903093,-0.01197912296760939,0.0,1
29866,1,20,1.825,1.8370636689662938,-0.01206366896629385,0.0,1
29430,11,30,0.693333333333333,0.7054750058054923,-0.012141672472159248,0.0,1
21982,9,30,0.8200000000000001,0.8321536475419998,-0.012153647541999768,0.0,1
22583,4,30,0.7500000000000002,0.7627330799897512,-0.012733079989750928,0.0,1
28661,1,31,1.1290322580645156,1.1419813371473746,-0.012949079082859027,0.0,1
31909,11,30,1.2633333333333334,1.2763578311602273,-0.013024497826893855,0.0,1
31532,8,31,0.896774193548387,0.9099510192871094,-0.013176825738722364,0.0,1
23711,12,31,0.9096774193548387,0.9229295792118194,-0.013252159856980694,0.0,1
22641,10,31,0.6483870967741936,0.6617070737384981,-0.013319976964304536,0.0,1
23933,2,28,1.0000000000000004,1.0135635571820396,-0.013563557182039165,0.0,1
29231,3,31,0.9999999999999999,1.0136977428390133,-0.013697742839013372,0.0,1
34123,10,31,0.7419354838709676,0.755708489494939,-0.013773005623971324,0.0,1
23921,11,30,1.9433333333333336,1.957243239581585,-0.013909906248251502,0.0,1
30372,8,31,0.7451612903225806,0.7593414552750124,-0.014180164952431795,0.0,1
28138,4,27,0.7222222222222222,0.736483909410459,-0.014261687188236838,0.0,1
27199,10,31,0.7483870967741935,0.7626760260712715,-0.014288929297078035,0.0,1
31909,3,31,1.4516129032258065,1.4660077534856335,-0.014394850259827008,0.0,1
29282,3,31,1.3903225806451613,1.404765434803501,-0.01444285415833968,0.0,1
28493,3,31,1.093548387096774,1.1081356329302634,-0.01458724583348947,0.0,1
22820,12,31,0.4322580645161291,0.44698581426374384,-0.01472774974761476,0.0,1
23884,6,30,0.9999999999999999,1.0147504901885986,-0.014750490188598753,0.0,1
23711,6,30,0.9033333333333335,0.9181208642323812,-0.014787530899047607,0.0,1
23324,8,31,0.5709677419354839,0.5858553609540385,-0.01488761901855451,0.0,1
27612,1,31,0.4516129032258064,0.4666133790727584,-0.015000475846952022,0.0,1
28275,10,31,0.7774193548387097,0.7925948481405934,-0.015175493301883725,0.0,1
24738,10,31,0.7967741935483872,0.812061649296553,-0.015287455748165812,0.0,1
24343,3,31,1.8032258064516127,1.8185521218084513,-0.015326315356838593,0.0,1
31004,6,30,1.0333333333333334,1.0489689445495605,-0.01563561121622703,0.0,1
23405,3,31,0.9483870967741935,0.9641161045720499,-0.015729007797856354,0.0,1
23804,7,31,0.5387096774193552,0.5545831434188352,-0.01587346599948003,0.0,1
28434,5,31,1.138709677419355,1.1545978053923576,-0.01588812797300254,0.0,1
34163,2,21,1.2571428571428573,1.2730856267114479,-0.01594276956859053,0.0,1
31369,2,28,1.589285714285714,1.6052992139543807,-0.01601349966866672,0.0,1
34172,8,31,0.658064516129032,0.6740910068635017,-0.0160264907344696,0.0,1
23804,8,31,0.47419354838709693,0.4902625853015532,-0.01606903691445627,0.0,1
30054,6,30,0.5833333333333329,0.5994432131449382,-0.016109879811605277,0.0,1
30949,12,31,2.1741935483870964,2.1903526444588937,-0.01615909607179722,0.0,1
24641,2,28,1.4678571428571432,1.4840562956673757,-0.016199152810232542,0.0,1
23405,8,31,0.5838709677419354,0.6001351171924221,-0.01626414945048671,0.0,1
31532,2,28,2.7642857142857147,2.7805938652583535,-0.016308150972638824,0.0,1
20891,6,30,0.98,0.9964869983990987,-0.01648699839909873,0.0,1
24908,11,30,2.2066666666666666,2.2233657900492347,-0.016699123382568182,0.0,1
34163,3,30,0.8233333333333335,0.8401351045072079,-0.01680177117387438,0.0,1
29866,10,31,1.3741935483870968,1.39104667094446,-0.016853122557363154,0.0,1
25703,10,31,1.8290322580645162,1.846166868171384,-0.017134610106867898,0.0,1
29263,1,30,1.766666666666667,1.7843035888671877,-0.0176369222005206,0.0,1
28064,8,31,0.5774193548387097,0.59506468003796,-0.017645325199250328,0.0,1
28224,3,31,0.7483870967741939,0.7660613450311847,-0.01767424825699082,0.0,1
31168,2,28,1.7214285714285715,1.7391345569065635,-0.01770598547799196,0.0,1
31088,6,30,0.6733333333333335,0.6910536050796507,-0.017720271746317295,0.0,1
28698,8,31,0.5645161290322576,0.5823800117738783,-0.017863882741620762,0.0,1
30230,10,31,0.9645161290322581,0.9824290848547411,-0.01791295582248298,0.0,1
27037,11,30,0.5366666666666667,0.5546259131034216,-0.01795924643675484,0.0,1
30925,11,30,1.3166666666666667,1.3346927246451377,-0.01802605797847101,0.0,1
30758,8,31,0.3935483870967741,0.41163117808680366,-0.018082790990029574,0.0,1
36034,12,31,1.8870967741935485,1.905459201335907,-0.018362427142358584,0.0,1
23472,11,30,1.6233333333333333,1.6417281752824782,-0.01839484194914487,0.0,1
22602,4,30,0.24333333333333332,0.26184596275289856,-0.018512629419565246,0.0,1
26258,10,31,0.5129032258064518,0.5315346410197596,-0.0186314152133078,0.0,1
22217,3,31,0.7161290322580648,0.7350978983986763,-0.01896886614061155,0.0,1
23724,3,31,0.8580645161290321,0.8771400602113817,-0.01907554408234957,0.0,1
28722,2,28,0.625,0.6441721745899746,-0.019172174589974555,0.0,1
22802,10,31,0.26451612903225813,0.2837828466969151,-0.019266717664656985,0.0,1
27612,8,31,0.3548387096774193,0.3742467141920521,-0.01940800451463276,0.0,1
23631,3,31,1.2612903225806453,1.2807079353640156,-0.019417612783370286,0.0,1
24507,3,31,1.935483870967742,1.9549323974117154,-0.019448526443973435,0.0,1
27612,11,30,0.1666666666666666,0.18616041600704195,-0.019493749340375344,0.0,1
27648,3,31,0.8516129032258064,0.8712087673525657,-0.019595864126759288,0.0,1
30636,9,30,1.283333333333333,1.303024821281433,-0.01969148794810005,0.0,1
30636,11,30,1.343333333333333,1.3630818675955136,-0.019748534262180595,0.0,1
23405,2,28,1.2464285714285714,1.2662363154547556,-0.019807744026184126,0.0,1
23711,11,30,0.87,0.8898880807558694,-0.019888080755869453,0.0,1
32165,8,31,0.858064516129032,0.8782654669977003,-0.020200950868668244,0.0,1
32411,10,31,0.7096774193548387,0.7300160823329802,-0.020338662978141464,0.0,1
23724,10,31,0.7774193548387097,0.7978234558576538,-0.020404101018944076,0.0,1
26477,11,30,0.36666666666666664,0.38719912807146717,-0.02053246140480053,0.0,1
22641,6,30,0.9033333333333332,0.9238781611124675,-0.020544827779134245,0.0,1
30372,11,30,2.396666666666667,2.4172389443715407,-0.020572277704873798,0.0,1
32165,1,31,1.0064516129032255,1.027135745171578,-0.020684132268352418,0.0,1
37472,6,30,0.4466666666666667,0.46752990722656257,-0.020863240559895857,0.0,1
31369,4,30,1.3300000000000003,1.351178560157617,-0.021178560157616655,0.0,1
34880,3,31,0.5709677419354837,0.5921656714331719,-0.021197929497688173,0.0,1
27037,5,31,0.6548387096774193,0.6761054931148407,-0.021266783437421388,0.0,1
30823,5,31,0.770967741935484,0.7922803432710709,-0.021312601335586878,0.0,1
37099,9,30,0.7166666666666666,0.7380396779378257,-0.021373011271159092,0.0,1
37472,12,31,0.706451612903226,0.7279235826384638,-0.021471969735237795,0.0,1
23921,9,30,0.9566666666666668,0.9785313320159914,-0.02186466534932463,0.0,1
32165,3,31,0.8483870967741934,0.8702702006986065,-0.02188310392441306,0.0,1
29698,2,28,2.4392857142857145,2.4611875040190556,-0.021901789733341115,0.0,1
32389,5,31,0.5870967741935482,0.6090525142608152,-0.02195574006726697,0.0,1
27199,2,28,0.914285714285714,0.9362880996295381,-0.022002385343824038,0.0,1
34163,1,30,1.0266666666666668,1.0488208784659707,-0.02215421179930388,0.0,1
23804,12,31,0.9451612903225808,0.9673387304429085,-0.02217744012032774,0.0,1
30925,2,28,1.7214285714285715,1.7437125001634872,-0.022283928734915692,0.0,1
27037,7,31,0.36129032258064503,0.3836302603444747,-0.022339937763829698,0.0,1
27823,12,31,0.9838709677419357,1.0063136221901063,-0.022442654448170618,0.0,1
22802,4,30,0.26999999999999996,0.29244761546452835,-0.022447615464528392,0.0,1
28440,9,30,0.6333333333333332,0.6558416970570882,-0.022508363723754976,0.0,1
22602,7,31,0.4387096774193549,0.4612239468482232,-0.022514269428868305,0.0,1
22837,11,30,0.8900000000000002,0.9126728875438371,-0.022672887543836895,0.0,1
28224,1,28,1.025,1.0477487078734804,-0.02274870787348049,0.0,1
22550,8,31,0.40645161290322546,0.4295116916779548,-0.02306007877472932,0.0,1
22602,11,30,1.32,1.3430981334050496,-0.023098133405049515,0.0,1
30230,4,30,1.26,1.2831100354592002,-0.023110035459200207,0.0,1
29838,3,31,1.6677419354838714,1.6908803520664093,-0.023138416582537902,0.0,1
22820,8,31,0.30322580645161296,0.3264962842387539,-0.02327047778714092,0.0,1
30949,11,30,2.0233333333333334,2.046666610961159,-0.023333277627825666,0.0,1
24641,9,30,1.0033333333333334,1.0266990768909456,-0.02336574355761223,0.0,1
26477,10,31,0.42580645161290315,0.44917488790327503,-0.023368436290371886,0.0,1
26477,5,31,0.3516129032258065,0.3750093321646414,-0.023396428938834868,0.0,1
27037,4,30,0.7233333333333333,0.7468012692530951,-0.023467935919761818,0.0,1
31915,2,28,1.3964285714285711,1.4199102929660252,-0.023481721537454092,0.0,1
29263,2,28,1.3571428571428572,1.3806774717888664,-0.023534614646009144,0.0,1
24641,7,31,0.9903225806451614,1.0138668121830112,-0.02354423153784979,0.0,1
22887,8,31,0.641935483870968,0.6655603224231352,-0.023624838552167238,0.0,1
28275,2,28,1.5392857142857141,1.5629787087440492,-0.02369299445833506,0.0,1
24817,9,30,1.1966666666666665,1.2204197176297504,-0.023753050963083888,0.0,1
27037,10,31,0.6451612903225806,0.6691377318674518,-0.02397644154487122,0.0,1
27199,12,31,1.2161290322580647,1.2403834450629443,-0.02425441280487961,0.0,1
27612,4,30,0.2733333333333334,0.2976145855585733,-0.024281252225239913,0.0,1
23884,10,31,1.1032258064516127,1.1275496207898663,-0.02432381433825359,0.0,1
26477,4,30,0.31666666666666676,0.3412001872062685,-0.024533520539601728,0.0,1
29263,10,31,1.0290322580645161,1.0537052439105126,-0.02467298584599642,0.0,1
27037,2,28,0.95,0.9746792112077985,-0.02467921120779859,0.0,1
34172,11,30,0.7633333333333333,0.7880678008993467,-0.024734467566013385,0.0,1
27947,11,30,1.0766666666666667,1.1015041330456734,-0.024837466379006745,0.0,1
24959,4,30,1.393333333333333,1.4181954404215018,-0.024862107088168717,0.0,1
29263,12,31,1.4354838709677424,1.4603667582235023,-0.024882887255759822,0.0,1
33008,12,31,0.19677419354838707,0.222106559935116,-0.02533236638672892,0.0,1
23418,3,31,0.8806451612903224,0.9060633818949423,-0.025418220604619846,0.0,1
27648,1,31,0.8677419354838708,0.8936316759836288,-0.025889740499758007,0.0,1
23884,12,31,2.948387096774194,2.9749984671992644,-0.026611370425070557,0.0,1
31329,7,31,0.674193548387097,0.7008174527075984,-0.026623904320501435,0.0,1
32061,11,30,1.0166666666666666,1.0433338695764542,-0.026667202909787635,0.0,1
31329,8,31,0.5000000000000001,0.5267385236678586,-0.02673852366785845,0.0,1
23631,9,30,0.7066666666666667,0.7334723587830864,-0.0268056921164197,0.0,1
37099,7,26,0.6192307692307693,0.6460368816669168,-0.0268061124361475,0.0,1
23205,3,31,1.109677419354839,1.1365568003346846,-0.026879380979845546,0.0,1
34172,12,31,1.2290322580645159,1.2559476529848914,-0.026915394920375535,0.0,1
29282,9,30,0.9233333333333332,0.9503046433130902,-0.02697130997975694,0.0,1
24966,2,28,2.392857142857143,2.4199962547847202,-0.027139111927577453,0.0,1
27037,1,31,0.7677419354838712,0.7949644853571248,-0.027222549873253676,0.0,1
30777,10,31,1.1322580645161289,1.1594902783331853,-0.027232213817056428,0.0,1
23472,6,30,0.9633333333333333,0.9906085856755575,-0.027275252342224277,0.0,1
34172,5,31,0.8161290322580637,0.843683298172489,-0.027554265914425335,0.0,1
24951,4,30,1.8033333333333335,1.8309997572253147,-0.027666423891981262,0.0,1
34824,5,31,0.7548387096774191,0.782680271517846,-0.027841561840426965,0.0,1
27612,2,28,0.5214285714285717,0.5492963454020876,-0.02786777397351592,0.0,1
34163,9,30,1.5533333333333337,1.5812505976359046,-0.02791726430257091,0.0,1
20891,10,31,1.1096774193548387,1.137949604853507,-0.02827218549866828,0.0,1
25703,1,30,2.52,2.5483419672648115,-0.02834196726481153,0.0,1
27199,9,30,0.7133333333333333,0.7417870791753134,-0.028453745841980127,0.0,1
37472,1,30,0.6966666666666667,0.7251821819941203,-0.028515515327453667,0.0,1
23205,5,31,0.9741935483870966,1.0031759680278838,-0.028982419640787183,0.0,1
24641,4,30,1.1133333333333335,1.1423901081085204,-0.029056774775186867,0.0,1
27612,12,31,0.38387096774193546,0.4132818720033092,-0.029410904261373716,0.0,1
27037,6,30,0.5266666666666667,0.556270872751872,-0.02960420608520531,0.0,1
27823,5,31,0.8419354838709674,0.8715973577191753,-0.029661873848207954,0.0,1
24507,10,31,1.2483870967741937,1.2780491867373065,-0.029662089963112814,0.0,1
23631,11,30,0.7733333333333335,0.8032312313715617,-0.029897898038228177,0.0,1
32411,6,30,0.6566666666666665,0.6865927314758303,-0.02992606480916382,0.0,1
23891,9,30,0.8266666666666665,0.8566604721546173,-0.02999380548795072,0.0,1
23324,4,30,0.9500000000000003,0.9802286615471044,-0.03022866154710413,0.0,1
27947,3,31,1.335483870967742,1.3658754794828354,-0.030391608515093482,0.0,1
31707,11,30,1.3566666666666662,1.3872017339865366,-0.030535067319870324,0.0,1
31253,8,31,0.5483870967741931,0.5790515653548699,-0.03066446858067684,0.0,1
28275,5,31,1.409677419354838,1.4403576820127424,-0.030680262657904356,0.0,1
23955,3,31,1.264516129032258,1.29526304852578,-0.03074691949352193,0.0,1
28224,2,20,1.105,1.1359799939394002,-0.030979993939400208,0.0,1
31388,10,31,0.9483870967741935,0.979434117230196,-0.031047020456002494,0.0,1
30252,10,31,0.9774193548387098,1.0084840378453654,-0.031064683006655658,0.0,1
31960,9,30,0.7166666666666669,0.7478293673197428,-0.031162700653075914,0.0,1
23205,8,31,0.4903225806451614,0.521777472957488,-0.03145489231232662,0.0,1
32411,7,31,0.6161290322580644,0.6478115635533485,-0.03168253129528409,0.0,1
34646,3,31,0.7419354838709676,0.7737603180350797,-0.03182483416411208,0.0,1
26477,8,31,0.3548387096774193,0.3866793786325763,-0.03184066895515697,0.0,1
28138,5,26,1.011538461538461,1.0434105616349436,-0.03187210009648256,0.0,1
28900,11,30,0.46,0.49191160837809245,-0.031911608378092426,0.0,1
22887,12,31,1.3096774193548386,1.3416186194266042,-0.031941200071765596,0.0,1
23711,10,31,0.9548387096774194,0.9869168539201059,-0.03207814424268651,0.0,1
26258,5,31,0.43225806451612886,0.464361846062445,-0.03210378154631616,0.0,1
22887,5,31,0.6870967741935485,0.7192410453673332,-0.03214427117378471,0.0,1
23884,11,30,1.9733333333333334,2.0056101715316372,-0.03227683819830385,0.0,1
27333,12,31,1.5806451612903225,1.613047632911513,-0.03240247162119059,0.0,1
22113,4,30,0.3266666666666667,0.3591077226866037,-0.032441056019936965,0.0,1
23891,3,31,1.5677419354838709,1.6003959471179592,-0.03265401163408832,0.0,1
22802,9,30,0.28666666666666657,0.3194236675898232,-0.03275700092315664,0.0,1
28064,12,31,1.538709677419355,1.5715964596117695,-0.03288678219241459,0.0,1
31960,8,31,0.6290322580645158,0.6619295550930884,-0.03289729702857258,0.0,1
22641,3,31,1.2838709677419355,1.3168162253595166,-0.03294525761758105,0.0,1
30673,2,28,2.1785714285714293,2.2115555831364224,-0.03298415456499315,0.0,1
27648,10,31,0.8258064516129031,0.8591303594650761,-0.033323907852172985,0.0,1
22217,11,30,1.0266666666666666,1.0601126726468404,-0.033446005980173776,0.0,1
22887,2,28,0.9107142857142854,0.9442502192088532,-0.03353593349456785,0.0,1
34880,2,28,0.6357142857142856,0.6692834227212837,-0.03356913700699815,0.0,1
34163,12,31,1.0032258064516126,1.0371292258462599,-0.03390341939464725,0.0,1
28661,11,30,0.9133333333333333,0.9473520874977113,-0.03401875416437794,0.0,1
28411,10,31,0.8903225806451613,0.9244650237021907,-0.034142443057029404,0.0,1
27199,1,31,0.9741935483870968,1.0085639034548113,-0.034370355067714464,0.0,1
22602,10,31,0.3193548387096776,0.3540200715103458,-0.03466523280066819,0.0,1
36034,11,30,1.54,1.5751954500873884,-0.035195450087388336,0.0,1
36034,1,31,2.412903225806452,2.4481761686263552,-0.03527294281990345,0.0,1
23324,7,31,0.7451612903225807,0.7809562006304342,-0.035794910307853534,0.0,1
37472,10,31,0.6064516129032257,0.6423422813415528,-0.03589066843832711,0.0,1
23324,5,31,0.803225806451613,0.8391710490949692,-0.03594524264335619,0.0,1
35121,4,30,0.7866666666666664,0.8226641337076822,-0.03599746704101581,0.0,1
22887,3,31,0.9774193548387099,1.0136064917810501,-0.036187136942340214,0.0,1
28661,2,28,1.15,1.1862661719322205,-0.03626617193222059,0.0,1
29231,12,31,2.325806451612903,2.3622339562062287,-0.036427504593325555,0.0,1
21982,8,31,0.9612903225806453,0.9979410969441936,-0.036650774363548355,0.0,1
32061,2,28,1.182142857142857,1.2189228091921123,-0.03677995204925533,0.0,1
22217,12,31,0.9032258064516129,0.9400433424980409,-0.03681753604642801,0.0,1
32411,8,31,0.6387096774193547,0.6755353250811177,-0.036825647661762995,0.0,1
23418,12,31,1.3548387096774188,1.3917543288200134,-0.03691561914259456,0.0,1
26477,2,28,0.6357142857142859,0.6726802481072289,-0.03696596239294303,0.0,1
27947,9,30,0.9166666666666665,0.9537012322743734,-0.037034565607706904,0.0,1
23631,1,31,0.783870967741936,0.821239742155998,-0.037368774414062056,0.0,1
30230,1,31,1.9516129032258067,1.9891990046347345,-0.03758610140892782,0.0,1
37472,9,30,0.696666666666667,0.7342771593729654,-0.03761049270629846,0.0,1
29282,2,28,1.8357142857142859,1.8734190038272316,-0.037704718112945734,0.0,1
34123,4,30,0.73,0.7679502058029172,-0.03795020580291719,0.0,1
31873,1,31,1.8032258064516125,1.8414852296152429,-0.0382594231636304,0.0,1
28138,9,30,2.0366666666666666,2.0750221188863116,-0.03835545221964498,0.0,1
23724,2,28,1.8178571428571426,1.8562334469386512,-0.038376304081508605,0.0,1
22602,8,31,0.37096774193548404,0.4094076218143586,-0.03843987987887454,0.0,1
24944,10,31,1.0032258064516129,1.0417341938903255,-0.038508387438712655,0.0,1
29263,11,30,1.2266666666666668,1.2655782957871755,-0.03891162912050872,0.0,1
23933,5,31,1.0645161290322582,1.1037610976926744,-0.03924496866041616,0.0,1
23631,2,28,1.2785714285714285,1.3178968872342796,-0.03932545866285109,0.0,1
23921,2,28,1.6500000000000001,1.6901383195604598,-0.04013831956045966,0.0,1
28064,9,30,0.6400000000000001,0.680297873814901,-0.04029787381490091,0.0,1
23405,12,31,1.5580645161290316,1.5984017772059287,-0.04033726107689706,0.0,1
22217,5,31,0.6290322580645158,0.6694408714771272,-0.04040861341261137,0.0,1
22837,9,30,0.7566666666666665,0.7973074849446614,-0.04064081827799493,0.0,1
28493,7,31,0.7516129032258064,0.7923272286691974,-0.04071432544339093,0.0,1
24125,10,31,0.6483870967741936,0.6891307351569976,-0.04074363838280404,0.0,1
22887,9,30,0.7999999999999997,0.841118881702423,-0.04111888170242328,0.0,1
30758,6,30,0.52,0.5615887705485025,-0.04158877054850252,0.0,1
23891,12,31,1.716129032258064,1.7579919415135536,-0.04186290925548963,0.0,1
27823,1,31,0.738709677419355,0.7811943557293666,-0.04248467831001157,0.0,1
22820,11,30,0.22999999999999995,0.2725841974218686,-0.04258419742186867,0.0,1
32098,6,30,0.9700000000000001,1.0126102987925212,-0.042610298792521095,0.0,1
28661,7,31,0.5612903225806448,0.6039353893649194,-0.0426450667842746,0.0,1
27595,5,31,0.6548387096774195,0.6975324323100432,-0.04269372263262372,0.0,1
23804,4,30,0.5433333333333333,0.5867423953612646,-0.04340906202793127,0.0,1
27459,5,31,0.8967741935483866,0.9405532436986123,-0.04377905015022565,0.0,1
29570,8,31,0.6677419354838711,0.7117334796536354,-0.04399154416976436,0.0,1
37472,5,31,0.5967741935483871,0.6410702551564863,-0.04429606160809918,0.0,1
29838,11,30,1.3733333333333329,1.417707189743718,-0.04437385641038505,0.0,1
28434,9,30,1.0333333333333328,1.0779498640696206,-0.044616530736287796,0.0,1
34824,12,31,0.7741935483870966,0.8193496116707403,-0.04515606328364363,0.0,1
34123,7,31,0.4870967741935483,0.5323166631883188,-0.04521988899477053,0.0,1
33008,3,31,0.3096774193548388,0.35543135438234574,-0.045753935027506965,0.0,1
28722,3,31,0.9870967741935485,1.033017793730382,-0.045921019536833474,0.0,1
22802,3,31,0.5,0.5460265156482496,-0.046026515648249555,0.0,1
24125,12,31,0.8258064516129032,0.8718642080983804,-0.046057756485477164,0.0,1
30252,12,31,3.000000000000001,3.0464838166390695,-0.04648381663906864,0.0,1
28722,10,31,0.8838709677419352,0.9304961041577401,-0.0466251364158049,0.0,1
24343,2,28,1.117857142857143,1.164538792201451,-0.04668164934430785,0.0,1
23205,1,30,1.666666666666667,1.713744837443034,-0.047078170776367,0.0,1
22583,9,30,0.5433333333333332,0.5904829247792562,-0.04714959144592301,0.0,1
28411,3,31,1.067741935483871,1.115049281043391,-0.047307345559519876,0.0,1
36034,2,28,1.9749999999999999,2.0225065946578984,-0.04750659465789853,0.0,1
20891,9,30,0.9066666666666668,0.9541776532928147,-0.04751098662614783,0.0,1
24908,2,28,2.942857142857143,2.990402347700936,-0.04754520484379299,0.0,1
22602,3,31,0.5451612903225805,0.5940183829876683,-0.048857092665087754,0.0,1
22641,9,30,0.5533333333333336,0.6022496223449708,-0.04891628901163725,0.0,1
22583,2,28,1.0500000000000003,1.0989976167678837,-0.04899761676788339,0.0,1
27037,8,31,0.33548387096774185,0.3845877801218341,-0.04910390915409224,0.0,1
28698,6,30,0.6233333333333333,0.6725702794392903,-0.04923694610595697,0.0,1
34123,6,30,0.40333333333333343,0.4526348940531415,-0.04930156071980807,0.0,1
34646,5,31,0.7193548387096769,0.7688112074329004,-0.049456368723223565,0.0,1
31594,7,31,0.6870967741935484,0.7367388940626576,-0.04964211986910916,0.0,1
21982,3,31,1.961290322580645,2.0111542117211125,-0.049863889140467466,0.0,1
22820,1,31,0.5612903225806452,0.6112135778511721,-0.04992325527052699,0.0,1
31707,8,31,0.606451612903226,0.6565875022642076,-0.05013588936098157,0.0,1
20891,3,31,1.5064516129032255,1.5569175597160088,-0.05046594681278327,0.0,1
29430,5,31,0.6161290322580647,0.6667715257213962,-0.050642493463331495,0.0,1
21946,3,31,1.7322580645161287,1.7832119972475111,-0.05095393273138238,0.0,1
30758,10,31,0.7838709677419357,0.8351017143457166,-0.05123074660378091,0.0,1
22820,9,30,0.3466666666666667,0.39807464599609366,-0.05140797932942698,0.0,1
27459,9,30,0.783333333333333,0.8348305749893186,-0.05149724165598557,0.0,1
34123,8,31,0.6000000000000004,0.6515040366880355,-0.05150403668803505,0.0,1
34163,4,15,0.6799999999999999,0.731831561724345,-0.05183156172434511,0.0,1
30673,11,30,2.0333333333333337,2.085214122136434,-0.05188078880310032,0.0,1
22641,11,30,0.6566666666666665,0.7086142935355505,-0.05194762686888399,0.0,1
24817,3,31,2.2935483870967746,2.345591405130202,-0.05204301803342748,0.0,1
33008,2,28,0.38214285714285723,0.43428230200495044,-0.05213944486209321,0.0,1
30054,3,31,1.2838709677419358,1.3362577446045418,-0.052386776862606066,0.0,1
33008,11,30,0.20666666666666655,0.25915937225023905,-0.052492705583572496,0.0,1
37099,10,31,0.9580645161290323,1.011371003427813,-0.053306487298780625,0.0,1
24959,6,30,0.9499999999999998,1.0036053339640298,-0.05360533396403,0.0,1
25551,12,31,3.370967741935484,3.424800392889208,-0.05383265095372414,0.0,1
30777,11,30,1.5200000000000002,1.573940624594689,-0.053940624594688735,0.0,1
34646,10,31,0.8870967741935486,0.9414609293783865,-0.05436415518483795,0.0,1
29612,11,30,1.163333333333333,1.2179005635778108,-0.05456723024447774,0.0,1
30372,12,31,2.912903225806452,2.967511041702762,-0.05460781589631036,0.0,1
24817,11,30,2.4200000000000004,2.474708768526712,-0.054708768526711804,0.0,1
28434,2,28,1.7142857142857137,1.7692323480333603,-0.05494663374764652,0.0,1
27459,6,30,0.5666666666666669,0.621742630004883,-0.05507596333821607,0.0,1
26258,2,28,0.9964285714285718,1.0519199209553856,-0.05549134952681378,0.0,1
23955,1,31,1.787096774193548,1.842722369778541,-0.05562559558499314,0.0,1
22802,2,28,0.7500000000000003,0.8058582499091116,-0.05585824990911126,0.0,1
31369,1,31,1.158064516129032,1.2140775372905115,-0.05601302116147955,0.0,1
28064,1,31,1.435483870967742,1.491988903476346,-0.05650503250860406,0.0,1
37472,7,31,0.5290322580645159,0.5858990823068927,-0.05686682424237677,0.0,1
22820,4,30,0.38666666666666655,0.4435555175940196,-0.056888850927353074,0.0,1
20891,12,31,1.7193548387096773,1.776343253351027,-0.05698841464134974,0.0,1
21946,6,30,1.3533333333333337,1.4103240021069845,-0.05699066877365078,0.0,1
28440,12,31,0.5387096774193552,0.5969174433139062,-0.05820776589455101,0.0,1
28411,9,30,0.6433333333333338,0.7015965461730957,-0.05826321283976199,0.0,1
24738,12,31,2.4612903225806453,2.51961478571738,-0.05832446313673456,0.0,1
25563,4,30,2.2933333333333334,2.3520550147692365,-0.05872168143590306,0.0,1
27595,6,30,0.3099999999999997,0.36917339324951154,-0.05917339324951182,0.0,1
32165,7,31,0.6516129032258068,0.7111148957283266,-0.05950199250251986,0.0,1
30777,2,28,1.9464285714285716,2.0061688082558766,-0.059740236827305004,0.0,1
30521,12,31,1.9612903225806448,2.0212998728598315,-0.06000955027918664,0.0,1
23921,4,30,0.8966666666666664,0.9567150962352754,-0.06004842956860901,0.0,1
28661,8,31,1.0806451612903223,1.1410507571312691,-0.060405595840946846,0.0,1
28434,11,30,0.7533333333333334,0.8137578705946605,-0.06042453726132713,0.0,1
29430,8,31,0.5935483870967742,0.6541903649607014,-0.06064197786392722,0.0,1
22550,2,28,0.9821428571428577,1.0430143696921212,-0.060871512549263596,0.0,1
27333,2,19,0.8210526315789473,0.8827559094679982,-0.061703277889050945,0.0,1
23724,12,31,1.1645161290322579,1.2262711555727066,-0.06175502654044873,0.0,1
24944,11,30,1.6866666666666665,1.7486505794525145,-0.06198391278584792,0.0,1
27612,6,30,0.3066666666666667,0.3686877695719402,-0.06202110290527352,0.0,1
31510,7,31,0.6064516129032259,0.6685411883938698,-0.06208957549064387,0.0,1
22602,9,30,0.44666666666666666,0.5088254658381144,-0.06215879917144773,0.0,1
22583,12,31,1.0709677419354837,1.1331688373319564,-0.06220109539647267,0.0,1
22550,1,31,0.9193548387096774,0.9819413955173184,-0.06258655680764103,0.0,1
23405,9,30,0.3633333333333333,0.4269963486989339,-0.0636630153656006,0.0,1
23711,7,31,0.796774193548387,0.8606143459197013,-0.06384015237131435,0.0,1
30758,7,31,0.4677419354838711,0.5317423359040291,-0.06400040042015798,0.0,1
33008,8,31,0.38064516129032233,0.4449014356059411,-0.06425627431561876,0.0,1
23418,9,30,0.3866666666666668,0.4510520966847738,-0.06438543001810698,0.0,1
27459,7,31,0.535483870967742,0.6001703077746973,-0.0646864368069553,0.0,1
23711,8,31,0.8354838709677419,0.9002171916346394,-0.06473332066689752,0.0,1
34646,11,30,0.6666666666666665,0.7322455102205276,-0.06557884355386112,0.0,1
24641,10,31,1.1129032258064513,1.1785034029714523,-0.065600177165001,0.0,1
27823,8,31,0.729032258064516,0.7948756310247603,-0.06584337296024434,0.0,1
23933,11,30,1.14,1.2062343176205952,-0.06623431762059528,0.0,1
34391,4,30,0.5333333333333333,0.6000762653350826,-0.0667429320017493,0.0,1
26258,11,30,0.38666666666666677,0.45354466716448466,-0.06687800049781789,0.0,1
34646,9,30,0.6566666666666667,0.7239844957987466,-0.06731782913207984,0.0,1
27199,5,31,0.8483870967741934,0.915753096918906,-0.06736600014471261,0.0,1
32389,6,30,0.5433333333333332,0.611736609141032,-0.06840327580769878,0.0,1
34880,10,31,0.48064516129032275,0.5491072977742841,-0.06846213648396138,0.0,1
22602,5,31,0.40322580645161304,0.47206164165850606,-0.06883583520689301,0.0,1
30777,12,31,2.245161290322581,2.3141395507320284,-0.06897826040944732,0.0,1
27612,10,31,0.22903225806451602,0.2980967048675783,-0.06906444680306226,0.0,1
29612,1,30,1.5499999999999996,1.619422950744629,-0.06942295074462934,0.0,1
29430,7,31,0.5387096774193549,0.609368582694761,-0.07065890527540608,0.0,1
22820,10,31,0.21935483870967742,0.29007708487972145,-0.07072224617004402,0.0,1
27199,6,30,0.58,0.650798250834147,-0.07079825083414704,0.0,1
34172,9,30,0.6233333333333334,0.6941448338826497,-0.07081150054931629,0.0,1
22217,6,30,0.31666666666666665,0.3874892616271971,-0.07082259496053045,0.0,1
22113,5,31,0.23225806451612907,0.303233363785811,-0.07097529926968194,0.0,1
28275,1,31,1.4806451612903226,1.5518851810886014,-0.07124001979827876,0.0,1
27648,5,31,0.7645161290322583,0.8367092255623112,-0.0721930965300529,0.0,1
34139,9,30,0.9433333333333334,1.0157057030995689,-0.07237236976623551,0.0,1
24738,2,28,2.0071428571428567,2.0799114772251674,-0.07276862008231078,0.0,1
29612,9,30,0.6633333333333336,0.7361524152755737,-0.07281908194224018,0.0,1
24738,6,30,0.9633333333333335,1.0365980466206868,-0.07326471328735329,0.0,1
28138,1,27,1.0296296296296297,1.1030134059764722,-0.07338377634684257,0.0,1
23405,7,31,0.6419354838709678,0.7160024519889586,-0.07406696811799085,0.0,1
28064,11,30,0.6666666666666666,0.740913482705752,-0.07424681603908534,0.0,1
31707,7,31,0.532258064516129,0.6070425956479966,-0.07478453113186756,0.0,1
26477,6,30,0.29666666666666697,0.3716211636861166,-0.07495449701944962,0.0,1
34009,3,31,1.1806451612903224,1.2560016682071071,-0.07535650691678475,0.0,1
28661,6,30,0.48000000000000026,0.5560161018371583,-0.07601610183715807,0.0,1
37472,3,31,0.5096774193548387,0.587244052463962,-0.07756663310912337,0.0,1
29231,11,30,1.4333333333333336,1.5110400426387787,-0.0777067093054451,0.0,1
29430,9,30,0.42000000000000004,0.49773295084635405,-0.07773295084635401,0.0,1
30393,1,30,1.6233333333333329,1.7013568751017252,-0.07802354176839232,0.0,1
35121,11,30,0.56,0.6393020806709926,-0.07930208067099254,0.0,1
31388,12,31,1.525806451612903,1.6057360987509448,-0.07992964713804174,0.0,1
22837,1,31,1.1903225806451614,1.2710002947238184,-0.08067771407865698,0.0,1
24944,12,31,2.3064516129032255,2.387368405249811,-0.08091679234658544,0.0,1
27823,4,30,0.9066666666666664,0.9882221325238547,-0.08155546585718831,0.0,1
28138,2,18,0.833333333333333,0.9152217308680216,-0.08188839753468857,0.0,1
28661,5,31,0.7903225806451615,0.8725273686070598,-0.08220478796189834,0.0,1
27595,9,30,0.3866666666666668,0.46925315856933575,-0.08258649190266892,0.0,1
28698,11,30,1.1066666666666667,1.1892600802580513,-0.08259341359138461,0.0,1
30230,12,31,1.6064516129032262,1.6890520772626323,-0.08260046435940605,0.0,1
22802,7,31,0.20645161290322553,0.28930760045205356,-0.08285598754882803,0.0,1
24959,2,28,1.1857142857142853,1.2686341558183938,-0.0829198701041085,0.0,1
34009,7,31,0.7290322580645162,0.8120617897279802,-0.08302953166346394,0.0,1
28698,4,30,0.7933333333333332,0.8770488365242879,-0.08371550319095467,0.0,1
37031,5,31,0.8580645161290327,0.9422517714961886,-0.08418725536715588,0.0,1
27612,7,31,0.3806451612903224,0.46511347370762984,-0.08446831241730746,0.0,1
30252,1,31,2.2612903225806456,2.3460357173796624,-0.08474539479901688,0.0,1
23324,3,31,1.270967741935484,1.3560656305282348,-0.08509788859275091,0.0,1
23324,9,30,0.3799999999999999,0.4652757946650186,-0.08527579466501872,0.0,1
28698,9,30,0.6799999999999999,0.7653389787673949,-0.08533897876739494,0.0,1
31388,1,31,2.2387096774193553,2.32420159616778,-0.08549191874842466,0.0,1
27595,2,28,1.65,1.7357788400990626,-0.08577884009906267,0.0,1
22583,5,31,0.8806451612903226,0.9667236714593824,-0.08607851016905987,0.0,1
29282,12,31,2.0999999999999996,2.1862049733438798,-0.08620497334388011,0.0,1
26258,3,31,0.5870967741935482,0.6739095482134049,-0.08681277401985665,0.0,1
27595,8,31,0.41612903225806425,0.5030143491683466,-0.0868853169102824,0.0,1
22802,1,31,0.31612903225806455,0.4035166352025926,-0.08738760294452808,0.0,1
23955,12,31,2.1032258064516123,2.190666021839265,-0.08744021538765256,0.0,1
30230,9,30,0.7566666666666667,0.8443829154968262,-0.0877162488301595,0.0,1
28698,1,31,1.4870967741935486,1.5749455359674263,-0.08784876177387768,0.0,1
31329,1,31,1.8258064516129036,1.914204455960182,-0.08839800434727851,0.0,1
31329,12,31,1.093548387096774,1.1822742092993948,-0.08872582220262082,0.0,1
31416,12,31,2.6354838709677426,2.724417215777981,-0.08893334481023851,0.0,1
34172,6,30,0.7733333333333335,0.862996457417806,-0.08966312408447241,0.0,1
24125,5,31,0.5645161290322579,0.6542642616456554,-0.08974813261339754,0.0,1
35121,1,31,1.4129032258064522,1.5031800777681414,-0.09027685196168922,0.0,1
30372,1,31,1.835483870967742,1.9259162533667784,-0.0904323823990365,0.0,1
23711,5,31,0.8322580645161293,0.9228840627977924,-0.09062599828166318,0.0,1
22820,2,28,0.9857142857142855,1.0763541115181787,-0.09063982580389318,0.0,1
26477,7,31,0.2774193548387097,0.36812606319304414,-0.09070670835433442,0.0,1
22217,7,31,0.34838709677419305,0.4397771650745019,-0.09139006830030882,0.0,1
28493,6,30,0.7033333333333329,0.7949757448832191,-0.09164241154988617,0.0,1
32389,8,31,0.5064516129032259,0.5985516086701423,-0.09209999576691641,0.0,1
34391,5,31,0.5580645161290319,0.6501792107858964,-0.0921146946568645,0.0,1
26258,1,31,0.5258064516129033,0.6181741566427292,-0.09236770502982594,0.0,1
32165,6,30,0.9200000000000003,1.0124376551310221,-0.09243765513102187,0.0,1
26477,1,30,0.42333333333333323,0.5159686224410932,-0.09263528910775998,0.0,1
23711,9,30,0.5933333333333333,0.6865096426010133,-0.09317630926768006,0.0,1
31960,7,31,0.7225806451612904,0.8158181159727036,-0.0932374708114132,0.0,1
33008,9,30,0.5233333333333334,0.6166413370768229,-0.09330800374348946,0.0,1
22802,6,30,0.33333333333333304,0.4269098536173503,-0.09357652028401725,0.0,1
34880,5,31,0.45483870967741946,0.5485091240175308,-0.09367041434011136,0.0,1
22820,7,31,0.3322580645161292,0.4260546161282445,-0.09379655161211531,0.0,1
24125,3,31,0.6032258064516126,0.6974078639861077,-0.09418205753449505,0.0,1
24125,4,29,0.5827586206896551,0.6772535681724547,-0.09449494748279963,0.0,1
27333,9,30,1.1300000000000001,1.22475804011027,-0.09475804011026989,0.0,1
30054,9,30,0.5966666666666666,0.6919430605570475,-0.0952763938903809,0.0,1
34391,8,31,1.2709677419354832,1.3664795783258255,-0.09551183639034222,0.0,1
27648,9,30,0.9800000000000002,1.0775709692637128,-0.09757096926371256,0.0,1
23324,12,31,1.4548387096774191,1.5525351370534588,-0.09769642737603967,0.0,1
30758,11,30,0.9366666666666669,1.034796804189682,-0.09813013752301514,0.0,1
23472,3,31,2.4935483870967747,2.5921020477048815,-0.09855366060810677,0.0,1
27595,4,30,0.6100000000000001,0.7092569009462993,-0.09925690094629924,0.0,1
37099,8,31,0.4387096774193549,0.5382729684152914,-0.09956329099593647,0.0,1
34861,6,30,0.5199999999999996,0.6209330876668292,-0.10093308766682962,0.0,1
20674,5,31,0.5516129032258065,0.6532233183422395,-0.10161041511643298,0.0,1
32389,9,30,0.49999999999999983,0.6033960564931232,-0.10339605649312339,0.0,1
35121,10,31,0.6451612903225806,0.7491180658340455,-0.10395677551146487,0.0,1
23472,2,28,1.403571428571429,1.507571833474296,-0.1040004049028671,0.0,1
21982,4,30,1.3766666666666671,1.483203976949056,-0.10653731028238878,0.0,1
23324,1,31,2.061290322580646,2.167991699710969,-0.10670137713032313,0.0,1
26477,9,30,0.3033333333333333,0.4106152725219727,-0.10728193918863943,0.0,1
24125,7,31,0.6032258064516127,0.7116806953184067,-0.108454888866794,0.0,1
23205,7,31,0.6677419354838707,0.7780658414286951,-0.11032390594482433,0.0,1
24966,12,31,2.2193548387096778,2.329729867750599,-0.11037502904092111,0.0,1
30823,6,30,0.41999999999999993,0.5306660016377768,-0.11066600163777685,0.0,1
31532,1,31,1.7838709677419353,1.8955823590678553,-0.11171139132592,0.0,1
28224,9,30,1.2600000000000002,1.3718209171295166,-0.11182091712951636,0.0,1
34646,4,30,1.1400000000000001,1.2519461218516037,-0.11194612185160357,0.0,1
24507,12,31,2.254838709677419,2.3668609680667996,-0.11202225838938062,0.0,1
34009,9,30,0.6033333333333332,0.7162326558430989,-0.11289932250976575,0.0,1
23933,1,31,1.670967741935484,1.7841770418228642,-0.11320929988738015,0.0,1
28411,4,30,1.1900000000000004,1.3035327162345252,-0.11353271623452477,0.0,1
27459,2,28,1.3035714285714286,1.4181329403604779,-0.11456151178904928,0.0,1
31253,12,3,1.733333333333335,1.8484277725219738,-0.11509443918863882,0.0,0
29570,9,30,0.9566666666666666,1.0725943104426066,-0.11592764377594,0.0,1
21946,2,28,1.5178571428571426,1.6340956415448866,-0.11623849868774405,0.0,1
31532,12,31,2.3096774193548386,2.4271376855911746,-0.11746026623633599,0.0,1
25563,11,30,2.3466666666666662,2.4661725441614797,-0.11950587749481345,0.0,1
24266,3,31,3.4096774193548383,3.531619059654974,-0.12194164030013566,0.0,1
20891,4,30,1.6266666666666667,1.7492524698376652,-0.12258580317099854,0.0,1
30758,2,28,1.3249999999999997,1.448153127942766,-0.12315312794276623,0.0,1
24125,2,28,0.6142857142857141,0.73750935963222,-0.12322364534650587,0.0,1
31915,7,31,0.4258064516129032,0.5491280832598283,-0.12332163164692511,0.0,1
33008,4,30,0.49,0.613987013498942,-0.12398701349894203,0.0,1
33008,10,31,0.2838709677419353,0.40837530628327395,-0.12450433854133863,0.0,1
34880,4,30,0.5166666666666665,0.6412317975362141,-0.12456513086954757,0.0,1
27333,1,18,0.5222222222222221,0.6473140108269742,-0.125091788604752,0.0,1
23804,9,30,0.4333333333333333,0.5585889418919882,-0.12525560855865486,0.0,1
29838,12,31,1.2225806451612906,1.3482150946894003,-0.12563444952810965,0.0,1
34009,6,30,0.6633333333333336,0.7892560450236004,-0.1259227116902668,0.0,1
20674,2,28,0.8000000000000005,0.9267760208674843,-0.12677602086748385,0.0,1
24817,12,31,2.803225806451613,2.931362482809251,-0.12813667635763792,0.0,1
22113,7,31,0.4774193548387095,0.6060664607632543,-0.1286471059245448,0.0,1
27648,4,30,0.9433333333333334,1.0723063387473424,-0.12897300541400902,0.0,1
28493,9,30,0.6499999999999999,0.7795080312093102,-0.12950803120931031,0.0,1
34391,9,30,1.1300000000000003,1.2642694473266602,-0.1342694473266599,0.0,1
27037,9,30,0.4466666666666667,0.5818867222468059,-0.13522005558013922,0.0,1
23472,1,31,2.3451612903225802,2.480550987489762,-0.13538969716718174,0.0,1
37031,4,30,0.8333333333333331,0.9688232135772705,-0.13548988024393738,0.0,1
34824,7,31,0.864516129032258,1.0015972998834424,-0.13708117085118432,0.0,1
28900,8,31,0.6,0.7371764890609248,-0.13717648906092483,0.0,1
31873,7,31,0.44838709677419336,0.5880774098057903,-0.1396903130315969,0.0,1
20674,4,30,1.2633333333333332,1.4052417333920795,-0.14190840005874628,0.0,1
26258,4,30,0.6633333333333332,0.8061546985308328,-0.14282136519749955,0.0,1
30054,12,31,1.9129032258064522,2.0566832480892057,-0.14378002228275344,0.0,1
22217,8,31,0.28709677419354857,0.4332123294953377,-0.14611555530178916,0.0,1
25551,1,30,2.386666666666667,2.533639297485351,-0.14697263081868384,0.0,1
22820,6,30,0.35333333333333317,0.5009447097778319,-0.14761137644449873,0.0,1
27947,5,31,1.1516129032258056,1.305179632863691,-0.15356672963788554,0.0,1
27823,9,30,0.8833333333333333,1.0400696436564127,-0.15673631032307944,0.0,1
28698,7,31,0.5580645161290324,0.7170056312314926,-0.15894111510246023,0.0,1
27947,4,30,1.1466666666666663,1.310421880086263,-0.16375521341959676,0.0,1
34172,7,31,0.7032258064516126,0.8681760480326988,-0.16495024158108618,0.0,1
24951,2,28,1.857142857142857,2.0233224051339285,-0.16617954799107149,0.0,1
28440,2,28,1.1,1.2721807835889714,-0.17218078358897126,0.0,1
24951,1,31,2.5935483870967744,2.76596433577999,-0.17241594868321553,0.0,1
34009,4,30,1.1300000000000001,1.3027601957321167,-0.17276019573211654,0.0,1
24817,1,31,1.6516129032258067,1.8269714909215127,-0.175358587695706,0.0,1
20674,1,31,1.5354838709677419,1.7124440223939958,-0.176960151426254,0.0,1
24125,11,30,0.6266666666666656,0.8052895991007484,-0.17862293243408278,0.0,1
24966,1,10,1.7500000000000013,1.9295628356933583,-0.17956283569335696,0.0,0
34824,8,31,0.6580645161290325,0.840328868742912,-0.18226435261387952,0.0,1
24688,2,28,1.485714285714287,1.6699786458696646,-0.1842643601553775,0.0,1
24944,1,30,1.6733333333333327,1.8598933029174807,-0.186559969584148,0.0,1
24343,12,31,2.103225806451614,2.2903486928632186,-0.18712288641160457,0.0,1
20674,10,31,0.4483870967741936,0.6365680777257489,-0.18818098095155528,0.0,1
37099,11,30,0.8933333333333332,1.0863133207956954,-0.19297998746236222,0.0,1
34009,5,31,1.080645161290323,1.2741081760775659,-0.19346301478724293,0.0,1
26258,7,31,0.7709677419354845,0.9659497168756304,-0.1949819749401459,0.0,1
22217,9,30,0.2733333333333332,0.477482639948527,-0.20414930661519382,0.0,1
23891,1,30,2.3100000000000005,2.516493136088054,-0.2064931360880533,0.0,1
26258,6,30,0.8733333333333332,1.0814541308085126,-0.20812079747517942,0.0,1
24125,9,30,0.4200000000000001,0.6331867826978365,-0.21318678269783636,0.0,1
20674,12,31,1.1,1.3163240678848755,-0.21632406788487546,0.0,1
20674,6,30,0.4566666666666668,0.6769758671522139,-0.22030920048554714,0.0,1
28411,5,31,1.1483870967741938,1.3702498774374685,-0.2218627806632747,0.0,1
24738,1,30,1.9833333333333347,2.2086220486958825,-0.2252887153625478,0.0,1
34880,6,30,0.20666666666666642,0.43664468129475875,-0.22997801462809234,0.0,1
28493,5,31,1.3032258064516127,1.5547662273530034,-0.2515404209013907,0.0,1
34880,7,31,0.2838709677419355,0.5386655376803486,-0.25479456993841315,0.0,1
24908,12,31,2.7935483870967746,3.048390286968601,-0.25484189987182626,0.0,1
20674,11,30,0.7333333333333331,0.991467253367106,-0.2581339200337729,0.0,1
34391,6,30,0.8166666666666667,1.0934630457560222,-0.2767963790893555,0.0,1
20674,8,31,0.458064516129032,0.7455845479042298,-0.2875200317751978,0.0,1
34646,7,31,0.6548387096774195,0.9470559766215664,-0.29221726694414685,0.0,1
25703,12,31,3.6774193548387104,3.9712315344041396,-0.29381217956542915,0.0,1
34646,8,31,0.8516129032258065,1.1608450120495215,-0.309232108823715,0.0,1
20674,3,31,1.0129032258064519,1.323399906773721,-0.3104966809672691,0.0,1
24959,1,31,1.2032258064516133,1.5175127583165327,-0.3142869518649194,0.0,1
28224,6,1,0.5,0.8145603179931626,-0.31456031799316264,0.0,0
20674,9,30,0.4566666666666668,0.7716501729687055,-0.31498350630203875,0.0,1
37099,12,31,1.2516129032258065,1.5910209032797045,-0.33940800005389793,0.0,1
35121,12,31,0.5935483870967743,0.9463502257281252,-0.35280183863135095,0.0,1
24125,1,31,0.6354838709677414,1.0432580886348608,-0.4077742176671194,0.0,1
24641,1,30,1.7266666666666672,2.142251701354981,-0.41558503468831387,0.0,1
20674,7,31,0.6129032258064514,1.0295591496652174,-0.41665592385876604,0.0,1
35121,2,28,1.114285714285714,1.5385406223790985,-0.4242549080933844,0.0,1
37472,8,31,0.4709677419354838,0.9038723853326612,-0.43290464339717744,0.0,1
34861,7,31,0.49354838709677423,0.9668021171323712,-0.47325373003559695,0.0,1
28440,1,31,1.0935483870967742,1.5970409900911393,-0.5034926029943652,0.0,1
24266,2,28,1.832142857142857,2.3446473257882254,-0.5125044686453684,0.0,1
24507,1,30,2.086666666666667,2.6432275136311847,-0.5565608469645178,0.0,1
24266,12,31,1.55483870967742,2.1386262955204134,-0.5837875858429933,0.0,1
34880,8,31,0.3258064516129035,0.9272950080133255,-0.601488556400422,0.0,1
24343,1,31,1.641935483870968,2.2739897697202616,-0.6320542858492935,0.0,1
24688,1,31,1.4258064516129036,2.065838549214024,-0.6400320976011202,0.0,1
34861,8,31,0.32903225806451597,1.094642540716356,-0.7656102826518401,0.0,1
24266,1,31,2.0774193548387094,3.215560986918788,-1.1381416320800786,0.0,1
24688,12,31,1.3000000000000005,2.9927240433231472,-1.6927240433231467,0.0,1
